;CASE_1_A1_2013_P3;CASE_1_A1_2013_P4;CASE_1_A1_2014_P2;CASE_1_A1_2014_P3;CASE_1_A1_2014_P4;CASE_1_A1_2015_P1;CASE_1_A1_2015_P2;CASE_1_A1_2015_P3;CASE_1_A1_2015_P4;CASE_1_A1_2016_P1;CASE_1_A1_2016_P2;CASE_1_A1_2016_P3;CASE_1_A1_2016_P4;CASE_1_A1_2017_P1;CASE_1_A1_2017_P2;CASE_1_A1_2017_P3;CASE_1_A1_2017_P4;CASE_1_A1_2018_P1;CASE_1_A1_2018_P2;CASE_1_A1_2018_P3;CASE_1_A1_2018_P4;CASE_1_A1_2019_P1;CASE_1_A1_2019_P2;CASE_1_A1_2019_P3;CASE_1_A1_2019_P4;CASE_1_A2_2014_P2;CASE_1_A2_2014_P3;CASE_1_A2_2014_P4;CASE_1_A2_2015_P1;CASE_1_A2_2015_P2;CASE_1_A2_2015_P3;CASE_1_A2_2015_P4;CASE_1_A2_2016_P1;CASE_1_A2_2016_P2;CASE_1_A2_2016_P3;CASE_1_A2_2016_P4;CASE_1_A2_2017_P1;CASE_1_A2_2017_P2;CASE_1_A2_2017_P3;CASE_1_A2_2017_P4;CASE_1_A2_2018_P1;CASE_1_A2_2018_P2;CASE_1_A2_2018_P3;CASE_1_A2_2018_P4;CASE_1_A2_2019_P1;CASE_1_A2_2019_P2;CASE_1_A2_2019_P3;CASE_1_A2_2019_P4;CASE_1_A3_2013_P3;CASE_1_A3_2013_P4;CASE_1_A3_2014_P4;CASE_1_A3_2015_P1;CASE_1_A3_2015_P2;CASE_1_A3_2015_P3;CASE_1_A3_2015_P4;CASE_1_A3_2016_P1;CASE_1_A3_2016_P2;CASE_1_A3_2016_P3;CASE_1_A3_2016_P4;CASE_1_A3_2017_P1;CASE_1_A3_2017_P2;CASE_1_A3_2017_P3;CASE_1_A3_2017_P4;CASE_1_A3_2018_P1;CASE_1_A3_2018_P2;CASE_1_A3_2018_P3;CASE_1_A3_2018_P4;CASE_1_A3_2019_P1;CASE_1_A3_2019_P2;CASE_1_A3_2019_P3;CASE_1_A3_2019_P4;CASE_1_A4_2013_P3;CASE_1_A4_2013_P4;CASE_1_A4_2014_P2;CASE_1_A4_2014_P3;CASE_1_A4_2015_P2;CASE_1_A4_2015_P3;CASE_1_A4_2015_P4;CASE_1_A4_2016_P1;CASE_1_A4_2016_P2;CASE_1_A4_2016_P3;CASE_1_A4_2016_P4;CASE_1_A4_2017_P1;CASE_1_A4_2017_P2;CASE_1_A4_2017_P3;CASE_1_A4_2017_P4;CASE_1_A4_2018_P1;CASE_1_A4_2018_P2;CASE_1_A4_2018_P3;CASE_1_A4_2018_P4;CASE_1_A4_2019_P1;CASE_1_A4_2019_P2;CASE_1_A4_2019_P3;CASE_1_A4_2019_P4;CASE_1_A5_2013_P3;CASE_1_A5_2013_P4;CASE_1_A5_2014_P2;CASE_1_A5_2014_P3;CASE_1_A5_2014_P4;CASE_1_A5_2015_P1;CASE_1_A5_2015_P2;CASE_1_A5_2015_P3;CASE_1_A5_2015_P4;CASE_1_A5_2016_P1;CASE_1_A5_2016_P2;CASE_1_A5_2016_P3;CASE_1_A5_2016_P4;CASE_1_A5_2017_P1;CASE_1_A5_2017_P2;CASE_1_A5_2017_P3;CASE_1_A5_2017_P4;CASE_1_A5_2018_P1;CASE_1_A5_2018_P2;CASE_1_A5_2018_P3;CASE_1_A5_2018_P4;CASE_1_A5_2019_P1;CASE_1_A5_2019_P2;CASE_1_A5_2019_P3;CASE_1_A5_2019_P4;CASE_1_A6_2013_P3;CASE_1_A6_2013_P4;CASE_1_A6_2014_P1;CASE_1_A6_2014_P2;CASE_1_A6_2014_P3;CASE_1_A6_2014_P4;CASE_1_A6_2015_P1;CASE_1_A6_2015_P2;CASE_1_A6_2015_P3;CASE_1_A6_2015_P4;CASE_1_A6_2016_P1;CASE_1_A6_2016_P2;CASE_1_A6_2016_P3;CASE_1_A6_2016_P4;CASE_1_A6_2017_P1;CASE_1_A6_2017_P2;CASE_1_A6_2017_P3;CASE_1_A6_2017_P4;CASE_1_A6_2018_P1;CASE_1_A6_2018_P2;CASE_1_A6_2018_P3;CASE_1_A6_2018_P4;CASE_1_A6_2019_P1;CASE_1_A6_2019_P2;CASE_1_A6_2019_P3;CASE_1_A6_2019_P4;CASE_1_B1_2013_P3;CASE_1_B1_2013_P4;CASE_1_B1_2014_P2;CASE_1_B1_2014_P3;CASE_1_B1_2014_P4;CASE_1_B1_2015_P1;CASE_1_B1_2015_P2;CASE_1_B1_2015_P3;CASE_1_B1_2015_P4;CASE_1_B1_2016_P1;CASE_1_B1_2016_P2;CASE_1_B1_2016_P3;CASE_1_B1_2016_P4;CASE_1_B1_2017_P1;CASE_1_B1_2017_P2;CASE_1_B1_2017_P3;CASE_1_B1_2017_P4;CASE_1_B1_2018_P1;CASE_1_B1_2018_P2;CASE_1_B1_2018_P3;CASE_1_B1_2018_P4;CASE_1_B1_2019_P1;CASE_1_B1_2019_P2;CASE_1_B1_2019_P3;CASE_1_B1_2019_P4;CASE_1_B2_2013_P3;CASE_1_B2_2013_P4;CASE_1_B2_2014_P2;CASE_1_B2_2014_P3;CASE_1_B2_2014_P4;CASE_1_B2_2015_P1;CASE_1_B2_2015_P2;CASE_1_B2_2015_P3;CASE_1_B2_2015_P4;CASE_1_B2_2016_P1;CASE_1_B2_2016_P2;CASE_1_B2_2016_P3;CASE_1_B2_2016_P4;CASE_1_B2_2017_P1;CASE_1_B2_2017_P2;CASE_1_B2_2017_P3;CASE_1_B2_2017_P4;CASE_1_B2_2018_P1;CASE_1_B2_2018_P2;CASE_1_B2_2018_P3;CASE_1_B2_2018_P4;CASE_1_B2_2019_P1;CASE_1_B2_2019_P2;CASE_1_B2_2019_P3;CASE_1_B2_2019_P4;CASE_1_B3_2013_P3;CASE_1_B3_2013_P4;CASE_1_B3_2014_P2;CASE_1_B3_2014_P3;CASE_1_B3_2014_P4;CASE_1_B3_2015_P1;CASE_1_B3_2015_P2;CASE_1_B3_2015_P3;CASE_1_B3_2015_P4;CASE_1_B3_2016_P1;CASE_1_B3_2016_P2;CASE_1_B3_2016_P3;CASE_1_B3_2016_P4;CASE_1_B3_2017_P1;CASE_1_B3_2017_P2;CASE_1_B3_2017_P3;CASE_1_B3_2017_P4;CASE_1_B3_2018_P1;CASE_1_B3_2018_P2;CASE_1_B3_2018_P3;CASE_1_B3_2018_P4;CASE_1_B3_2019_P1;CASE_1_B3_2019_P2;CASE_1_B3_2019_P3;CASE_1_B3_2019_P4;CASE_1_B4_2013_P3;CASE_1_B4_2013_P4;CASE_1_B4_2014_P2;CASE_1_B4_2014_P3;CASE_1_B4_2014_P4;CASE_1_B4_2015_P1;CASE_1_B4_2015_P2;CASE_1_B4_2015_P3;CASE_1_B4_2015_P4;CASE_1_B4_2016_P1;CASE_1_B4_2016_P2;CASE_1_B4_2016_P3;CASE_1_B4_2016_P4;CASE_1_B4_2017_P1;CASE_1_B4_2017_P2;CASE_1_B4_2017_P3;CASE_1_B4_2017_P4;CASE_1_B4_2018_P1;CASE_1_B4_2018_P2;CASE_1_B4_2018_P3;CASE_1_B4_2018_P4;CASE_1_B4_2019_P1;CASE_1_B4_2019_P2;CASE_1_B4_2019_P3;CASE_1_B4_2019_P4;CASE_1_B5_2014_P1;CASE_1_B5_2014_P2;CASE_1_B5_2014_P3;CASE_1_B5_2014_P4;CASE_1_B5_2015_P1;CASE_1_B5_2015_P2;CASE_1_B5_2015_P3;CASE_1_B5_2015_P4;CASE_1_B5_2016_P1;CASE_1_B5_2016_P2;CASE_1_B5_2016_P3;CASE_1_B5_2016_P4;CASE_1_B5_2017_P1;CASE_1_B5_2017_P2;CASE_1_B5_2017_P3;CASE_1_B5_2017_P4;CASE_1_B5_2018_P1;CASE_1_B5_2018_P2;CASE_1_B5_2018_P3;CASE_1_B5_2018_P4;CASE_1_B5_2019_P1;CASE_1_B5_2019_P2;CASE_1_B5_2019_P3;CASE_1_B5_2019_P4;CASE_1_B6_2013_P3;CASE_1_B6_2013_P4;CASE_1_B6_2014_P3;CASE_1_B6_2014_P4;CASE_1_B6_2015_P1;CASE_1_B6_2015_P2;CASE_1_B6_2015_P3;CASE_1_B6_2015_P4;CASE_1_B6_2016_P1;CASE_1_B6_2016_P2;CASE_1_B6_2016_P3;CASE_1_B6_2016_P4;CASE_1_B6_2017_P1;CASE_1_B6_2017_P2;CASE_1_B6_2017_P3;CASE_1_B6_2017_P4;CASE_1_B6_2018_P1;CASE_1_B6_2018_P2;CASE_1_B6_2018_P3;CASE_1_B6_2018_P4;CASE_1_B6_2019_P1;CASE_1_B6_2019_P2;CASE_1_B6_2019_P3;CASE_1_B6_2019_P4;CASE_2_C1_2013_P3;CASE_2_C1_2013_P4;CASE_2_C1_2014_P2;CASE_2_C1_2014_P3;CASE_2_C1_2015_P2;CASE_2_C1_2015_P3;CASE_2_C1_2015_P4;CASE_2_C1_2016_P1;CASE_2_C1_2016_P2;CASE_2_C1_2016_P3;CASE_2_C1_2016_P4;CASE_2_C1_2017_P1;CASE_2_C1_2017_P2;CASE_2_C1_2017_P3;CASE_2_C1_2017_P4;CASE_2_C1_2018_P1;CASE_2_C1_2018_P2;CASE_2_C1_2018_P3;CASE_2_C1_2018_P4;CASE_2_C1_2019_P1;CASE_2_C1_2019_P2;CASE_2_C1_2019_P3;CASE_2_C1_2019_P4;CASE_2_C2_2014_P2;CASE_2_C2_2014_P3;CASE_2_C2_2014_P4;CASE_2_C2_2015_P1;CASE_2_C2_2015_P2;CASE_2_C2_2015_P3;CASE_2_C2_2015_P4;CASE_2_C2_2016_P1;CASE_2_C2_2016_P2;CASE_2_C2_2016_P3;CASE_2_C2_2016_P4;CASE_2_C2_2017_P1;CASE_2_C2_2017_P2;CASE_2_C2_2017_P3;CASE_2_C2_2017_P4;CASE_2_C2_2018_P1;CASE_2_C2_2018_P2;CASE_2_C2_2018_P3;CASE_2_C2_2018_P4;CASE_2_C2_2019_P1;CASE_2_C2_2019_P2;CASE_2_C2_2019_P3;CASE_2_C2_2019_P4;CASE_2_C3_2013_P3;CASE_2_C3_2013_P4;CASE_2_C3_2014_P4;CASE_2_C3_2015_P1;CASE_2_C3_2015_P2;CASE_2_C3_2015_P3;CASE_2_C3_2015_P4;CASE_2_C3_2016_P1;CASE_2_C3_2016_P2;CASE_2_C3_2016_P3;CASE_2_C3_2016_P4;CASE_2_C3_2017_P1;CASE_2_C3_2017_P2;CASE_2_C3_2017_P3;CASE_2_C3_2017_P4;CASE_2_C3_2018_P1;CASE_2_C3_2018_P2;CASE_2_C3_2018_P3;CASE_2_C3_2018_P4;CASE_2_C3_2019_P1;CASE_2_C3_2019_P2;CASE_2_C3_2019_P3;CASE_2_C3_2019_P4;CASE_2_C4_2013_P3;CASE_2_C4_2013_P4;CASE_2_C4_2014_P2;CASE_2_C4_2014_P3;CASE_2_C4_2014_P4;CASE_2_C4_2015_P1;CASE_2_C4_2015_P2;CASE_2_C4_2015_P3;CASE_2_C4_2015_P4;CASE_2_C4_2016_P1;CASE_2_C4_2016_P2;CASE_2_C4_2016_P3;CASE_2_C4_2016_P4;CASE_2_C4_2017_P1;CASE_2_C4_2017_P2;CASE_2_C4_2017_P3;CASE_2_C4_2017_P4;CASE_2_C4_2018_P1;CASE_2_C4_2018_P2;CASE_2_C4_2018_P3;CASE_2_C4_2018_P4;CASE_2_C4_2019_P1;CASE_2_C4_2019_P2;CASE_2_C4_2019_P3;CASE_2_C4_2019_P4;CASE_2_C5_2013_P3;CASE_2_C5_2013_P4;CASE_2_C5_2014_P2;CASE_2_C5_2014_P3;CASE_2_C5_2014_P4;CASE_2_C5_2015_P1;CASE_2_C5_2015_P2;CASE_2_C5_2015_P3;CASE_2_C5_2015_P4;CASE_2_C5_2016_P1;CASE_2_C5_2016_P2;CASE_2_C5_2016_P3;CASE_2_C5_2016_P4;CASE_2_C5_2017_P1;CASE_2_C5_2017_P2;CASE_2_C5_2017_P3;CASE_2_C5_2017_P4;CASE_2_C5_2018_P1;CASE_2_C5_2018_P2;CASE_2_C5_2018_P3;CASE_2_C5_2018_P4;CASE_2_C5_2019_P1;CASE_2_C5_2019_P2;CASE_2_C5_2019_P3;CASE_2_C5_2019_P4;CASE_2_C6_2013_P3;CASE_2_C6_2013_P4;CASE_2_C6_2014_P2;CASE_2_C6_2014_P3;CASE_2_C6_2014_P4;CASE_2_C6_2015_P1;CASE_2_C6_2015_P2;CASE_2_C6_2015_P3;CASE_2_C6_2015_P4;CASE_2_C6_2016_P1;CASE_2_C6_2016_P2;CASE_2_C6_2016_P3;CASE_2_C6_2016_P4;CASE_2_C6_2017_P1;CASE_2_C6_2017_P2;CASE_2_C6_2017_P3;CASE_2_C6_2017_P4;CASE_2_C6_2018_P1;CASE_2_C6_2018_P2;CASE_2_C6_2018_P3;CASE_2_C6_2018_P4;CASE_2_C6_2019_P1;CASE_2_C6_2019_P2;CASE_2_C6_2019_P3;CASE_2_C6_2019_P4;CASE_2_D1_2014_P2;CASE_2_D1_2014_P3;CASE_2_D1_2014_P4;CASE_2_D1_2015_P1;CASE_2_D1_2015_P2;CASE_2_D1_2015_P3;CASE_2_D1_2015_P4;CASE_2_D1_2016_P1;CASE_2_D1_2016_P2;CASE_2_D1_2016_P3;CASE_2_D1_2016_P4;CASE_2_D1_2017_P1;CASE_2_D1_2017_P2;CASE_2_D1_2017_P3;CASE_2_D1_2017_P4;CASE_2_D1_2018_P1;CASE_2_D1_2018_P2;CASE_2_D1_2018_P3;CASE_2_D1_2018_P4;CASE_2_D1_2019_P1;CASE_2_D1_2019_P2;CASE_2_D1_2019_P3;CASE_2_D1_2019_P4;CASE_2_D2_2013_P3;CASE_2_D2_2013_P4;CASE_2_D2_2014_P4;CASE_2_D2_2015_P1;CASE_2_D2_2015_P2;CASE_2_D2_2015_P3;CASE_2_D2_2015_P4;CASE_2_D2_2016_P1;CASE_2_D2_2016_P2;CASE_2_D2_2016_P3;CASE_2_D2_2016_P4;CASE_2_D2_2017_P1;CASE_2_D2_2017_P2;CASE_2_D2_2017_P3;CASE_2_D2_2017_P4;CASE_2_D2_2018_P1;CASE_2_D2_2018_P2;CASE_2_D2_2018_P3;CASE_2_D2_2018_P4;CASE_2_D2_2019_P1;CASE_2_D2_2019_P2;CASE_2_D2_2019_P3;CASE_2_D2_2019_P4;CASE_2_D3_2013_P3;CASE_2_D3_2013_P4;CASE_2_D3_2014_P2;CASE_2_D3_2014_P3;CASE_2_D3_2015_P2;CASE_2_D3_2015_P3;CASE_2_D3_2015_P4;CASE_2_D3_2016_P1;CASE_2_D3_2016_P2;CASE_2_D3_2016_P3;CASE_2_D3_2016_P4;CASE_2_D3_2017_P1;CASE_2_D3_2017_P2;CASE_2_D3_2017_P3;CASE_2_D3_2017_P4;CASE_2_D3_2018_P1;CASE_2_D3_2018_P2;CASE_2_D3_2018_P3;CASE_2_D3_2018_P4;CASE_2_D3_2019_P1;CASE_2_D3_2019_P2;CASE_2_D3_2019_P3;CASE_2_D3_2019_P4;CASE_2_D4_2013_P3;CASE_2_D4_2013_P4;CASE_2_D4_2014_P2;CASE_2_D4_2014_P3;CASE_2_D4_2014_P4;CASE_2_D4_2015_P1;CASE_2_D4_2015_P2;CASE_2_D4_2015_P3;CASE_2_D4_2015_P4;CASE_2_D4_2016_P1;CASE_2_D4_2016_P2;CASE_2_D4_2016_P3;CASE_2_D4_2016_P4;CASE_2_D4_2017_P1;CASE_2_D4_2017_P2;CASE_2_D4_2017_P3;CASE_2_D4_2017_P4;CASE_2_D4_2018_P1;CASE_2_D4_2018_P2;CASE_2_D4_2018_P3;CASE_2_D4_2018_P4;CASE_2_D4_2019_P1;CASE_2_D4_2019_P2;CASE_2_D4_2019_P3;CASE_2_D4_2019_P4;CASE_2_D5_2013_P3;CASE_2_D5_2013_P4;CASE_2_D5_2014_P2;CASE_2_D5_2014_P3;CASE_2_D5_2014_P4;CASE_2_D5_2015_P1;CASE_2_D5_2015_P2;CASE_2_D5_2015_P3;CASE_2_D5_2015_P4;CASE_2_D5_2016_P1;CASE_2_D5_2016_P2;CASE_2_D5_2016_P3;CASE_2_D5_2016_P4;CASE_2_D5_2017_P1;CASE_2_D5_2017_P2;CASE_2_D5_2017_P3;CASE_2_D5_2017_P4;CASE_2_D5_2018_P1;CASE_2_D5_2018_P2;CASE_2_D5_2018_P3;CASE_2_D5_2018_P4;CASE_2_D5_2019_P1;CASE_2_D5_2019_P2;CASE_2_D5_2019_P3;CASE_2_D5_2019_P4;CASE_2_D6_2013_P3;CASE_2_D6_2013_P4;CASE_2_D6_2014_P2;CASE_2_D6_2014_P3;CASE_2_D6_2014_P4;CASE_2_D6_2015_P1;CASE_2_D6_2015_P2;CASE_2_D6_2015_P3;CASE_2_D6_2015_P4;CASE_2_D6_2016_P1;CASE_2_D6_2016_P2;CASE_2_D6_2016_P3;CASE_2_D6_2016_P4;CASE_2_D6_2017_P1;CASE_2_D6_2017_P2;CASE_2_D6_2017_P3;CASE_2_D6_2017_P4;CASE_2_D6_2018_P1;CASE_2_D6_2018_P2;CASE_2_D6_2018_P3;CASE_2_D6_2018_P4;CASE_2_D6_2019_P1;CASE_2_D6_2019_P2;CASE_2_D6_2019_P3;CASE_2_D6_2019_P4;CASE_3_E1_2013_P2;CASE_3_E1_2013_P3;CASE_3_E1_2013_P4;CASE_3_E1_2014_P1;CASE_3_E1_2014_P2;CASE_3_E1_2014_P3;CASE_3_E1_2014_P4;CASE_3_E1_2015_P1;CASE_3_E1_2015_P2;CASE_3_E1_2015_P3;CASE_3_E1_2015_P4;CASE_3_E1_2016_P1;CASE_3_E1_2016_P2;CASE_3_E1_2016_P3;CASE_3_E1_2016_P4;CASE_3_E1_2017_P1;CASE_3_E1_2017_P2;CASE_3_E1_2017_P3;CASE_3_E1_2017_P4;CASE_3_E1_2018_P1;CASE_3_E1_2018_P2;CASE_3_E1_2018_P3;CASE_3_E1_2018_P4;CASE_3_E1_2019_P1;CASE_3_E1_2019_P2;CASE_3_E1_2019_P3;CASE_3_E1_2019_P4;CASE_3_E2_2013_P2;CASE_3_E2_2013_P3;CASE_3_E2_2013_P4;CASE_3_E2_2014_P1;CASE_3_E2_2014_P2;CASE_3_E2_2014_P3;CASE_3_E2_2014_P4;CASE_3_E2_2015_P1;CASE_3_E2_2015_P2;CASE_3_E2_2015_P3;CASE_3_E2_2015_P4;CASE_3_E2_2016_P1;CASE_3_E2_2016_P2;CASE_3_E2_2016_P3;CASE_3_E2_2016_P4;CASE_3_E2_2017_P1;CASE_3_E2_2017_P2;CASE_3_E2_2017_P3;CASE_3_E2_2017_P4;CASE_3_E2_2018_P1;CASE_3_E2_2018_P2;CASE_3_E2_2018_P3;CASE_3_E2_2018_P4;CASE_3_E2_2019_P1;CASE_3_E2_2019_P2;CASE_3_E2_2019_P3;CASE_3_E2_2019_P4;CASE_3_E3_2013_P2;CASE_3_E3_2013_P3;CASE_3_E3_2013_P4;CASE_3_E3_2014_P1;CASE_3_E3_2014_P2;CASE_3_E3_2014_P3;CASE_3_E3_2014_P4;CASE_3_E3_2015_P1;CASE_3_E3_2015_P2;CASE_3_E3_2015_P3;CASE_3_E3_2015_P4;CASE_3_E3_2016_P1;CASE_3_E3_2016_P2;CASE_3_E3_2016_P3;CASE_3_E3_2016_P4;CASE_3_E3_2017_P1;CASE_3_E3_2017_P2;CASE_3_E3_2017_P3;CASE_3_E3_2017_P4;CASE_3_E3_2018_P1;CASE_3_E3_2018_P2;CASE_3_E3_2018_P3;CASE_3_E3_2018_P4;CASE_3_E3_2019_P1;CASE_3_E3_2019_P2;CASE_3_E3_2019_P3;CASE_3_E3_2019_P4;CASE_3_E4_2013_P4;CASE_3_E4_2014_P1;CASE_3_E4_2014_P2;CASE_3_E4_2014_P3;CASE_3_E4_2014_P4;CASE_3_E4_2015_P1;CASE_3_E4_2015_P2;CASE_3_E4_2015_P3;CASE_3_E4_2015_P4;CASE_3_E4_2016_P1;CASE_3_E4_2016_P2;CASE_3_E4_2016_P3;CASE_3_E4_2016_P4;CASE_3_E4_2017_P1;CASE_3_E4_2017_P2;CASE_3_E4_2017_P3;CASE_3_E4_2017_P4;CASE_3_E4_2018_P1;CASE_3_E4_2018_P2;CASE_3_E4_2018_P3;CASE_3_E4_2018_P4;CASE_3_E4_2019_P1;CASE_3_E4_2019_P2;CASE_3_E4_2019_P3;CASE_3_E4_2019_P4;CASE_3_E5_2013_P2;CASE_3_E5_2013_P3;CASE_3_E5_2014_P2;CASE_3_E5_2014_P3;CASE_3_E5_2014_P4;CASE_3_E5_2015_P1;CASE_3_E5_2015_P2;CASE_3_E5_2015_P3;CASE_3_E5_2015_P4;CASE_3_E5_2016_P1;CASE_3_E5_2016_P2;CASE_3_E5_2016_P3;CASE_3_E5_2016_P4;CASE_3_E5_2017_P1;CASE_3_E5_2017_P2;CASE_3_E5_2017_P3;CASE_3_E5_2017_P4;CASE_3_E5_2018_P1;CASE_3_E5_2018_P2;CASE_3_E5_2018_P3;CASE_3_E5_2018_P4;CASE_3_E5_2019_P1;CASE_3_E5_2019_P2;CASE_3_E5_2019_P3;CASE_3_E5_2019_P4;CASE_3_E6_2013_P2;CASE_3_E6_2013_P3;CASE_3_E6_2013_P4;CASE_3_E6_2014_P1;CASE_3_E6_2014_P4;CASE_3_E6_2015_P1;CASE_3_E6_2015_P2;CASE_3_E6_2015_P3;CASE_3_E6_2015_P4;CASE_3_E6_2016_P1;CASE_3_E6_2016_P2;CASE_3_E6_2016_P3;CASE_3_E6_2016_P4;CASE_3_E6_2017_P1;CASE_3_E6_2017_P2;CASE_3_E6_2017_P3;CASE_3_E6_2017_P4;CASE_3_E6_2018_P1;CASE_3_E6_2018_P2;CASE_3_E6_2018_P3;CASE_3_E6_2018_P4;CASE_3_E6_2019_P1;CASE_3_E6_2019_P2;CASE_3_E6_2019_P3;CASE_3_E6_2019_P4;CASE_3_F1_2013_P2;CASE_3_F1_2013_P3;CASE_3_F1_2013_P4;CASE_3_F1_2014_P1;CASE_3_F1_2014_P2;CASE_3_F1_2014_P3;CASE_3_F1_2015_P2;CASE_3_F1_2015_P3;CASE_3_F1_2015_P4;CASE_3_F1_2016_P1;CASE_3_F1_2016_P2;CASE_3_F1_2016_P3;CASE_3_F1_2016_P4;CASE_3_F1_2017_P1;CASE_3_F1_2017_P2;CASE_3_F1_2017_P3;CASE_3_F1_2017_P4;CASE_3_F1_2018_P1;CASE_3_F1_2018_P2;CASE_3_F1_2018_P3;CASE_3_F1_2018_P4;CASE_3_F1_2019_P1;CASE_3_F1_2019_P2;CASE_3_F1_2019_P3;CASE_3_F1_2019_P4;CASE_3_F2_2013_P2;CASE_3_F2_2013_P3;CASE_3_F2_2013_P4;CASE_3_F2_2014_P1;CASE_3_F2_2014_P2;CASE_3_F2_2014_P3;CASE_3_F2_2014_P4;CASE_3_F2_2015_P1;CASE_3_F2_2015_P2;CASE_3_F2_2015_P3;CASE_3_F2_2015_P4;CASE_3_F2_2016_P1;CASE_3_F2_2016_P2;CASE_3_F2_2016_P3;CASE_3_F2_2016_P4;CASE_3_F2_2017_P1;CASE_3_F2_2017_P2;CASE_3_F2_2017_P3;CASE_3_F2_2017_P4;CASE_3_F2_2018_P1;CASE_3_F2_2018_P2;CASE_3_F2_2018_P3;CASE_3_F2_2018_P4;CASE_3_F2_2019_P1;CASE_3_F2_2019_P2;CASE_3_F2_2019_P3;CASE_3_F2_2019_P4;CASE_3_F3_2013_P2;CASE_3_F3_2013_P3;CASE_3_F3_2013_P4;CASE_3_F3_2014_P1;CASE_3_F3_2014_P2;CASE_3_F3_2014_P3;CASE_3_F3_2014_P4;CASE_3_F3_2015_P1;CASE_3_F3_2015_P2;CASE_3_F3_2015_P3;CASE_3_F3_2015_P4;CASE_3_F3_2016_P1;CASE_3_F3_2016_P2;CASE_3_F3_2016_P3;CASE_3_F3_2016_P4;CASE_3_F3_2017_P1;CASE_3_F3_2017_P2;CASE_3_F3_2017_P3;CASE_3_F3_2017_P4;CASE_3_F3_2018_P1;CASE_3_F3_2018_P2;CASE_3_F3_2018_P3;CASE_3_F3_2018_P4;CASE_3_F3_2019_P1;CASE_3_F3_2019_P2;CASE_3_F3_2019_P3;CASE_3_F3_2019_P4;CASE_3_F4_2013_P2;CASE_3_F4_2013_P3;CASE_3_F4_2013_P4;CASE_3_F4_2014_P1;CASE_3_F4_2014_P2;CASE_3_F4_2014_P3;CASE_3_F4_2014_P4;CASE_3_F4_2015_P1;CASE_3_F4_2015_P2;CASE_3_F4_2015_P3;CASE_3_F4_2015_P4;CASE_3_F4_2016_P1;CASE_3_F4_2016_P2;CASE_3_F4_2016_P3;CASE_3_F4_2016_P4;CASE_3_F4_2017_P1;CASE_3_F4_2017_P2;CASE_3_F4_2017_P3;CASE_3_F4_2017_P4;CASE_3_F4_2018_P1;CASE_3_F4_2018_P2;CASE_3_F4_2018_P3;CASE_3_F4_2018_P4;CASE_3_F4_2019_P1;CASE_3_F4_2019_P2;CASE_3_F4_2019_P3;CASE_3_F4_2019_P4;CASE_3_F5_2013_P2;CASE_3_F5_2013_P3;CASE_3_F5_2013_P4;CASE_3_F5_2014_P1;CASE_3_F5_2014_P2;CASE_3_F5_2014_P3;CASE_3_F5_2014_P4;CASE_3_F5_2015_P1;CASE_3_F5_2015_P2;CASE_3_F5_2015_P3;CASE_3_F5_2015_P4;CASE_3_F5_2016_P1;CASE_3_F5_2016_P2;CASE_3_F5_2016_P3;CASE_3_F5_2016_P4;CASE_3_F5_2017_P1;CASE_3_F5_2017_P2;CASE_3_F5_2017_P3;CASE_3_F5_2017_P4;CASE_3_F5_2018_P1;CASE_3_F5_2018_P2;CASE_3_F5_2018_P3;CASE_3_F5_2018_P4;CASE_3_F5_2019_P1;CASE_3_F5_2019_P2;CASE_3_F5_2019_P3;CASE_3_F5_2019_P4;CASE_3_F6_2013_P4;CASE_3_F6_2014_P1;CASE_3_F6_2014_P2;CASE_3_F6_2014_P3;CASE_3_F6_2014_P4;CASE_3_F6_2015_P1;CASE_3_F6_2015_P4;CASE_3_F6_2016_P1;CASE_3_F6_2016_P2;CASE_3_F6_2016_P3;CASE_3_F6_2016_P4;CASE_3_F6_2017_P1;CASE_3_F6_2017_P2;CASE_3_F6_2017_P3;CASE_3_F6_2017_P4;CASE_3_F6_2018_P1;CASE_3_F6_2018_P2;CASE_3_F6_2018_P3;CASE_3_F6_2018_P4;CASE_3_F6_2019_P1;CASE_3_F6_2019_P2;CASE_3_F6_2019_P3;CASE_3_F6_2019_P4
Agrostis_rupestris;;;;;;;;;fl;;;fl;di;;;fr;;;;;;;;fr;fl;;;;;;;;;;fl;di;;;;;;;;;;;;fr;;;;;;;;;;;;;;;;;;;;;;;;;;;;;;;;;;;;;;;;;;;;;;;;;;;;;;;;;;;;;;;;;;;;;;;;;;;;;;;;;;;;;;;;;;;;;;;;;;;;;;;;;fl;fr;;;;di;;;fr;fr;;;fr;di;;;bt;fr;;;;;;;;;;;;;;;;;;;;;;;;;;;;;;;;;;fr;fe;;;;;;fr;di;;;;fr;;;bt;fr;;;;;;;;;;;;;;;;;;;;;;;;;;;;;;;;;;;;;;;;;;;;;;;;;;;;;;;;;;;;;;;;;;;;;;;;;;;;;;;;fl;;;;di;;;fr;di;;;;;;;bt;fr;;;;;;fr;fr;;;;fe;;;fr;di;;;;;;;bt;fr;;;;;;;;;;;;;;fr;di;;;;;;;bt;;;;;;;;;;;;;;;;;fr;di;;;;;;;;;;;;;;;;;;;;;fl;;;;;;;;;;;bt;;;;;;;;;;;;;;;;;fr;di;;;;;;;;;;;;;;;fl;;;;fl;;;fr;di;;;;;;;;;;;;;;;;;;;;;;;;;;;;;;;;;;;;;;;;;;fr;;;di;di;;;;;;;;;;;;;;;;;;;;;;;;;fl;;;;;;;;;;;;;;;;;;;;;;;;;;;;;;;;;;;;;;;;;;;;;;;;;;;;;;;;;;;;;;;;;;;;fr;di;;fe;;;;bt;;;;;;;;;;;;;;;;;;;fl;fr;di;;;;;;fl;fl;di;;;;;;;;;;;;;;;;;fl;fr;di;;;;fl;;;;di;;;;;;;;;fl;;;bt;fl;;fl;fr;di;;;fl;;;;;;;;;;;;;;;;;;fl;;fl;fr;fr;;;fl;se;;bt;fr;di;;;;;;;fl;;;;;;;;fl;fr;di;;;;;;;;;;;;;;;;;;;;;;;fe;fr;fr;;;;;;;;;;;;;;;;;;;;;;;;;;;;;;;di;;fl;;se;;;;;;;;;;;;;;;;;;;;;;;;;;;;;;;;;;;;;;;;;;;;fl;fr;di;;fl;fl;;;;;;;;;;;;;;;;;;;;;;fl;fr;di;;bt;fr;di;;fl;fr;;;;;;;;;;;;;;;;fr;;;;;;fl;fr;di;;;;;;;;
Alchemilla_flabellata;;;;;;;;;;;;;;;;;;;;;;;;;;;;;;;;;;;;;;;;;;;;;;;;;;;;;;;;;;;;;;;;;;;;;;;;;;;;;;;;;;;;;;;;;;;;;;;;;;;;;;;;;;;;;;;;;;;;;;;;;;;;;;;;;;;;;;;;;;;;;;;;;;;;;;;;;;;;;;;;;;;;;;;;;;;;;;;;;;;;;;;;;;;;;;;;;;;;;;;;;;;;;;;;;;;;;;;;;;;;;;;;;;;;;;;;;;;;;;;;;;;;;;;;;;;;;;;;;;;;;;;;;;;;;;;;;;;;;;;;;;;;;;;;;;;;;;;;;;;;;;;;;;;;;;;;;;;;;;;;;;;;;;;;;;;;;;;;;;;;;;;;;;;;;;;;;;;;;;;;;;;;;;;;;;;;;;;;;;;;;;;;;;;;;;;;;;;;;;;;;;;;;;;;;;;;;;;;;;;;;;;;;;;;;;;;;;;;;;;;;;;;;;;;;;;;;;;;;;;;;;;;;;;;;;;;;;;;;;;;;;;;;;;;;;;;;;;;;;;;;;;;;;;;;;;;;;;;;;;;;;;;;;;;;;;;;;;;;;;;;;;;;;;;;;;;;;;;;;;;;;;;;;;;;;;;;;;;;;;;;;;;;;;;;;;;;;;;;;;;;;;;;;;;;;;;;;;;;;;;;;;;;;;;;;;;;;;;;;;;;;;;;;;;;;;;;;;;;;;;;;;;;;;;;;;;;;;;;;;;;;;;;;;;;;;;;;;;;;;;;;;;;;;;;;;;;;;;;;;;;;;;;;;;;;;;;;;;;;;;;;;;;;;;;;;;;;;;;;;;;;;;;;;;;;;;;;;;;;;;;;;;;;;;;;;;;;;;;;;;;;;;;;;;;;fe;;fe;;fe;fe;fe;;;;;;;;;;;;;;;;;;;;;;;;;;;;;;;;;;;;;;;;;;;;;;;;;;;;;;;;;;;;;;;;;;;;;;;;;;;;;
Anthyllis_vulneraria;;;;;;;;;;;;;;;;;;;;;;;;;;;;;;;;;;;;;;;;;;;;;;;;;;;;;;;;;;;;;;;;;;;;;;;;;;;;;;;;;;;;;;;;;;;;;;;;;;;;;;;;;;;;;;;;;;;;;;;;;;;;;;;;;;;;;;;;;;;;;;;;;;;;;;;;;;;;;;;;;;;;;;;;;;;;;;;;;;;;;;;;;;;;;;;;;;;;;;;;;;;;;;;;;;;;;;;;;;;;;;;;;;;;;;;;;;;;;;;;;;;;;;;;;;;;;;;;;;;;;;;;;;;;;;;;;;;;;;;;;;;;;;;;;;;;;;;;;;;;;;;;;;;;;;;;;;;;;;;;;;;;;;;;;;;;;;;;;;;;;;;;;;;;;;;;;;;;;;;;;;;;;;;;;;;;;;;;;;;;;;;;;;;;;;;;;;;;;;;;;;;;;;;;;;;;;;;;;;;;;;;;;;;;;;;;;;;;;;;;;;;;;;;;;;;;;;;;;;;;;;;;;;;;;;;;;;;;;;;;;;;;;;;;;;;;;;;;;;;;;;;;;;;;;;;;;;;;;;;;;;;;;;;;;;;;;;;;;;;;;;;;;;;;;;;;;;;;;;;;;;;;;;;;;;;;;;;;;;;;;;;;;;;;;;;;;;;;;;;;;;;;;;;;;;;;;;;;;;;;;;;;;;;;;;;;;;;;;;;;;;;;;;;;;;;;;;;;;;;;;;;;;;;;;;;;;;;;;;;;;;;;;;;;;;;;;;;;;;;;;;;;;;;;;;;;;;;;;;;;;;;;;;;;;;;;;;;;;;;;;;;;;;;;;;;;;;;;;;;;;;;;;;;;;;;;;;;;;;;;;;;;;;;;;;;;;;;;;;;;;;;;;;;;;;;;;;;;;;;;;;;;;;;;;;;;;;;;;;;;;;;;;;;;;;;;;;;;;;;;;;;;;;;;;;;;;;;;;;;;;;;;;;;;;;;;;
Armeria_alpina_var._occasiana;;;;;;;;;;;;;;;;;;;;;;;;;;fe;;;;;;;;;;;;;;;;;;;;;;;;;;;;;;;;;;;;;;;;;;;;;;;;;;;;;;;;;;;;;;;;;;;;;;;;;;;;;;;;;;;;;;;;;;;;;;;;;;;;;;;;;;;;;;;;;;;;;;;;;;;;fe;fe;fe;fe;fe;fe;fe;fe;fe;fe;fe;fe;fe;fe;fl;fe;fe;;bt;fl;fe;fe;fe;fe;fe;fe;fe;fe;fe;fe;fe;fe;fe;fe;fe;fe;fe;fe;fe;fe;fe;;;;;;;;;;;;;;;;;;;;;;;;;;;;;;;;;;;;;;;;;;;;;;;;;;;;;;;;;;;;;;;;;;;;;;;;;;;;;;;;;;;;;;;;;;;;;;;;;;;;;;;;;;;;;;;;;;;;;;;;;;;;;;;;;;;;;;;;;;;;;;;;;;;;;;fe;fe;;;;;;;;;;;;;;;;;;;;;;;;;;;;;;;;;;di;;;;;;;;;;;;;;;;;;;;;;;;;;;;;;;;;;;;;;;;;;;;;;;;;;;;;;;;;;;;;;;;;;;;;;;;;;;;;;;;;;;;;;;;;;;;;;;;;;;;;;;;;;;;;fe;fl;bt;fl;fl;fr;di;bt;fl;fr;di;fe;fl;di;di;;fl;di;fe;fe;fl;fl;fr;fe;fl;fe;bt;fe;fe;fe;fe;fe;fe;;;;;;;;;;;;;;;;;;;;;;;;;;;;;;;;;;;;;;;;;;;;;;;;;;;;;;;;;;;;;;;;;;;;;;;;;;;;;;;;;;;;;;;;;;;;;;;;;;;;;;;;;;;;;;;;;;;;;;;;;;;;;;;;;;fe;;;;;;;;;;;;;fe;fr;fe;fe;;;;;;;;;;;;;;;;;;;;;;;;;;;;;;;;;;;;;;;;;;;;;;;;;;;;;;;;;;;;;;;;;;;;;;;;;;;;;;;;;;;;;;;;;;;;;;;;;;;;;;;;;;;;;;;;;;;;;;;;;;;;;;;;;;;;;;;;;;;;;;;;;;;;;;;;;;;;;;;;;;;;;;;;;;;;;;;;;;;;;;;;;;;;;;;;;;;;;;;;;;;;;;;;;;;;;;;;;;;;;;;;;;;;;;;
Armeria_muelleri;;;;;;;;;;;;;;;;;;;;;;;;;;;;;;;;;;;;;;;;;;;;;;;;;;;;;;;;;;;;;;;;;;;;;;;;;;;;;;;;;;;;;;;;;;;;;;;;;;;;;;;;;;;;;;;;;;;;;;;;;;;;;;;;;;;;;;;;;;;;;;;;;;;;;;;;;;;;;;;;;;;;;;;;;;;;;;;;;;;;;;;;;;;;;;;;;;;;;;;;;;;;;;;;;;;;;;;;;;;;;;;;;;;;;;;;;;;;;;;;;;;;;;;;;;;;;;;;;;;;;;;;;;;;;;;;;;;;;;;;;;;;;;;;;;;;;;;;;;;;;;;;;;;;;;;;;;;;;;;;;;;;;;;;;;;;;;;;;;;;;;;;;;;;;;;;;;;;;;;;;;;;;;;;;;;;;;;;;;;;;;;;;;;;;;;;;;;;;;;;;;;;;;;;;;;;;;;;;;;;;;;;;;;;;;;;;;;;;;;;;;;;;;;;;;;;;;;;;;;;;;;;;;;;;;;;;;;;;;;;;;;;;;;;;;;;;;;;;;;;;;;;;;;;;;;;;;;;;;;;;;;;;;;;;;;;;;;;;;;;;;;;;;;;;;;;;;;;;;;;;;;;;;;;;;;;;;;;;;;;;;;;;;;;;;;;;;;;;;;;;;;;;;;;;;;;;;;;;;;;;;;;;;;;;;;;;;;;;;;;;;;;;;;;;;;;;;;;;;;;;;;;;;;;;;;;;;;;;;;;;;;;;;;;;;;;;;;;;;;;;;;;;;;;;;;;;;;;;;;;;;;;;;;;;;;;;;;;;;;;;;;;;;;;;;;;;;;;;;;;;;;;;;;;;;;;;;;;;;;;;;;;;;;;;;;;;;;;;;;;;;;;;;;;;;;;;;;;;;;;;;;;;;;;;;;;;;;;;;;;;;;;;;;;;;;;;;;;;;;;;;;;;;;;;;;;;;;;;;;;;;;;;;;;;;;;;
Avenula_versicolor;;;;;;;;;;;;;;;;;;;;;;;;;;;;;;;;;;;;;;;;;;;fr;di;;fe;bt;fr;;;;;;;;;;;;;;;;;;;;;;;;;;;;;;;;;;;;;;;;;;;;;fe;fe;;;;;;;;;;;;;;;;;;;;;;;;;;;;;;fl;fl;fe;fl;fl;di;;fl;fl;fl;fe;fl;fe;fr;;fe;fr;fe;;bt;fl;fr;;;;;;fe;;;;;fe;;;;;;;;;;;;;;;;;;;;fe;fe;fe;fe;;fe;fe;fe;;fl;fr;di;;fe;fe;fe;fe;bt;fl;fe;fe;fe;fe;fe;fl;fe;fe;fe;fr;fe;fe;fl;fr;fe;bt;fr;fr;fe;fe;fe;fe;;fe;fe;fe;fe;fl;fe;fe;fl;fe;fl;fl;fr;fe;fe;fl;fr;fe;bt;fr;fr;;fe;fr;fr;;fe;bt;fr;;;;;;fe;fe;fe;;fe;fe;fe;fe;fl;fe;fe;;;fe;fe;;bt;fr;fe;fe;fe;fl;fr;fe;fl;fl;fr;fe;fl;fl;fe;fe;fl;di;di;;bt;fr;fr;fe;bt;fr;fr;;;;;;;;;fe;fl;fe;;fe;fe;fe;;fe;fe;fe;;fe;fe;fe;;;;;;;;;;;;;;;;;;;;;;;;;;;;;;;;;;;;;;;;;;;;;;;;;;;;;;;;;;;;;;;;;;;;;;;;;;;;;;;;;;;;;;;;;;;;;;;;;;;;;;;;fl;fe;;fe;fe;fe;;fe;;fe;;fe;fe;fe;;fe;;;;;;;;;;;;;;;;;;;;;;;;;;;;;;;;;;;;;;;;;;;;;;;;;;;;;;;;;;;;;bt;di;se;;fe;fe;fe;;fe;fe;fe;;;;;;;;;;;;;;;;;;;;;;;;;;;;;;;;bt;fl;fr;;fl;fe;fe;fe;bt;fr;di;;;;fe;;bt;fr;fr;fe;fe;fe;fl;fl;;fl;fr;fr;;fl;fr;fr;;fe;fr;fr;;;fe;fe;;;fe;;;;;;;;;;;;;;;;;;;;;;;;;;;;;;;;;;;;;;;;;;;;;;;;;;;;;;;;;;;;;;;;;;;;;;;;;;;;;;;;;;;;;;;;;;;;;;;;;;;;;;;;;;;;;;;;;;;;;;;;;;;;;;;;;;;;;;;;;;;;;;;;;;;;;;;;;;;;;;;;;;;;;;;;;;;;;;;;;;;;;;;;;;;;;;;;;;;;;;;;;;;;;;;;;;;;;;;;;;;;;;;;;;;;;;;;;;;;;;;;;;;;;;;;;;;;;;;;;;;;;;;;;;;;;;;;;;;;;;;;;;;;;;;;;;;;;;;;;;;;;;;;;;;;;;;;;
Bartsia_alpina;;;;fe;;;fe;;;;;;;;;;;;;;;;;;;;;;;;;;;;;;;;;;;;;;;;;;;fe;fe;;fe;fe;fe;;fe;fe;fe;;fe;fe;fe;;fe;fe;fe;;fe;fe;fe;fe;fe;fe;fe;fl;fr;fe;fe;fe;fe;fe;fe;fl;fr;fe;;fe;fe;fe;fe;fe;fe;fe;fe;fe;fe;fe;fe;;fe;fe;fe;fe;fe;fe;fe;fe;fe;fe;fe;;fe;fe;fe;;fe;fe;fe;fe;fe;;fe;fl;fe;fe;fl;fr;di;fe;fe;fe;fe;fe;fr;fe;fe;fe;fe;fe;fe;;fl;fe;fr;;;fe;;;;;;;;;;;;;;;;;;;;;;;fe;fe;;fe;fe;fe;fe;fe;fe;;;fr;fe;fe;fl;di;di;;fe;fe;fe;;fl;di;fe;;;;;;;;;;;;;;;;;;;;;;;;;;fe;fe;fe;fe;fe;fe;fl;fr;di;fe;fe;fe;fe;fe;fe;fe;fe;;fe;fe;fe;fe;fe;fr;fe;;fe;fe;fe;fe;fr;fr;di;fe;fe;fe;fe;fe;fe;fe;fe;fe;fe;fe;fe;fe;fl;fe;fe;;;;;;;;;;;;;;;;;;;;;;;;;;fe;;;;;;;;;;;;;;;;fe;fe;;;;;fe;fe;fe;;fe;fe;fe;fe;fe;fe;fe;fe;fe;fe;fe;;fe;fe;;;fe;fe;;;;;;;;;;;;;;;;;;;fe;;;;;;;;;;;;;;;;;fr;;;;;;;;;;;;;;;;;;;;;;;;;;;;;;;;;;;;;;;;;;;;;;;;;;;;;;;;;;;;;;;;;;fe;;;;;;fe;fe;fe;;fl;fr;fe;;fe;fe;fe;;fe;fe;se;;;;;;;;;;;;;;;;;;;;;;;;;;;;;;;;;;;;;;;;;;;;;;;;;;;;;fe;fe;fe;fe;fe;;;;fe;fe;fe;;;fe;fe;;fe;fe;fe;;fe;;fe;fe;fe;fe;fe;fe;fe;fe;fe;fe;fe;fe;fe;fe;;fe;fe;fe;;fe;fe;fe;;;;fe;;;;;;;;;fe;;fe;fe;fe;;fe;fe;fe;;fe;fe;;;;;;;;;;;;;;;;;;;;;;;;;;;;;;;;;;;;;;;;;;;;;;;;;;;;;;;;;;;;;;;;;;;;;;;;;;;;;;;;;;;;;;;;;;;;;;;;;;;;;;;;;;;;;;;;;;;;;;;;;;;;;;;;;;;;;;;;;;;;;;;;;;;;;;;;;;;;;;;;;;;;;;;;;;;;;;;;;;;;;;;;;;;;;;;;;;;;;;;;;;;;;;;;;;;;;;;;;;;;;;;;;;;;;;;;;;;;;fe;fe;fe;;;fe;fe;;fe;fe;fe;fe;fe;fe;fe;fe;fe;fe;;;fe;fe;fe;;;;;;;;;;;;;;;;;;;;;;;;;;;;;;;;;;;;;;;;;;;;;;;;;;;;;;
Campanula_scheuchzeri_subsp._lanceolata;;;;;;;;;;;;;;;;;;;;;;;;;;;;;;;;;;fe;fe;fe;;;;;;fe;fe;fe;;fe;;;;;;;fe;fe;fe;;;fe;fe;fe;;;;;fe;fe;fe;;fe;fe;fe;;;fe;fe;bt;fl;fe;fe;fe;fe;fe;fe;fe;fe;fe;;fe;fe;fe;fe;fe;fe;fe;;;;fe;fe;fe;;fe;;fe;;;;;;;;;fe;;;;fe;fe;fe;;;;fe;fe;fe;fe;bt;fl;di;fe;fe;fe;fe;fe;fe;fe;fe;;fe;fe;fe;fe;bt;bt;fe;;;;;;;;;;;;fe;fe;;;;;;;;;;;;;;;;;;;;;;;;;;;;;;;;;;;;;;;;;;;;;;;;;fe;fe;;;;;;;;;;;;;;;fe;fe;fe;fe;fe;fl;fe;fe;fe;fe;fe;fe;fe;fe;fe;;fe;fe;fe;fe;fe;bt;fe;;;;;;;;;;;fe;;;;fe;fe;;;;;fe;fe;fe;fe;;;fe;fe;fe;fe;bt;di;fe;fe;bt;fe;fe;fe;fe;fe;;fe;fe;fe;;fe;fe;fe;;;;;;;;;;;;;;;;;;;;;;;;;;;;;;;;;;;;;;;;;;;;;;;;;;;;;;;;;;;;;;;;;;;;;;;;;;;;;;;;;;;;;;;;;;;;;;;;;;;;;;fe;fe;;;;fe;;;;;;;;;;fe;fe;fe;;;;fe;fe;fe;fl;fr;fr;fe;fe;;;;fe;fe;fe;;fe;fe;fe;;fe;fe;fe;;;;;;;;;;;;;;;;;;;;;;;;;;;;;;;;;;;;;;;;;;;;;;;;;;;;;;;;;;;;;;;;;;;;;;;;;;;;;;;;;;;;;;;;;;;;;;;;;;;;;;;;;;;;;;;;;;;;;;;;;;;;;;;;;;;;;;;;;;;;;;;;;;;;;;;;;;;;;;;;;;;;;;;;;;;;;;;;;;;;;;;;;;;;;;;;;;;;;;;;;;;;;;;;;;;;;;;;;;;;;;;;;;;;;;;;;;;;;;;;;;;;;;;;;;;;;;;;;;;;;;;;;;;;;;;;;;;;;;;;;;;;;;;;;;;;;;;;;;;;;;;;;;;;;;;;;;;;;;;;;;;;;;;;;;;;;;;;;;;;;;;;;;;;;;;;;;;;;;;;;;;;;;;;;;;;;;;;;;;;;;;;;;;;;;;;;;;;;;;;;;;;;;;;;;;;;;;;;;;;;;;;;;;;;;;;;;;;;;;;;;;;;;;;;;;;;;;;
Cardamine_alpina;;;;;fe;;;fe;;fe;fe;fe;fe;;fl;fl;fe;;fr;fe;fe;fe;fe;fr;fe;;;;;;;;;;;;;;;;;;;;;;;;;;;;;;;;;fr;;;fe;;;;;;;fe;fr;fe;;;;fe;fr;fr;di;;;;;;fe;fe;;;;fl;di;se;;fe;fe;;;;;;;;;;;;;;;;;;;;;;;;;;;;;;;;;;;;;;;;;;;;;;;;;;;;;;;;;fe;;;;;fe;fe;;;fe;fe;fe;fe;fe;fe;fe;;fe;fe;;;;;;;;;;;;;;;;fe;;;fe;fe;fe;fe;fe;fe;fe;;;;;;;;;;;;;;;;;;;;;;;;;;;;;;;;;;;;;;;;;;;;;;;;;;;;;;;;;;;;;;;;;;;;;;;;;;;;;;;;;;;;;;;;;;;;;;;;;;;;;fl;;;fr;fr;fr;se;;fr;;;;fr;;;;fl;di;;;fr;fr;di;fe;fr;;;fr;;;fe;fr;;;;;;;;;;;;fr;fe;fe;;;;;;;;;fr;;;;;;;;;di;fe;;fe;fe;fe;;;bt;fr;fe;bt;fr;fr;;fe;fr;;;;fr;fr;di;;fe;fe;fe;fe;fr;fe;fe;fl;fe;bt;fr;fr;fe;fr;fr;se;bt;fr;;;fe;fr;fe;fe;;fl;fe;fe;fe;fr;fr;di;;;fe;fr;fr;bt;fr;fr;;fe;fr;;;;;;fe;;fl;fe;fe;fe;fr;fr;di;fe;;;fe;fe;fe;fe;;fr;;;;fr;;;;fe;fe;fe;fe;fr;fr;di;;;fe;;fr;fe;fe;bt;fl;;;fe;fr;di;di;;fe;fe;fe;;fe;;;;;;;fr;fr;;fe;fr;;;;;;;;fl;fe;fe;fe;fr;fr;;;;bt;fr;fr;fe;fr;fr;di;fe;fr;;;;;fr;;;fe;fe;fe;;fr;;;;;bt;fr;fr;fe;fr;fe;;fe;fr;fe;;;;;fe;;fl;fe;fe;fe;fr;fr;;fl;fr;bt;fr;fr;;;fe;;fe;fr;fr;fe;fe;fr;fe;fe;;fl;fr;fe;fe;fe;fe;fe;;;;;fl;fr;di;fr;fr;fr;;fl;fr;di;se;fl;fr;fe;di;fe;fr;di;fe;;;;;fl;fl;fr;fe;fl;fr;fr;fl;fe;fe;se;;fr;di;se;fl;;;fe;;fr;fe;fe;;fr;fr;di;fl;fr;fr;fe;fl;fr;fr;fr;di;di;se;fl;fl;fr;;;fr;fe;fe;bt;fr;di;di;;;;;;;fl;fe;;fl;fr;;;fl;fr;di;;fl;fr;di;di;fe;fr;fr;fe;;fr;se;fe;;;;;;;fr;fe;;fl;fr;se;;fl;fr;;fe;bt;fr;fe;di;;fr;di;fe;fe;fr;fr;;;fr;di;;;fl;fr;;;fl;fr;;fe;fe;fr;fe;fe;fe;fe;di;di;;;;;;fr;fr;di;;fl;fr;di;fe;fl;fr;;di;;fr;fe;fe;;fr;fe;fe;fe;fl;fr;fe;fr;fr;fr;fr;di;;;;;;;fl;fr;;di;fe;fr;di;di;;;;;;;;;;fe;;fr;se;fe;;fe;;;;;;di;fe;fe;fr;di;di;;;;;fe;fe;fe;fe;fe;fr;se;;fr;di;;fl;fr;di;;;;;;fe;fe;fe;fe;;fe;di;fe;;;;;;;;fr;;;;fl;fr;;;fl;fr;fe;fe;bt;fe;fe;fl;bt;fr;di;fe;;;;;;;;fl;fr;di;se;fl;;;fe;;fr;fe;fe;;fr;;
Cardamine_resedifolia;;;;;;;;;;;;;;;;;;;;;;;;;;;;;;;;;;;;;;;;;;;;;;;;;;;;;;;;;;;;;;;;;;;;;;;;;;;;;;;;;;;;;;;;;;;;;;;;;;;;;;;;;;;;;;;;;;;;;;;;;;;;;;;;;;;;;;;;;;;;;;;;;;;;;;;;;;;;;;;;;;;;;;;;;;;;;;;;;;;;;;;;;;;;;;;;;;;fe;;;;;;;;;;;;;;;;;;;;;;;;;;;;;;;;;;;;;;;;;;;;;;;;;;;;;;;;;;;;;;;;;;;;;;;;;;;;;;;;;;;;;;;;;;;;;;;;;;;;;;;;;;;fr;;;;;;;;;;;;;;;;;;;;;;;;;;;;;;;;;;;;;;;;;;;;;;;;;;;;;;;;;;;;;;;;;;;;;;;;;;;;;;;;;;;;;;;;;;;;;;;;;;;;;;;;;;;;;;;;;;;;;;;;;;;;;;;;;;;;;;;;;;;;;;;;;;;;;;;;;;;;;;;;;;;;;;;;;;;;;;;;;;;;;;;;;;;;;;;;;;;;;;;;;;;;;;;;;;;;;;;;;;;;;;;;;;;;;;;;;;;;;;;;;;;;;;;;;;;;;;;;;;;;;;;;;;;;;;;;;;;;;;;;fe;fr;fr;fe;;;fr;fl;fr;fr;se;fl;fl;di;se;fl;fr;di;di;fe;fl;fr;di;fe;fr;di;fe;fl;fr;fr;fe;fl;fr;fr;fl;fr;di;se;fe;fr;di;se;fl;fr;di;fe;bt;fr;fe;fe;fe;fr;fr;fe;;;;;;;;;;;;;fr;di;;;;;;fe;fr;;;;;fl;;;;;;;;;;;;;;;;;;;;;;;;;;;;;;;;fe;se;;fe;fl;fr;di;di;;fr;di;fe;fe;fr;fe;di;;;fe;di;;;;fe;fr;bt;fr;di;;fl;fr;fr;;fl;fr;di;di;bt;fr;fr;fe;fe;fr;fr;di;fl;fr;fr;fe;fl;fr;fr;di;se;fl;fr;di;se;;fr;di;;bt;fr;fr;fe;bt;fr;fr;di;fe;fl;fr;fe;fe;fr;di;fl;fr;di;se;fl;fr;di;di;fl;fr;di;di;fe;fr;di;di;bt;fr;fr;di;fe;fr;fr;bt;fl;fr;fr;fl;fr;di;se;fl;fr;di;se;fl;fr;di;di;bt;fr;di;di;fe;fr;fr;di;;;;;;;;;;;;;;;;;;;;;;;;fe;fe;fe;fe;;;;;;;;;;;;;;;;;;;;bt;fe;fe;di;;fr;fr;di;;;fl;;;;;;;;;;;;;;;fe;fe;;;;
Carex_curvula_subsp._curvula;;;;;;;;;;;;;;;;;;;;;;;;;;;;;;;;;;;;;;;;;;;;;;;;;;;;;;;;;;;;;;;;;;;;;;;;;;;;;;;;;;;;;;;;;;;;;;;;;;;;;;;;;;;;;;;;;;;;;;;;;;;;;;;;;;;;;;;;;;;;;;;;;;fe;fr;;;;;;;;;;;;;;;;;;;;;;;;;;;;;;;;;;;;;;;;;;;;;;;;;;;;;;;;;;;;;;;;;;;;;;;;;;;;;;;;;;;;;;;;;;fr;fe;fe;fe;fe;;;fl;fe;;;;;;;;;;;;;;;;;;;;;;;;;;;;;;;;;;;;;;;;;;;;;;;;;;;;;;;;;;;;;;;;;;;;;;;;;;;;;;;;;;;;;;;;;;;;;;;;;fr;;;;;;fl;fr;di;fe;;;;;fe;fe;fe;;fe;;;;;;;;;;;;;;;;;;;;;;;;;;;;fl;fr;fl;fl;fr;;fl;fr;se;;fl;;di;fe;fl;fr;di;;fe;fe;fe;;fl;fr;di;fe;fr;;;fr;fe;fl;fr;fr;;;;di;fe;;;;;fl;fe;fe;;fe;fr;di;;;;;;;;;;;;;;;;;;;;;;;;fl;fr;fr;fe;fe;fr;fe;bt;fl;fr;di;fe;fl;fr;fr;;fl;fr;fe;;fl;di;fe;fl;fr;fl;fl;fl;fr;fr;fl;fl;fr;di;fe;fl;di;di;;fl;fr;di;fe;fl;di;di;;;;;;;;fe;fe;;fl;fe;fe;;;fe;di;;fe;fe;fe;;fl;di;di;;;;;;;;;;;;;;;;;;;;;;;;;;;;;;;;;;;;;;;;;;;;;;;;;;;fe;fl;fe;;;;fe;fl;fr;fe;fe;;fl;fr;fe;fe;fl;di;di;fl;fl;fe;fe;;fr;di;fe;;;;;;;;;;;;;;;;;;;;;;;;;;;;;;;;;;;;;;;;;;;;;;;;;;;;;;;;;;;;;;;;;;;;;;;;;;;;;;;;fe;fr;fl;fr;fe;;fe;;fe;;fe;fe;fe;fe;fe;fe;fe;fe;fe;fe;fe;fe;fe;fe;fe;fe;fr;fr;fe;fe;fl;fl;fr;di;fl;fl;fr;di;fl;fr;di;di;fl;fl;fr;di;fl;fl;di;di;fl;fr;fr;;fe;fe;;;;;;;;fl;fe;di;fe;;;fe;fe;;;;;;;;;;;;;;;;;;;;;;;;;;;;;;;;;;;;;;;;;;;;;;;;;;;;;;;;;;;;;;;;;;;;;;;;;;fl;fe;fe;fe;fe;fe;fe;fr;;;;;fl;fr;fe;fe;fe;fr;fe;fl;fr;fr;di;fl;fl;fe;fe;fl;fl;di;di;fl;fl;fe;fe;fl;fl;di;di;fr;fe;fl;fe;fe;;di;fl;fl;fr;di;fl;fl;di;di;fl;fl;di;di;fe;fl;di;di
Carex_parviflora;;;;;;;;;;;;;;;;;;;;;;;;;;;;;;;;;;;;;;;;;;;;;;;;;;;;;;;;;;;;;;;;;;;;;;;;;;;;;;;;;;;;;;;;;;;;;;;;;;;;;;;;;;;;;;;;;;;;;;;;;;;;;;;;;;;;;;;;;;;;;;;;;;;;;;;;;;;;;;;;;;;;;;;;;;;;;;;;;;;;;;;;;;;;;;;;;;;;;;;;;;;;;;;;;;;;;;;;;;;;;;;;;;;;;;;;;;;;;;;;;;;;;;;;;;;;;;;;;;;;;;;;;;;;;;;;;;;;;;;;;;;;;;;;;;;;;;;;;;;;;;;;;;;;;;;;;;;;;;;;;;;;;;;;;;;;;;;;;;;;;;;;;;;;;;;;;;;;;;;;;;;;;;;;;;;;;;;;;;;;;;;;;;;;;;;;;;;;;;;;;;;;;;;;;;;;;;;;;;;;;;;;;;;;;;;;;;;;;;;;;;;;;;;;;;;;;;;;;;;;;;;;;;;;;;;;;;;;;;;;;;;;;;;;;;;;;;;;;;;;;;;;;;;;;;;;;;;;;;;;;;;;;;;;;;;;;;;;;;;;;;;;;;;;;;;;;;;;;;;;;;;;;;;;;;;;;;;;;;;;;;;;;;;;;;;;;;;;;;;;;;;;;;;;;;;;;;;;;;;;;;;;;;;;;;;;;;;;;;;;;;;;;;;;;;;;;;;;;;;;;;;;;;;;;;;;;;;;;;;;;;;;;;;;;;;;;;;;;;;;;;;;;;;;;;;;;;;;;;;;;;;;;;;;;;;;;;;;;;;;;;;;;;;;;;;;;;;;;;;;;;;;;;;;;;;;;;;;;;;;;;;;;;;;;;;;;;;;;;;;;;;;;;;;;;;;;;;;;;;;;;;;;;;;;;;;;;;;;;;;;;;;;;;;;;;;;;;;;;;;;;;;;;;;;;;;;;;;;;;;;;;;;;;;;;;;;
Carex_pyrenaica;;;;;;;;;;fe;fe;fe;fe;;;;;;fe;fe;fe;;;;;;fe;fe;;;;;fe;;;;fe;fl;fl;fe;fe;fe;fe;fe;;fe;fr;fe;;;;;;;;;;;;;;fe;fe;fe;fe;fe;fe;fe;bt;fe;fe;;;;;;;;;;;;;;;;;;;;;;;;;;;;;;;;;;;;;;;;;;;;;;;;;;;;;;;;;;;;;;;;;;;;;;;;;;;fl;fr;fe;fe;fr;;fr;di;;;fl;fr;di;fe;fe;fe;fe;fe;fe;fe;fe;fe;fe;fe;fe;;;;;;;;;;;;;;;;;;;;;;;;;fe;fl;fr;;;;;;;;;;;;;fe;fe;fe;;fe;fe;fe;fe;fe;fe;fe;;;;;;;;;;;;;;;;;;;;;;;;;;;;;;;;;;;;;;;;;;;;;;;;;;;;;;;;;;;;;;;;;;;;;;;;;;fe;fr;;fe;fr;di;di;;fl;fr;di;fe;fl;fr;di;;fe;fr;fe;;fe;fr;fe;;fl;fr;fe;fr;di;di;;fl;fr;di;fe;fl;di;se;;fe;fr;fr;;bt;di;fe;;;;;;fe;di;bt;fl;fr;di;fe;fl;fr;fe;;fe;fr;fe;fe;fe;fe;fe;fl;fr;fe;fl;fr;;fl;di;di;;fl;fr;di;fe;fl;di;di;;fl;di;fe;;bt;di;fe;fe;fr;fe;fr;fr;;fr;di;di;fe;fl;fr;di;fe;fl;di;di;;fl;di;fr;fe;fl;di;di;fe;fr;;fr;fr;;fr;di;di;;fl;;;fe;fl;fr;di;;fe;fr;fe;fe;fe;di;fe;;fr;fr;fe;fl;fr;se;;fl;;;fe;fl;di;di;;fl;fe;di;fe;fe;fr;di;fl;fr;fr;;fl;di;se;;fl;fr;di;fe;fl;di;fe;;fl;fr;fe;fe;fl;di;fe;fl;fr;;fl;fr;fr;se;;fl;fr;di;fe;fl;fr;di;;fl;di;di;fe;fl;fe;di;;;;fe;fr;;fr;fr;di;;fl;fe;fe;fe;fl;di;fe;;fe;fe;fe;fe;fe;fe;fe;fe;fr;;fr;;;;;fe;;;;fr;fe;;fe;fe;;fe;fe;fe;fe;fe;fe;fe;fe;fr;fr;fr;fr;;fr;di;di;;fl;fr;di;fe;fl;di;fe;;fe;di;fe;fe;fe;di;fe;fl;fl;fe;;;fe;fr;;;;;fl;;;;;;;fe;fe;fe;fe;fe;;fe;fe;fe;;;;;;;;;;;;;;;;;;;;;;;;;;;;;;;;;;;;;;;;;;;;;;;;;;;;;;;fr;;;fr;di;;fr;;;;fr;fe;fe;fl;fr;;di;fe;fr;;;;fe;fe;fe;;;;;;;;;;;;;;;;;;;;;;;fl;;;;;;;;;;;;;;;;;;;;;;;;;;;;;;;;;;;;;fl;;;;;;fe;fe;;;;;;fe;fe;fe;;;;;;;;;;;;;;;;;;;;;;;;;;;;;;;;;;;;;;;;;;;;;;;;;;;;;;;;;;;fe;fr;;fr;fr;;;bt;fr;di;di;fl;fr;fe;fe;fe;fl;fe;fe;;;;;;;;;;;;;fr;di;;;;;;fl;fe;se;se;;fr;fe;fe;;fl;fr;di;;;;;;;;;;;;;;;;;;;;;;;
Epikeros_pyrenaeus;;;;;;;;;;;;;;;;;;;;;;;;;;;;;;;;;;;;;;;;;;;;;;;;;;;;;;;;;;;;;;;;;;;;;;;;;;;;;;;;;;;;;;;;;;;;;;;;;;;;;;;;;;;;;;;;;;;;;;;;;;;;;;;;;;;;;;;;;;;;;;;;;;;;;;;;;;;;;;;;;;;;;;;;;;;;;;;;;;;;;;;;;;;;;;;;;;;;;;;;;;;;;;;;;;;;;;;;;;;;;;;;;;;;;;;;;;;;;;;;;;;;;;;;;;;;;;;;;;;;;;;;;;;;;;;;;;;;;;;;;;;;;;;;;;;;;;;;;;;;;;;;;;;;;;;;;;;;;;;;;;;;;;;;;;;;;;;;;;;;;;;;;;;;;;;;;;;;;;;;;;;;;;;;;;;;;;;;;;;;;;;;;;;;;;;;;;;;;;;;;;;;;;;;;;;;;;;;;;;;;;;;;;;;;;;;;;;;;;;;;;;;;;;;;;;;;;;;;;;;;;;;;;;;;;;;;;;;;;;;;;;;;;;;;;;;;;;;;;;;;;;;;;;;;;;;;;;;;;;;;;;;;;;;;;;;;;;;;;;;;;;;;;;;;;;;;;;;;;;;;;;;;;;;;;;;;;;;;;;;;;;;;;;;;;;;;;;;;;;;;;;;;;;;;;;;;;;;;;;;;;;;;;;;;;;;;;;;;;;;;;;;;;;;;;;;;;;;;;;;;;;;;;;;;;;;;;;;;;;;;;;;;;;;;;;;;;;;;;;;;;;;;;;;;;;;;;;;;;;;;;;;;;;;;;;;;;;;;;;;;;;;;;;;;;;;;;;;;;;;;;;;;;;;;;;;;;;;;;;;;;;;;;;;;;;;;;;;;;;;;;;;;;;;;;;;;;;;;;;;;;;;;;;;;;;;;;;;;;;;;;;;;;;;;;;;;;;;;;;;;;;;;;;;;;;;;;;;;;;;;;;;;;;;;;;;;
Euphrasia_minima;;;;;;;;;;;;;;;;fe;;;;;;;;;;;;;;;;;;;;;;;;;;;;;;;;;;;fl;;;;;;;;;;;;;;;;;;;;;;;;;;;fr;;fe;fl;fr;;;fl;fr;;;;fl;;;fl;fe;;;;;;;;;;;;;;;;;;;;;;;;;;;;;;;;;;;;;;;;;;;;;;;;;;;;;;;;;;;;;;;;;;;;;;;;;;;;;;;;;;;;;;;;;;;;;;;;;;;;;;;;;;fl;;;;;;fe;fl;fr;;;;;;;fl;fr;;;;;;;;;;;;;;;;;;;;;;;;;;;;;;;;;;;;;;;;;;;;;;;;;;;;;;;;;;;;;;;;;;;;;;;;;;;;;;;;;;;;;;;;;;;;;;;;;;;;;;;fe;;;fl;fr;;fe;fl;fr;;;fl;fr;;;fe;fl;;;fl;fr;;;bt;;;fe;;;fe;fl;fr;;fr;fl;;;;;;;;fl;di;;;;;;;;;;;;;;;;;;;;;;;;;;;;;;;;;;;;;;;;;;;;;;;;;;;;;;;;;;;;;;;;;;;;;;;;;;;;;;;;;;;;;;;;;;;;;;;;;;;;;;;;;;;;;;;;;;;;;;;;;;;;;;;;;;;;;;;;;;;;;;;;;;;;;fl;;;fl;di;;fe;fl;fr;;;fl;fe;;;;fl;;;fl;fr;;;;;;;;;;;;;;;;;;;;;;;;;fr;;;;;;;;;;;fe;fe;fl;;;;;;;;;;;fl;;;;fl;;;fl;fr;;fl;fl;fr;;fl;fl;di;;fl;fl;fe;;fe;fl;fr;bt;fe;fl;fr;;;fl;;;fl;fl;;fl;fl;fr;;fl;fl;di;;fl;fl;fe;;fe;fl;fr;;bt;fl;di;;;;;;fl;fl;;fl;fr;di;;fl;fr;di;;fl;fl;fr;;fe;fl;fl;;fe;fe;di;;;;fe;fr;;;fl;di;;fe;fl;;;bt;fl;fr;;;;;;bt;fr;di;;;;;;;;;;;;fl;;;;;;;;fl;;;;fl;;;;;;;;fl;fe;fr;;;fl;;;fl;fl;;;;fl;;;;;;;;fl;;;fl;fl;fl;fr;;fl;fl;se;;fl;fl;fr;;fe;fl;fr;;fe;fl;di;;;fl;;;fl;fl;fe;fl;fr;fr;;fl;fr;se;;fl;fl;fr;;fe;fl;fr;;fe;fl;di;;;fe;;;fl;fl;;fl;fl;di;;fe;fr;di;;fl;fl;fr;;fe;fl;fr;;fe;fl;di;;;;;;;;;;;;;;;;;;;;;;;fr;;;fl;di;;;;;;;;;;;;;;;;;;;;;;;;;;;;;;;;;;;;;;;;;;;;;;;;;;
Festuca_glacialis;;;;;;;;;;;;;;;;;;;;;;;fe;fr;fe;;;;;;;;;;;;;;;;;;;;;;;;;;;;;;;;;;;;;;;;;;;;;;;;;;;;;;;;;;;;;;;;;;;;;;;;;;;;;;;;;;;;;;;;;;;;bt;fl;fr;;;;;;;;;;;;;;;;;;;;;;;;;;;;;;;;;;;;;;;;;;;;;;;;;;;;;;;;;;;;;;;;;;fe;fl;di;fe;fe;;;fe;fe;fl;fr;;;;;;;;;;;;;;;;;;;;fr;fr;;;;;;;;;;;;;;;;;;;;;;;;;;;;;;;;;;;;;;;;;;;;;;;;;;;;;;;;;;;;;;;;;;;;;fe;fe;fe;fe;fe;;fe;fe;fe;;;;;;;;;;;;;;;;;;;;;;;;;;;;;;;;;;;;;;;;;;;;;;;;;;;;;;;;;;;;;;;;;;;;;;;;;;;;;;;;;;;;;;;;;;;;;;;;;;;;;;;;;;;;;;;;;;;;;;;;;;;;;;;;;;;;;;;;;;;;;;;;;;;;;;;;;;;;;;;;;;;;;;;;;;;;;;;;;;;;;;;;;;;;;;;;;;;;;;;;;;;;;;;;;;;;;;;;;;;;;;;;;;;;;;di;;;;fe;;;fe;fe;;;;;;;;;;;;;;;;;;;;;;;;;;;;;;;;;;;;;;;;;;;;;;;;;;;;;;;;;;;;;;;;;;;;;;;;;;;;;;;;;;;;;;;;;;;;;;;;;;;;;;;;;;;;;;;;;;;;;;;;;;;;;;;;;;;;;;;;;;;;;;;;;;;;;;;;;;;;;;;;;;;;;;;;;;;;;;;;;;;;;;;;;;;;;;;;;;;;;;;;;;;;;;;;;;;;;;;;;;;;;;;;;;;;;;;;;;;;;;;;;;;;;;;;;;;;;;;;;;;;;;;;;;;;;;;;;;;;;;;;;;;;;;;;;;;;;;;;;;;;;;;;;;;;;;;;;;;;;;;;;;;;;;;;;;;;;;;;;;;;;;;;;;;;;;;;;;;;;;;;;fl;fe
Festuca_paniculata_subsp._paniculata;;;;;;;;;;;;;;;;;;;;;;;;;;;;;;;;;;;;;;;;;;;;;;;;;;;;;;;;;;;;;;;;;;;;;;;;;;;;;;;;;;;;;;;;;;;;;;;;;;;;;;;;;;;;;;;;;;;;;;;;;;;;;;;;;;;;;;;;;;;;;;;;;;;;;;;;;;;;;;;;;;;;;;;;;;;;;;;;;;;;;;;;;;;;;;;;;;;;;;;;;;;;;;;;;;;;;;;;;;;;;;;;;;;;;;;;;;;;;;;;;;;;;;;;;;;;;;;;;;;;;;;;;;;;;;;;;;;;;;;;;;;;;;;;;;;;;;;;;;;;;;;;;;;;;;;;;;;;;;;;;;;;;;;;;;;;;;;;;;;;;;;;;;;;;;;;;;;;;;;;;;;;;;;;;;;;;;;;;;;;;;;;;;;;;;;;;;;;;;;;;;;;;;;;;;;;;;;;;;;;;;;;;;;;;;;;;;;;;;;;;;;;;;;;;;;;;;;;;;;;;;;;;;;;;;;;;;;;;;;;;;;;;;;;;;;;;;;;;;;;;;;;;;;;;;;;;;;;;;;;;;;;;;;;;;;;;;;;;;;;;;;;;;;;;;;;;;;;;;;;;;;;;;;;;;;;;;;;;;;;;;;;;;;;;;;;;;;;;;;;;;;;;;;;;;;;;;;;;;;;;;;;;;;;;;;;;;;;;;;;;;;;;;fe;fe;fe;;;;fe;fe;fe;;fe;fe;fe;;fe;fe;di;fe;fe;fe;fe;fe;fl;fl;fr;di;fe;fe;fe;fe;fe;fe;fr;fr;fe;bt;fr;di;fe;bt;fr;di;;;;;;;;;;;;;;;;;;;;;;;;;;;;;;;;;;;;;;;;;;;;;;;;;;;;;;;;;;;;;;;;;;;;;;;;;;;;;;;;;;;;;;;;;;;;;;;;;;;;;;;;;;;;;;;;;;;;;;;;;;;;;;;;;;;;;;;;;;;;;;;;;;;;;;;;;;;;;;;;;;;;;;;;;;;;;;;;;;;;;;;;;;;;;;;;;;;;;;;;;;;;;;
Festuca_rubra_subsp._commutata;fe;fl;fe;fe;fe;fe;;;;;fl;fr;se;fe;fl;fr;di;fe;fe;bt;fr;;fe;bt;fl;;;;;;;;;;;;;;;;;;fl;fr;;;;fl;;;fe;;;;;;;;;;;;;;fe;fe;fe;;;;;;;;fe;;;;;;;;;;;;;;;;;fe;fe;fe;;;;;;fe;fl;fr;;;fl;fr;fr;;;;;;fe;fe;di;;fe;;;;;;;;;;;;;;;;;;;;;;;;fe;;fe;fr;fe;;;;fe;fe;fe;fe;fe;;;;;fe;;fe;;fe;fe;fe;fe;fe;;fe;bt;fl;fe;fl;fe;fe;fe;fe;bt;fl;di;;bt;fl;fr;;fe;fe;fr;fe;fe;fr;fr;;fe;bt;fr;fe;fl;;;;fe;;;;;;;;;;;;;;;;;;;;;;;;;;;;;;;;;;;;;;;;;;;;;;;;;;;;;;;;;;;;;;;;;;;;;fe;fl;fe;fe;;bt;fl;fr;;fl;fl;fr;fe;fl;fr;fe;;fe;;;;;;;fe;fl;;;;;;;bt;fl;fr;;bt;di;fe;;fe;fe;fe;;fe;fe;fe;fe;fe;fe;fe;;;;;;;;;fe;fr;fe;;fe;fe;fe;;fe;fe;fe;;;;;;;;;;;;;;;;;;;;;;;;;;;fe;fe;;;;;;;;;;;;;;fe;;;;;;;;;;;;;;;;;;;;;;;;;;;;;;;;;;;;;;;;;;;;;;;;;;;;;;;;;fe;bt;fl;fe;fl;fl;fl;fe;fl;fr;fr;fe;fl;fr;di;;fe;fr;di;;bt;fr;fr;fe;fl;fl;fe;fl;fl;fl;fe;fl;fr;di;fe;fl;fr;fr;;fe;fr;di;;bt;fr;fr;;;;;;;;;;;;;;;;;;;;;;;;fe;fl;;fe;fe;;;;;;fl;fl;fr;;;fr;;;fe;;;;;;;fe;fe;fe;fe;fl;;;fl;fl;fe;bt;fr;di;fe;fe;fe;fe;;fe;fe;fe;;fe;bt;fl;;;;;;;;;;;;;;;;;;;;;;;;bt;fl;fe;fe;fe;fe;fe;fe;fl;;fl;fr;di;;fl;fl;di;fe;fe;fr;fe;fe;bt;fl;fr;fe;bt;fr;di;fe;fl;fl;fe;fe;fe;fl;;fl;fl;fr;fe;fl;fl;di;fe;fl;fr;di;fe;fe;fr;di;fe;bt;fr;di;fe;fl;fl;fe;fe;bt;fl;fe;fl;fr;fr;fe;fl;fl;di;fe;fe;fe;di;fe;bt;fr;di;fe;bt;fr;fr;fe;fe;fe;fe;fl;;fl;fr;di;;fl;fl;;;fl;fr;di;fe;bt;fe;fl;fe;bt;fr;fr;;;;;;;;;;;;;;;;;;;;;;fe;bt;fr;fe;;;;;;;;;;;;;;;;;;;;;;;;;;;;;;;;;;;;;;;;;;;;fe;bt;fl;fe;bt;fr;di;fe;fl;fl;fe;fe;fl;fl;;fl;fr;fr;fe;fl;fl;fr;fe;fe;fe;fe;fe;fe;fr;fl;fe;bt;fr;di;fe;fl;fl;fe;fe;fl;fl;;fl;fr;di;fe;fl;fl;di;fe;fe;fe;fe;fe;bt;fr;fl;fe;bt;fr;di;;;;;;bt;fl;fl;fr;fr;di;;fl;fl;di;fe;fl;di;di;fe;bt;fr;di;fe;bt;fr;di;;;;;;fe;;;fl;fr;fr;;fl;fl;di;fe;fl;fe;fe;fe;bt;fr;di;fe;bt;fr;di;;;;;;;;;;;;;;;;;;;;;;;
Gentiana_alpina;fe;fe;fe;fe;fe;fe;fl;fr;di;bt;fl;di;fe;fe;fl;fr;di;fe;fe;fe;fe;fe;fe;fr;fe;fe;fe;fe;fe;fl;fe;fe;fe;fl;bi;fr;fe;fe;fe;fe;fe;fe;fe;fe;fe;fl;fr;fr;fe;fe;fe;fe;fe;fe;fe;fe;fl;fe;di;fe;fe;fe;fe;fe;bt;fr;di;fe;fe;fe;fe;fe;fe;fe;fe;fe;fe;fe;fe;fl;fe;fe;fe;fe;fe;fe;fe;fe;fe;fe;fe;fe;fr;fe;fe;fe;fe;fe;fe;fe;fe;fe;fe;bt;fl;fr;fe;fe;fe;fe;fe;fe;fe;fe;fe;fe;fl;fr;fe;fl;fr;fe;fl;fe;fe;fe;fe;fe;fe;bt;fe;fe;fe;fe;fe;fe;fe;fe;fe;fe;fe;;fe;fe;fe;fe;fe;;;fe;fe;;;;;;;fe;;;;fe;;;;;;;;;fl;fr;fe;fe;fe;fe;fe;fe;fe;fe;fl;fe;fe;bt;fl;fr;di;fe;fl;fr;fr;fe;fl;fr;fr;fe;fe;fe;fe;fe;fe;fe;fe;fe;fe;fe;fe;fe;fe;fe;fe;fe;fe;fe;fe;fe;;fe;fe;fe;;;;;;fe;fe;fe;fe;;fl;fe;fe;fe;fe;fe;fe;fe;fe;fe;fe;fe;fe;fe;fe;fe;fe;fe;fe;fe;fe;fe;fe;;;;fe;fe;fe;fe;fe;fe;fe;fe;fe;fe;fe;fe;fe;fl;fr;fe;fe;fe;fe;fe;fe;bt;fl;fe;fe;fe;fe;fe;fe;fe;fe;fe;fe;;fe;fe;fe;fe;fe;fe;fe;fe;fe;fe;fe;fl;fe;fe;fe;fl;fr;di;;fe;fe;fe;fe;fe;fl;di;fe;fl;fl;fe;fe;fe;fe;bt;fl;fr;di;fe;fl;di;di;;fe;fr;fr;fe;fl;fl;fr;fe;fe;fe;fe;fe;fe;fe;fe;fe;fe;fe;fe;fr;fe;fe;;fe;fe;fe;fe;fe;fr;fe;;;;;;fe;fe;;;;fe;;;fe;fe;fe;fe;;;fe;fe;fe;;;fe;;;;;;;;;;;;;;;;;;;;;;;;;;;;;;;;;;;;;;;;;;;;;;;;;;;fe;fe;fe;fe;fl;fr;di;bt;fl;fr;di;fe;fe;fe;fe;;fe;fe;fe;fe;fe;fl;fe;fe;fe;fe;fe;fl;fr;di;fe;fl;fe;fe;fe;fe;di;fe;;fe;fe;fe;fe;bt;fe;fe;fe;fe;fe;fe;fl;fr;se;fe;fl;fr;fe;fe;fl;di;di;;fe;fe;fe;fe;bt;fr;fe;fe;fe;fe;fl;fe;fl;fl;fe;di;bt;fl;fr;di;fe;fe;fe;fe;;fe;fe;fe;fe;fe;fl;fr;fe;fr;fe;fe;fe;fe;fe;fe;fe;;fe;fe;fe;fe;fe;fe;fe;;fe;fe;fe;fe;fl;fe;fe;;;;;;;;;;;;;;;;;;;;;;;;;;fe;fe;fe;fe;bt;fl;di;fe;fr;fe;fe;bt;fr;fr;di;fl;fl;fe;di;fe;fl;fr;di;fe;fl;fr;di;fe;fe;fe;fe;fe;fl;fe;;fe;fe;fe;fe;fe;fe;fe;;fe;fe;fe;fe;fe;fe;fe;;fe;fe;fe;fe;fe;fe;fe;fe;fe;fe;;fe;fe;fe;fe;fe;fe;fe;fe;fe;fe;fe;fe;fe;fe;fe;;fe;fe;fe;fe;fe;fe;fe;fe;;fe;fe;;fe;fl;fe;fe;bt;fe;fe;fe;fe;fe;fe;fe;;fe;fe;fe;fe;fe;fe;fe;fe;fl;fr;di;di;bt;fl;fe;di;fe;fe;fe;fe;fe;fe;fe;fe;fe;fe;fe;fe;fe;fl;fe;fe;fe;fl;fr;fr;fe;bt;fl;fe;fe;fl;fl;fe;fe;fe;fl;fe;fe;fe;fl;fe;fe;fe;fl;fr;fe;bt;fl;fr;fr;di;bt;fl;fe;se;fl;fe;fe;fe;fe;fl;fr;fe;fe;fl;fe;fe;fe;fe;fe;fe;fe;fe;fe;fe;fe;fe;fe;bt;fl;fr;di;fe;fe;fe;fe;fe;fl;fe;fe;fe;fe;fe;fe;fe;fe;fe;fe;fe;fe;fe;;fe;fe;fe;fe;fl;fr;fe;fe;fe;fe;fe;fe;fl;fr;fe;;fe;fe;fe;fe;fe;fe;fe;fe;fe;fe;bt;fr;fr;di;;;;fe;fe;fe;fe;fe;fe;fe;fe;fe;fe;fe;fe;fe;fe;fe;fe;fe;fe;fe;fe;fe;fr;di;fe;fe;fe;;;fe;fe;fe;fe;fe;fe;fe;fe;;fe;fe;fe;fe;fe;fe;fr;di;fl;di;bt;fl;fr;di;fl;fl;di;fe;fe;fl;di;fe;fe;fe;fe;fe
Gentiana_nivalis;;;;;;;;;;;;;;;;;;;;;;;;;;;;;;;;;;;;;;;;;;;;;;;;;;;;;;;;;;;;;;;;;;;;;;;;;;;;;;;;;;;;;;;;;;;;;;;;;;;;;;;;;;;;;;;;;;;;;;;;;;;;;;;;;;;;;;;;;;;;;;;;;;;;;;;;;;;;;;;;;;;;;;;;;;;;;;;;;;;;;;;;;;;;;;;;;;;;;;;;;;;;;;;;;;;;;;;;;;;;;;;;;;;;;;;;;;;;;;;;;;;;;;;;;;;;fl;fr;;;;;fe;fe;fe;fr;;;;;;;bt;fr;;;;;;;;;;;;;;;;;;;;;;;;;;;;;;;;;;;;;;;;;;;;;;;;;;;;;;;;;;;;;;;;;;;;;;;;;;;;;;;;;;;;;;;;;;;;;;;;;;;;;;;;;;;;;;;;;;;;;;;;;;;;;;;;;;;;;;;;;;;;;;;;;;;;;;;;;;;;;;;;;;;;;;;;;;;;;;;;;;;;;;;;;;;;;;;;;;;;;;;;;;;;;;;;;;;;;;;;;;;;;;;;;;;;;;;;;;;;;;;;;;;;;;;;;;;;;;;;;;;;;;;;;;;;;;;;;;;;;;;;;;;;;;;;;;;;;;;;;;;;;;;;;;;;;;;;;;;;;;;;;;;;;;;;;;;;;;;;;;;;;;;;;;;;;;;;;;;;;;;;;;;;;;;;;;;;;;;;;;;;;;;;;;;;;;;;;;;;;;;;;;;;;;;;;;;;;;;;;;;;;;;;;;;;;;;;;;;;;;;;;;;;;;;;;;;;;;;;;;;;;;;;;;;;;;;;;;;;;;;;;;;;;;;;;;;;;;;;;;;;;;;;;;;;;;;;;;;;;;;;;;;;;;;;;;;;;;;;;;;;;;;;;;;;;;;;;;;;;;;;;;;;;;;;;;;;;;;;;;;;;;;;;;;;;;;;;;;;;;;;;;;;;;;;;;;;;;;;;;;;;;;;
Gentiana_schleicheri;;;;;;;;;;;;;;;;;;;;;;;;;;;;;;;;;;;;;;;;;;;;;;;;;;;;;;;;;;;;;;;;;;;;;;;;;;;;;;;;;;;;;;;;;;;;;;;;;;;;;;;;;;;;;;;;;;;;;;;;;;;;;;;;;;;;;;;;;;;;;;;;;;;;;;;;;;;;;;;;;;;;;;;;;;;;;;;;;;;;;;;;;;;;;;;;;;;;;;;;;;;;;;;;;;;;;;;;;;;;;;;;;;;;;;;;;;;;;;;;;;;;;;;;;;;;;;;;;;;;;;;;;;;;;;;;;;;;;;;;;;;;;;;;;;;;;;;;;;;;;;;;;;;;;;;;;;;;;;;;;;;;;;;;;;;;;;;;;;;;;;;;;;;;;;;;;;;;;;;;;;;;;;;;;;;;;;;;;;;;;;;;;;;;;;;;;;;;;;;;;;;;;;;;;;;;;;;;;;;;;;;;;;;;;;;;;;;;;;;;;;;;;;;;;;;;;;;;;;;;;;;;;;;;;;;;;;;;;;;;;;;;;;;;;;;;;;;;;;;;;;;;;;;;;;;;;;;;;;;;;;;;;;;;;;;;;;;;;;;;;;;;;;;;;;;;;;;;;;;;;;;;;;;;;;;;;;;;;;;;;;;;;;;;;;;;;;;;;;;;;;;;;;;;;;;;;;;;;;;;;;;;;;;;;;;;;;;;;;;;;;;;;;;;;;;;;;;;;;;;;;;;;;;;;;;;;;;;;;;;;;;;;;;;;;;;;;;;;;;;;;;;;;;;;;;;;;;;;;;;;;;;;;;;;;;;;;;;;;;;;;;;;;;;;;;;;;;;;;;;;;;;;;;;;;;;;;;;;;;;;;;;;;;;;;;;;;;;;;;;;;;;;;;;;;;;;;;;;;;;;;;;;;;;;;;;;;;;;;;;;;;;;;;;;;;;;;;;;;;;;;;;;;;;;;;;;;;;;;;;;;;;;;;;;;;;;
Geum_montanum;fe;fe;fe;fe;fe;bt;fr;fe;fe;bt;fl;di;fe;fe;fl;fe;fe;fe;fl;fe;fe;fe;fl;di;se;fe;fe;fe;bt;fe;fe;fe;fe;fe;fe;fe;fe;fe;fe;fe;fe;fe;fe;fe;fe;fe;fe;fe;fe;fe;fe;fe;fe;fe;fe;fe;fe;fe;fe;;;;;fe;fe;fe;fe;fe;fe;fe;se;fe;fe;fe;fe;fe;fe;fe;bt;fl;di;fe;bt;fl;fe;fe;fe;fe;fe;fe;fe;fe;fe;se;;fe;;;fe;;fe;;;;;;;fe;fe;fe;fe;;fe;fe;fe;;;fe;fe;;;;;;;;;;;;;;;;;;;;;;;;;;;fe;fe;bt;fr;se;bt;fl;di;di;fe;fr;fr;fe;bt;fr;fe;fe;fe;fl;fr;di;fe;fl;fr;se;fl;fr;bt;fr;fr;bt;fl;fe;fe;bt;fl;di;di;bt;fl;fe;fe;fe;fl;di;fe;fe;fl;fe;di;;;;;;;;fe;fe;;;fe;fe;;;fe;fe;fe;fe;fe;fe;fe;fe;fe;fe;;;;;;;;;;;;fe;fe;fe;fe;fe;fe;fe;fe;fe;fe;;fe;fe;se;;fe;fe;fe;fe;fe;fe;fe;;fe;fe;fe;fe;fe;fe;fe;;fe;fe;fe;fe;fe;fe;fe;;;;;;;;;;;;;;;;;;;;;;;;;;;;;;;;;;;;;;fe;;;;fe;fe;;;;;;;;;;;;;;;;;;;;;;;;;;;;fe;fe;fe;fe;fe;fe;fe;bt;fl;di;fe;fe;fr;fe;fe;;fe;fe;fe;;fl;fe;fe;fe;fe;fe;fe;fr;fe;fe;fe;fe;fe;fe;fe;fe;fe;fe;fe;fe;;;fe;fe;;fe;fe;fe;;;fe;fe;fe;fe;fe;fe;fe;fe;fe;fe;fe;fe;fe;fe;fe;;fe;fe;fe;fe;fl;fe;fe;fe;fe;fe;fe;fe;fe;fe;fe;;fe;fe;fe;fe;fe;fe;fe;fe;;fe;fe;fe;fe;fr;fr;fe;fe;fe;fe;;fe;fe;fe;fe;fe;fe;fe;fe;bt;fr;di;;;fe;fe;fe;fe;fe;fe;;;;;;;;;;;;;;;;;;;;;;;;;;;;;;;;;;;;;;;;;;;;;;;fe;fe;fe;fe;fe;fe;fe;fe;fe;;fe;fe;fe;fe;fe;fe;fe;;fe;di;di;;fe;fe;se;fe;fe;fe;fl;fe;fe;fe;fe;fe;bt;fl;di;fe;fe;fe;fe;fe;;fl;fr;di;fe;fe;fe;se;;;;;;;;;;;;;;;;;;;;;;;;;;fe;fe;fe;fe;fe;fr;fe;bt;fr;di;di;fl;fr;di;fe;fl;fr;fe;se;fe;fe;di;fe;fe;fr;fr;di;fe;fe;fe;fe;fe;fe;fe;fe;fe;fe;fe;;fe;fe;fe;;fe;;se;fe;fe;fe;se;;;;;;;;;;;;;;;;;;;;;;;;;;;;;;;;fe;fe;fe;fe;fe;fe;fe;fe;se;fl;fr;fe;se;fe;fe;fl;se;fe;fe;fe;fe;fe;fe;fe;fe;fe;fe;fe;fr;fe;fl;gr;di;se;fl;fr;fr;se;fe;fr;fe;se;fe;fe;fe;fe;fe;fe;fe;fe;fe;fe;fe;fe;fe;fe;fe;fe;fe;fl;fr;fr;di;fe;fe;fe;fe;fe;fe;fe;fe;;fe;fe;fe;;;;;;;;;;;;;;;;;;;;;;;fe;fe;fe;fe;fe;fe;fe;fe;fe;fe;fe;fe;fe;fe;fe;fe;fe;fe;fe;fe;fe;se;fe;fe;fe;fe;fe;fe;fe;se;fe;fe;fe;fe;fe;fe;fe;fl;fr;di;se;fe;fe;fr;fe;fe;fe;fe;se;fe;fe;fe;fe;fe;fe;fe;se;fe;fe;fe;fe;fl;fr;fr;fl;fr;di;se;fl;fr;di;se;fl;fr;di;se;fe;fl;fe;fe;fe;fr;di;se;fe;fe;fe;fe;fl;fr;fe;fl;fr;di;se;fl;fe;fe;se;fl;fe;fe;se;fe;fr;di;fe;fe;fr;fr;se;fe;fe;fe;fe;di;fe;fe;fe;fr;di;se;fl;fr;di;se;fe;fe;fe;fe;bt;fr;fr;fe
Gnaphalium_supinum;fe;fe;fe;bt;fr;fe;fl;fr;di;fe;fe;fr;di;fe;bt;fr;fe;fe;fe;fr;di;fe;fe;fr;di;fe;fe;fe;fe;fe;fe;di;fe;fe;fr;di;fe;fl;fr;di;fe;fe;fr;fr;fe;bt;fr;di;fe;fe;fr;fe;fr;fr;di;fe;fr;fr;di;fe;fl;di;di;fe;fe;fl;di;fe;bt;fr;di;fe;fe;fe;fe;fe;fr;fe;fe;fl;fr;di;fe;fl;di;di;fe;fe;fr;di;fe;bt;fr;di;;;;;fe;fe;fe;fe;fe;;;;;fe;;;fe;;;;fe;;;;;;;;;;;;;;;;;;;;;;;;;;;;;;;fe;fr;fe;fe;fe;fe;fr;fr;di;fe;fl;fr;di;fe;bt;fr;di;fe;fe;fr;di;fe;fe;fr;di;fe;fe;fe;fe;fe;fe;fe;fe;fe;;fe;fe;fe;fe;fl;fr;di;fe;fe;fr;fe;fe;fe;fe;fe;fe;fe;fe;fe;fr;fe;fe;fe;fe;fe;fe;fr;di;fe;fe;di;fe;fe;fe;fe;di;fe;bt;fr;di;fe;fe;fe;fl;fr;fe;fl;fr;di;fe;fl;fr;di;fe;fl;fr;di;fe;fe;fr;fr;fe;fe;fr;di;;;;;;;;;;;;;;;;;;;;;;;;;;;fe;fe;;;;;;fe;;;;;fe;fe;fe;fe;fe;fe;;;;;;;;fe;fl;fr;di;fe;;;;fe;fe;fe;fe;;fe;fe;fe;;;fr;fe;fe;bt;fr;fe;fl;fr;di;fe;fl;fr;di;fe;fe;fe;fe;;fe;fl;fr;;fe;fr;di;fe;fl;fr;fe;fl;fr;fe;;fr;fe;fe;fe;fe;fe;fe;;fe;fr;fe;;fe;fr;di;;;fe;fe;;fe;fl;fe;di;fe;;;;fe;;;;;;;;;;fr;;;;;;;;;;;;;;;;;;;;;;;;;;;;;;;;;;;;;;;;;;;;;;;;;;;;fe;fe;fe;fe;fe;fe;fe;fe;fl;fr;fe;;;;;;fe;fr;fr;;fe;fe;fe;fe;fe;fr;fe;fl;fr;di;fe;fl;fr;di;fe;bt;fr;di;;fe;fr;fr;fe;bt;fr;di;fe;fe;fe;bt;fl;fr;di;fe;fl;fr;di;fe;bt;di;di;;fe;fe;fr;fe;bt;fr;di;fe;fl;fe;fl;fr;fe;fl;fr;di;fe;fl;fr;di;fe;fe;fe;di;;fe;fe;fr;fe;bt;fr;di;;;fe;fe;fe;;fe;;;fe;;;;fe;fe;;;;fe;fe;fe;;;;;fe;fe;fe;bt;fe;fe;fe;fe;di;fe;bt;fr;di;fe;fe;fr;fr;;fe;fe;fe;fe;fe;fr;fe;fe;fe;fe;fe;fe;fr;fr;fe;fr;fe;fe;;fl;di;fe;fe;fe;fe;fe;fe;fe;fe;fe;fe;fl;fr;fe;fe;fe;fe;fe;fe;fl;fr;;fr;di;di;fe;fr;di;di;fe;fr;di;fe;fe;fe;fr;di;fe;fl;fr;di;;;;fe;;;;;;;fe;;;;;fe;;;;;;;fe;;;;;;;;;;;;;;;;;;;;;;;;;;;;;;;;;;;;;;;;;;;;;;;;;;;;;;;;;;fe;;;fr;di;di;fe;fe;fr;fe;fe;fe;fe;fe;fe;fe;fe;fe;fe;bt;fr;di;fe;fe;fe;fe;bt;fr;fr;di;fe;fe;fr;di;di;fe;fe;fe;fe;fe;fe;fe;fe;fe;bt;fe;fe;fe;fe;fe;fe;bt;fr;di;fe;fr;di;di;fe;fr;di;di;fe;fe;fe;fe;;;;;fe;fe;fr;fe;;;;;fe;fe;fe;fe;fe;;fe;fe;fe;fe;fe;fe;fe;fe;fe;fe;fe;fr;fe;fe;fe;fe;;;;;;;;;;;;;;;;;;;;;;;;;;;;;;;;;;;;;;;;;;;;;;;;;;;;;;;;;fe;;;;;fe;fe;fl;fr;fe;fe;fr;fe;fe;fe;fe;fe;fe;fe;fl;fr;di
Helictotrichon_sedenense;;;;;;;;;;;;;;;;;;;;;;;;;;;;;;;;;;;;;;;;;;;;;;;;;;;;;;;;;;;;;;;;;;;;;;;;;;;;;;;;;;;;;;;;;;;;;;;;;;;;;;;;;;;;;;;;;;;;;;;;;;;;;;;;;;;;;;;;;;;;;;;;;;;;;;;;;;;;;;;;;;;;;;;;;;;;;;;;;;;;;;;;;;;;;;;;;;;;;;;;;;;;;;;;;;;;;;;;;;;;;;;;;;;;;;;;;;;;;;;;;;;;;;;;;;;;;;;;;;;;;;;;;;;;;;;;;;;;;;;;;;;;;;;;;;;;;;;;;;;;;;;;;;;;;;;;;;;;;;;;;;;;;;;;;;;;;;;;;;;;;;;;;;;;;;;;;;;;;;;;;;;;;;;;;;;;;;;;;;;;;;;;;;;;;;;;;;;;;;;;;;;;;;;;;;;;;;;;;;;;;;;;;;;;;;;;;;;;;;;;;;;;;;;;;;;;;;;;;;;;;;;;;;;;;;;;;;;;;;;;;;;;;;;;;;;;;;;;;;;;;;;;;;;;;;;;;;;;;;;;;;;;;;;;;;;;;;;;;;;;;;;;;;;;;;;;;;;;;;;;;;;;;;;;;;;;;;;;;;;;;;;;;;;;;;;;;;;;;;;;;;;;;;;;;;;;;;;;;;;;;;;;;;;;;;;;;;;;;;;;;;;;;;;;;;;;;;;;;;;;;;;;;;;;;;;;;;;;;;;;;;;;;;;;;;;;;;;;;;;;;;;;;;;;;;;;;;;;;;;;;;;;;;;;;;;;;;;;;;;;;;;;;;;;;;;;;;;;;;;;;;;;;;;;;;;;;;;;;;;;;;;;;;;;;;;;;;;;;;;;;;;;;;;;;;;;;;;;;;;;;;;;;;;;;;;;;;;;;;;;;;;;;;;;;;;;;;;;;;;;;;;;;;;;;;;;;;;;;;;;;;;;;;;;;;;;;
Homogyne_alpina;;;;;;;;;;;;;;;;;;;;;;;;fe;;fe;fe;fe;fe;fe;fe;fe;bt;fe;fr;di;fe;fl;fl;fe;fe;fl;fr;se;fe;fe;fe;fe;fe;fe;fe;fe;fe;fe;fe;fe;fe;fr;fe;bt;fr;fe;fe;fe;fe;fe;fe;fe;fe;fe;fe;fe;fe;fe;fe;fe;fe;fe;fe;fe;fe;fe;bt;fr;fe;fe;fe;fe;fe;fe;fe;fl;fe;fe;fe;fe;fe;fe;fe;fe;fe;fe;;fe;fe;fr;fe;fe;fe;fe;fe;fe;fl;di;di;fe;fr;fr;fe;fe;fe;fe;fe;fe;fe;bt;fe;fr;fe;;fr;fe;fe;fe;fe;fe;di;fe;fl;fe;di;fe;fe;fe;fe;fl;fr;fe;fe;fe;fe;fe;fe;fe;;fe;fe;fe;fe;fe;fe;fe;fe;fe;fe;fe;fe;fe;fe;fe;;;;;;;;;;;;;;;;;;;;;;;;;;fe;fe;fe;fe;fe;fe;fe;fe;fe;fe;fe;fe;fe;fe;fe;fe;fe;fe;fl;fe;fe;fe;fe;fe;fe;fe;fe;fe;fe;fe;fe;fr;fe;fe;fe;fe;fe;fe;fe;fe;fe;fe;fe;fe;fe;fe;fe;fe;fe;fe;;;fe;fe;fe;;;;;;;;fe;fe;fe;;;;;;;;;;fl;fr;fe;fe;;fe;fe;fe;bt;fr;fr;di;fe;fe;fe;fe;fe;fe;fe;fe;fe;fe;fe;fe;fe;fe;fe;fe;fr;fr;fe;fe;fe;fe;fe;;;;;;fe;fe;fe;fe;fe;fe;fe;fe;fe;fe;fe;fr;fe;fe;fe;fe;fe;fe;fe;fe;fe;fe;;fe;fe;fe;fe;fl;fr;di;fe;fe;fe;fe;fe;fr;;;fe;fe;fe;fe;fe;fe;fe;;fe;fe;fe;;fe;fe;fe;fe;fe;fe;fe;fe;bt;fr;fr;;fe;fe;fe;fe;fe;fr;fe;fe;;fe;fe;fe;;fe;fe;fe;;;;;;;;;;;;;;;;;;;;;;;;;fe;fl;fr;fe;fl;fe;fe;fe;fe;fe;fe;fe;fe;fe;fe;fl;fe;fe;;fe;fe;fe;fe;fl;fr;fe;;;;;;;;;;;;;;fe;fe;;fe;fe;fe;;fe;fe;fe;;;;;;;;;;;;;;;;;fe;fe;fe;;fe;fe;se;;;;;;;;fe;;;;fe;fe;fe;fe;;fe;fe;fe;fe;fe;fe;fe;;;;;;;;;;;;;;;;;;;;;;;;;;;;;;;;;;;;;;;;;;;;;;;;;;fe;;;;;;;;;;;;;;;;;;;;;fe;;;;;;;;;;;;;;;;;;;;;;;;;;;;;;;;;;;;;;;;;;;;;;;;;;;fe;fe;fe;fe;fe;;;;;;;;;;;;;;;;;;;;;fe;;;;;;;;;;;fe;;;;fe;fe;fe;fe;fe;fe;;;fe;fe;;;fe;fe;fe;fe;;;;;fe;fe;fl;fl;fr;bt;gr;fe;fe;fe;fe;fe;fe;fe;fe;fe;fe;fe;fe;fe;fe;fe;fe;fe;fe;fe;fe;fe;fe;fe;fe;fe;fe;fe;fe;fe;fe;fe;fe;fr;fe;fe;fe;fe;fe;fe;fe;fr;fe;fe;;;;;;;;;;;;;;;;;;;;;;;;;;;;;;;;;;;;;;;;;;;;;;;;;;;;;fe;fe;fe;fe;fe;fe;fe;fe;;;fe;;fe;fe;fe;fe;fe;fe;fe;fe;fe;fe;fe;fe;fe;fe;fe;fe;fe;fe;bt;fl;fl;di;fe;fe;fe;fe;;fe;fe;fe;fe;fe;fe;fe;fe;fe;fe;fe;fe;fe;fe;fe;;;;;;;;;;;;;;;;;;;;;;;;;;;;fe;fe;feuille;fe;fe;fl;fe;fe;fe;fe;fe;fe;fe;fe;fe;fe;fe;fe;fe;fe;fe;fe;fe
Jasione_crispa;;;;;;;;;;;;;;;;;;;;;;;;;;;;;;;;;;;;;;;;;;;;;;;;;;;;;;;;;;;;;;;;;;;;;;;;;;;;;;;;;;;;;;;;;;;;;;;;;;;;;;;;;;;;;;;;;;;;;;;;;;;;;;;;;;;;;;;;;;;;;;;;;;;;;;;;;;;;;;;;;;;;;;;;;;;;;;;;;;;;;;;;;;;;;;;;;;;;;;;;;;;;;;;;;;;;;;;;;;;;;;;;;;;;;;;;;;;;;;;;;;;;;;;;;;;;;;;;;;;;;;;;;;;;;;;;;;;;;;;;;;;;;;;;;;;;;;;;;;;;;;;;;;;;;;;;;;;;;;;;;;;;;;;;;;;;;;;;;;;;;;;;;;;;;;;;;;;;;;;;;;;;;;;;;;;;;;;;;;;;;;;;;;;;;;;;;;;;;;;;;;;;;;;;;;;;;;;;;;;;;;;;;;;;;;;;;;;;;;;;;;;;;;;;;;;;;;;;;;;;;;;;;;;;;;;;;;;;;;;;;;;;;;;;;;;;;;;;;;;;;;;;;;;;;;;;;;;;;;;;;;;;;;;;;;;;;;;;;;;;;;;;;;;;;;;;;;;;;;;;;;;;;;;;;;;;;;;;;;;;;;;;;;;;;;;;;;;;;;;;;;;;;;;;;;;;;;;;;;;;;;;;;;;;;;;;;;;;;;;;;;;;;;;;;;;;;;;;;;;;;;;;;;;;;;;;;;;;;;;;;;;;;;;;;;;;;;;;;;;;;;;;;;;;;;;;;;;;;;;;;;;;;;;;;;;;;;;;;;;;;;;;;;;;;;;;;;;;;;;;;;;;;;;;;;;;;;;;;;;;;;;;;;;;fe;fe;;;;;;;;;;;;;;;;;;;;;;;;;;;;;;;;;;;;;;;;;;;;;;;;;;;;;;;;;;;;;;;;;;;;;;;;;;;;;;;;;;;;;;;;;;;;;;;;;;;;;;;;
Juncus_trifidus;;;;;;;;;;;;;;;;;;;;;;;;;;;;;;;;;;;;;;;;;;;;;;;;;;;;;;;;;;;;;;;;;;;;;;;;;;;;;;;;;;;;;;;;;;;;;;;;;;;;;;;;;;;;;;;;;;;;;;;;;;;;;;;;;;;;;;;;;;;;;;;;;;;;;;;;;;;;;;;;;;;;;;;;;;;;;;;;;;;;;;;;;;;;;;;;;;;;;;;;;;;;;;;;;;;;;;;;;;;;;;;;;;;;;;;;;;;;;;;;;;;;;;;;;;;;;;;;;;;;;;;;;;;;;;;;;;;;;;;;;;;;;;;;;;;;;;;;;;;;;;;;;;;;;;;;;;;;;;;;;;;;;;;;;;;;;;;;;;;;;;;;;;;;;;;;;;;;;;;;;;;;;;;;;;;;;;;;;;;;;;;;;;;;;;;;;;;;;;;;;;;;;;;;;;;;;;;;;;;;;;;;;;;;;;;;;;;;;;;;;;;;;;;;;;;;;;;;;;;;;;;;;;;;;;;;;;;;;;;;;;;;;;;;;;;;;;;;;;;;;;;;;;;;;;;;;;;;;;;;;;;;;;;;;;;;;;;;;;;;;;;;;;;;;;;;;;;;;;;;;;;;;;;;;;;;;;;;;;;;;;;;;;;;;;;;;;;;;;;;;;;;;;;;;;;;;;;;;;;;;;;;;;;;;;;;;;;;;;;;;;;;;;;;;;;;;;;;;;;;;;;;;;;;;;;;;;;;;;;;;;;;;;;;;;;;;;;;;;;;;;;;;;;;;;;;;;;;;;;;;;;;;;;;;;;;;;;;;;;;;;;;;;;;;;;;;;;;;;;;;;;;;;;;;;;;;;;;;;;;;;;;;;;;;;;;;;;;;;;;;;;;;;;;;;;;;;;;;;;;;;;;;;;;;;;;;;;;;;;;;;;;;;;;;;;;;;;;;;;;;;;;;;;;;;;;;;;;;;;;;;;;;;;;;;;;;
Leucanthemopsis_alpina_subsp._alpina;;;;;;;;;;;;;;;;;;;;;;;;;;;;;;;;;;;;;;;fe;;;;;;;;;;fe;;fe;;;;fe;;;;;;;fe;fe;fe;fe;fe;;;bt;fe;;;;;fe;fe;fe;fe;;fe;fe;fe;fe;fe;fe;fe;fe;fe;fe;fe;;fe;fe;fe;;;;;;;;;;;;;;;;;;;;;;;;;;fe;fe;fe;fe;fe;fe;fe;fe;fe;fe;;;;;;;fe;fe;;;;;;;fe;;;;;fe;;;;fe;fe;;fe;fe;fe;fe;;fe;fe;fe;fe;fe;fe;;;;fe;;;;;;;;;;;;;;;;;;;;;;;;;;;;;;;;;;;;;;;;;;;fe;fe;fe;fe;fe;fe;;fe;;;;fe;fe;fe;fe;fe;fe;fe;fe;fe;fe;fe;fe;fe;fe;fe;fe;fe;fe;;fe;fe;;;;;;;;;;;;;;;;;;;;;;;;;;;;fe;;;;;;;;;;;;;;;;;;;;;;;;;;;;;;;;;;;;;;;;;;;;;;;;;;;;;;;;;;;;;;;;;;;;;;;;;;;;;;;;;;;;;;;;;;;;;;;;;;;;;;;;;;;;;;;;;;;;;;;;;;;;;;;;;;;;;;;;;;;;;;;;;;;;;;fe;fe;;;;;;fe;;fe;fe;fe;;fe;fe;fe;;;;;;;;;;;;;;;;;;;;;;;;;;;;;;;;;;;;;;;;;;;;;;;;;;;;;;;;;;;;;;;;;;;;;;;;;;;;;;;;;;;;;;;;;;;;;;;;;;;;;;;;;;;;;;;;;;;;;;;;;;;fe;fe;;;;fe;;fe;fe;fe;fe;;fe;fe;;fe;fe;fe;;fe;fe;fe;;;;;fe;fe;fe;;fe;fe;fe;fe;fe;fe;fe;fe;fe;fe;fe;bt;fl;fe;fe;fe;fe;fe;fe;;;;fe;fe;fe;fe;fe;fe;fe;fe;fe;fe;;;fe;fe;;fe;fe;fe;fe;fe;;fe;fe;fe;;;;;;;;;;;;;;;;;;;;;;;;;;;;fe;fe;fe;fe;fe;fe;fe;fe;fe;bt;fe;fe;fe;bt;fe;fe;fe;fe;fe;fe;fe;bt;fe;fe;fe;;fe;bt;fe;fe;;fe;;fe;fe;fe;fe;fe;;fe;fe;fe;fe;fe;fe;fe;;;fe;fe;fe;fe;fe;;fe;;fe;fe;fe;;fe;fe;fe;fe;fe;fe;fe;fe;fe;fe;fe;fe;fl;fe;fe;;;fe;;;;fe;fe;;;fe;fe;fe;;fe;fe;fe;fe;fe;fe;fe;;fe;fe;fe;;;;fe;fe;fe;;;fe;fe;fe;;fe;;;;;fe;fe;;;fe;;;;;;;;;;;;;;;;;;;;;;;;;;;;;;;;;;;;fe;fe;fe;;;;;;;fe;fe;fe;;;;;;;fe;fe;;;;;;;;;;;;;;;;;;;;;;;;;;;;;;;;;;;;;;;;;;;;;;;;;;;;;;
Linaria_alpina;;;;;;;;;;;;;;;;;;;;;;;;;;;;;;;;;;;;;;;;;;;;;;;;;;;;;;;;;;;;;;;;;;;;;;;;;;;;;;;;;;;;;;;;;;;;;;;;;;;;;;;;;;;;;;;;;;;;;;;;;;;;;;;;;;;;;;;;;;;;;;;;;;;;;;;;;;;;;;;;;;;;;;;;;;;;;;;;;;;;;;;;;;;;;;;;;;;;;;;;;;;;;;;;;;;;;;;;;;;;;;;;;;;;;;;;;;;;;;;fl;fe;fe;;;;;;;;;;;;;;;;;;;;;;;;;;;;;;;;;;;;;;;;;;;;;;;;;;;;;;;;;;;;;;;;;;;;;;;;;;;;;;;;;;;;;;;;;;;;;;;;;;;;;;;;;;;;;;;;;;;;;;;;;;;;;;;;;;;;;;;;;;fe;;;;;;;;;;;;;;;;;;;;;;;;;;;;;;;;;;;;;;;;;;;;;;;;;;;;;;;;;;;;;;;;;;;;;;;;;;;;;;;;;;;;;;;;;;;;;;;;;;;;;;;;;;;;;;;;;;;;;;;;;;;;;;;;;;;;;;;;;;;;;;;;;;;;;;;;;;;;;;;;;;;;;;;;;;;;;;;;;;;;;;;;;;;;;;;;;;;;;;;;;;;fe;fe;fe;fe;bt;fe;fe;bt;fr;fe;fe;bt;fl;fl;se;bt;fe;fe;fe;fe;fe;fe;fe;fe;fl;fe;fe;fe;fl;fe;fe;bt;fl;fe;fl;fr;fe;fe;fl;bt;fe;fe;fe;fe;fe;fe;fe;fl;fe;fe;fe;fe;fe;fe;;;;;;fe;fe;;fl;;;;;;;;;;;;;;;;;;;;;;;;;;;;;;;;;;;;;;;;;;;;;;;;;;;;;;;;;;;;;;;;;;;;;;;;;;;;;;;;;;;;;;;;;;;;;;fe;fe;fe;fe;bt;fl;;;;;;;;;;;fe;fe;fe;;;fe;fl;fe;fe;;;;;;;;;fe;;fe;fe;fe;fe;se;fl;fe;fe;fe;fe;fl;fe;fe;fe;fe;fe;fe;fe;fe;fe;fe;fe;fe;fe;bt;fr;fe;fe;;;;;;;;;fe;;;;;fe;fe;fe;;;;;;;;;;;;;;;;;;;;;;;;;;;;;;;;;;;;;;;;;;;;;;;;;;;;;;;;;;;;;;;;;;;;;;;;;;;;;
Lotus_alpinus;;;;;;;;;;;;;;;;;;;;;;;;;;;;;;fe;fe;fe;;fe;fe;fe;fe;fe;fe;fe;;;fe;fe;;fe;fe;fe;fe;fe;fe;fe;fe;fe;fe;fe;fe;fe;fe;fe;bt;fe;fe;fe;fe;fe;fe;fe;fe;fe;fe;;;;;;;;;;;;;;;;;;;;;;;;;;;;;;;;;;;;;;;;;;;;;;;;;;;;;;;;;;;;;;;;;;;;;;;;;;;;;;;;;;;;;;;;;;;;;;;;;;;;;;;;;;;;;;;;;;;;;;;;;;;;;;;;;;;;;;;;;;;;;;;;;;;;;;;;;;;;;;;;;;;;;;;;;;;;;;;;;;;;;;;;;;;;;;;;;;;;;;;;;;;;;;;;;;;;;;;;;;;;;;;fe;fl;;fe;fe;fl;fe;fe;bt;fe;fe;;bt;fl;fe;;fe;fe;fe;;bt;fr;fe;;;;;;;;;;;;;;;;;;;;;;;;;;;;;;;;;;;;;;;;;;;;;;;;;;;;;;;;;;;;;;;;;;;;;;;;;;;;;;;;;;;;;;;;;;;;;;;;;;;;;;;;;;;;;;;;;;;;;;;;;;;;;;;;;;;;;;;;;;;;;;;;;;;;;;;;;;;;;;;;;;;;;;;;;;;;;;;;;;;;;;;;;;;;;;;;;;;;;;;;;;;;;;;;;;;;;;;;;;;;;;;;;;;;;;;;;;;;;;;;;;;;;;;;;;;;;;;;;;;;;;;;;;;;;;;;;;;;;;;;;;;;;;;;;;;;;;;;;;;;;;;;;;;;;;;;;;;;;;;;;;;;;;;;;;;;;;;;;;;;;;;;;;;;;;;;;;;;;;;;;;;;;;;;;;;;;;;;;;;;;;;;;;;;;;;;;;;;;;;;;;;;;;;;;;;;;;;;;;;;;;;;;;;;;;;;;;;;;;;;;;;;;;;;;;;;;;;;;;;;;;;;;;;;;;;;;;;;;;;;;;;;;;;;;;;;;;;;;;;;;;;;;;;;;;;;;;;;;;;;;;;;;;;;;;;;;;;;;;;;;;;;;;;;;;;;;;;;;;;;;;;;;;;;;;;;;;;;;
Luzula_alpinopilosa_subsp._candollei;;;;;;;;;;;;;;;;;;;;;;;;;;;;;;;;;;;;;;;;;;;;fe;;fe;fe;fe;;;;;;;;;;;;;;;;;;;fe;;fe;fe;fe;;;;;;;;;;;;;;;;;fl;fr;di;;;;fr;fe;fe;fl;fl;fr;fl;fl;fr;di;fe;fl;fr;fr;fe;fe;fe;fe;fe;fl;fe;di;;fl;fr;fe;fl;fl;;fl;fl;fr;fe;fr;fr;di;bt;fl;fr;di;bt;fl;fr;di;fe;fl;fr;di;;fl;fr;di;;fe;fe;fl;fr;bt;fr;;;bt;fe;fe;fe;fe;;fe;fe;;fe;fr;fe;;fe;fr;fe;;;;;;;;;;;;;;;;;fe;;;;;;fe;fe;fe;;;;;;;;;;;;;;;;;;;;;;;;;;;;;;;;;;;;;;;;;;;;;;;;;;;;;;;;;;;;;;;;;;;;;;;;;;;;;;;;;;;;;;;;;;;;;;;;;;;;;;;;;;;;;;;;;;;;;;;;;;fe;fl;fe;fe;fe;fe;;;fe;fr;di;;fe;fe;se;;fe;fe;fe;;fe;fe;fe;fe;fe;fe;fe;fe;fl;di;fe;fl;fr;di;fe;fl;fe;se;;bt;fe;fe;;fl;fr;di;fe;fe;fe;fe;fe;fe;fe;fe;;;fl;fr;fe;fe;fe;fe;se;;fe;fe;fe;;fe;fe;fe;;;;;;;;;;;;fe;fe;;;;;;;fe;fe;;fl;fe;di;;;;;;;;;;;fe;;;;fl;fr;se;;bt;fe;fe;;fr;fe;di;;;;;;;;;;;;;;;;;;;;;;;;;;;;;;;;;;;;;;;;;;;;;;;;;;;;;;;;;;;;;;;;;;;;;;;;;;;;;;;;;;;;;;;;;;;;;;;;;;;;;;;;;;;;;;;;;;;;;;;;;;;fe;fr;fe;fl;fr;di;bt;fl;fr;di;fe;fl;fr;se;;bt;fr;fr;;fl;fr;fr;;;;;;;;;;;;;;;;;;;;;;;;;;;;;;;;;;;;;;;;;;;;;;;;;;;;;;;;;;;;;;;;;;;;;;;;;;;;;;;;;;;;;;;;;;;;;;;;;;;;;;;;;;;;;;;;;;;;;;;;;;;;;;;;;;;;;;;;;;;;;;;;;;;;;;;;;;;;;;;;;;;;;;;;;;;;;;;;;;;;;;;;;;;;;;;;;;;;;;;;;;;;;;;;;;;;;;;;;;;;;;;;;;;;;;;;;;;;;;;;;;;;;;;;;;;;;;;;;;;;;;;;;;;;;;;;;;;;;;;;;;;;;;;;;;;;;;;;;;;;;;;;;;;;;;;;
Luzula_lutea;;;;;;;;;;;;;;;;;;;;;;;;;;;;;;;;;;;;;;;;;;;;;;;;;;;;;;;;;;;;;;;;;;;;;;;;;;;;;;;;;;;;;;;;;;;;;;;;;;;;;;;;;;;;;;;;;;;;;;;;;;;;;;;;;;bt;fr;fr;;;;;;fe;fl;fe;fe;;fl;fr;se;fl;fr;fe;fe;fe;;;;;bt;fl;fr;di;;fr;;se;fe;fl;fe;fr;fe;fe;;;;;;;;;;;;;;;;;;;;;;;;;;;;;;;;;;;;;;;;;;;;;;;;;;;;;;;;;;;;;;;;;;;;;;;;;;;;;;;;;;;;;;;;;;;;;;;;;;;;;;fl;fe;fe;fe;fe;fl;fr;fr;bt;fr;fe;fe;bt;fr;fe;se;fe;fe;fe;fe;;fe;fe;se;;;;;;;;;;;;;;;;;;;;;;;;;;;;;;;;;;;;;;;;;;;;;;;;;;;;;;;;;;;;;;;;;;;;;;;;;;;;;;;;;;;;;;;;;;;;;;;;;;;;;;;;;;;;;;;;;;;;;;;;;;;;;;;;;;;;;;;;;;;;;;;;;;;;;;;;;;;;;;;;;;;;;;;;;;;;;;;;;;;;;;;;;;;;;;;;;;;;;;;;;;;;;;;;;;;;;;;;;;;;;;;;;;;;;;;;;;;;;;;;;;;;;;;;;;;;;;;;;;;;;;;;;;;;;;;;;;;;;;;;;;;;;;;;;;;;;;;;;;;;;;;;;;;;;;;;;;;;;;;;;;;;;;;;;;;;;;;;;;;;;;;;;;;;;;;;;;;;;;;;;;;;;;;;;;;;;;;;;;;;;;;;;;;;;;;;;;;;;;;;;;;;;;;;;;;;;;;;;;;;;;;;;;;;;;;;;;;;;;;;;;;;;;;;;;;;;;;;;;;;;;;;;;;;;;;;;;;;;;;;;;;;;;;;;;;;;;;;;;;;;;;;;;;;;;;;;;;;;;;;;;;;;;;;;;;;;;;;;;;;;;;;;;;;;;;;;;;;;;;;;;;;;;;;;;;;;;;;;;;;;;;;;;;;;;;;;;;;;;;;
Luzula_nutans;;;;;;;;;;;;;;;;;;;;;;;;;;;;;;;;;;;;;;;;;;;;;;;;;;;;;;;;;;;;;;;;;;;;;;;;;;;;;;;;;;;;;;;;;;;;;;;;;;;;;;;;;;;;;;;;;;;;;;;;;;;;;;;;;;;;;;;;;;;;;;;;;;;;;;;;;;;;;;;;;;;;;;;;;;;;;;;;;;;;;;;;;;;;;;;;;;;;;;;;;;;;;;;;;;;;;;;;;;;;;;;;;;;;;;;;;;;;;;;;;;;;;;;;;;;;;;;;;;;;;;;;;;;;;;;;;;;;;;;;;;;;;;;;;;;;;;;;;;;;;;;;;;;;;;;;;;;;;;;;;;;;;;;;;;;;;;;;;;;;;;;;;;;;;;;;;;;;;;;;;;;;;;;;;;;;;;;;;;;;;;;;;;;;;;;;;;;;;;;;;;;;;;;;;;;;;;;;;;;;;;;;;;;;;;;;;;;;;;;;;;;;;;;;;;;;;;;;;;;;;;;;;;;;;;;;;;;;;;;;;;;;;;;;;;;;;;;;;;;;;;;;;;;;;;;;;;;;;;;;;;;;;;;;;;;;;;;;;;;;;;;;;;;;;;;;;;;;;;;;;;;;;;;;;;;;;;;;;;;;;;;;;;;;;;;;;;;;;;;;;;;;;;;;;;;;;;;;;;;;;;;;;;;;;;;;;;;;fe;fe;fe;;fe;fr;di;fl;fr;di;di;fl;fr;fr;di;fl;fe;fe;se;bt;fr;fe;di;fe;fl;fr;di;fe;fe;fl;fr;di fin;fl;fr;di;di;;fr;fr;di;fl;fr;fe;se;bt;fr;fr;di;bt;fl;fr;di;;;;;;;;;;;;;;;;;;;;;;;;;;;;;;;;;;;;;;;;;;;;;;;;;;;;;;;;;;;;;;;;;;;;;;;;;;;;;;;;;;;;;;;;;;;;;;;;;;;;;;;fe;di;fe;fe;fe;fr;di;fl;gr;di;di;fl;fr;fr;di;fl;fr;fe;se;bt;fr;fr;di;fe;fl;fr;di;fe;fe;fe;fe;fl;fr;di;fl;gr;di;di;;fr;fr;di;fl;fr;di;se;bt;fr;fr;di;;fl;fr;di;;;;;;;;;;;;;;;;;;;;;;;;;;;;;;;;;;;;;;;;;;;;;;;;;;
Luzula_spicata_subsp._mutabilis;;;;;;;;;;;;;;;;;;;;;;;;;;;;;;;;;;;;;;;;;;;;;;;;;;;;;;;;;;;;;;;;;;;;;;;;;;;;;;;;;;;;;;;;;;;;;;;;;;;;;;;;;;;;;;;;;;;;;;;;;;;;;;;;;;;;;;;;;;;;;;;;;;;;;;;;;;;;;;;;;;;;;;;;;;;;;;;;;;;;;;;;;;;;;;;;;;;;;;;;;;;;;;;;;;;;;;;;;;;;;;;;;;;;;;;;;;;;;;;;;;;;;;;;;;;;;;;;;;;;;;;;;;;;;;;;;;;;;;;;;;;;;;;;;;;;;;;;;;;;;;;;;;;;;;;;;;;;;;;;;;;;;;;;;;;;;;;;;;;;;;;;;;;;;;;;;;;;;;;;;;;;;;;;;;;;;;;;;;;;;;;;;;;;;;;;;;;;;;;;;;;;;;;;;;;;;;;;;;;;;;;;;;;;;;;;;;;;;;;;;;;;;;;;;;;;;;;;;;;;;;;;;;;;;;;;;;;;;;;;;;;;;;;;;;;;;;;;;;;;;;;;;;;;;;;;;;;;;;;;;;;;;;;;;;;;;;;;;;;;;;;;;;fr;;;;;;;;;;;;;;;;;;;;;;;;;;;;;;;;;;;;;;;;;;;;;;;;;;;;;;;;;;;;;;;;;;;;;;;;;;;;;;;;;;;;;;;;;;;;;;;;;;;;;;;;;;;;;;;;;;;;;;;;;;;;;;;;;;;;;;;;;;;;;;;;;;;;;;;;;;;;;;;;;;;;;;;;;;;;;;;;;;;;;;;;;;;;;;;;;;;;;;;;;;;;;;;;;;;;;;;;;;;;;;;;;;;;;;;;;;;;;;;;;;;;;;;;;;;;;;;;;;;;;;;;;;;;;;;;;;;;;;;;;;;;;;;;;;;;;;;;;;;;;;;;;;;;;;;;;;;;;;;;;;;;;;;;;;;;;;;;;;;;;;;;;;;
Meum_athamanticum;;;;;;;;;;;;;;;;;;;;;;;;;;;;;;;;;;;;;;;;;;;;;;;;;;;;;;;;;;;;;;;;;;;;;;;;;;;;;;;;;;;;;;;;;;;;;;;;;;;;;;;;;;;;;;;;;;;;;;;;fe;;;;;;fe;fe;fe;fe;;fe;;;fe;fe;fe;fe;;fe;fe;fe;fe;fe;fe;fe;;;;;;;;;;;;;;;;;;;;;;;;;;;;;;;;;;;;;;;;;;;;;;;;;;;;;;;;;;;;;;;;;;;;;;;;;;;;;;;;;;;;;;;;;;;;;;;;;;;;;;;;;;;;;;;;;;;;;;;;;;;;;;;;;;;;;;;;;;;;;;;;;;;;;;;;;;;;;;;;;;;;;;;;;;;;;;;;;;;;;;;;;;;;;;;;;;;;;;;;;;;;;;;;;;;;;;;;;;;;;;;;;;;;;;;;;;;;;;;;;;;;;;;;;;;;;;;;;;;;;;;;;;;;;;;;;;;;;;;;;;;;;;;;;;;;;;;;;;;;;;;;;;;;;;;;;;;;;;;;;;;;;;;;;;;;;;;;;;;;;;;;;;;;;;;;;;;;;;;;;;;;;;;;;;;;;;;;;;;;;;;;;;;;;;;;;;;;;;;;;;;;;;;;;;;;;;;;;;;;;;;;;;;;;;;;;;;;;;;;;;;;;;;;;;;;;;;;;;;;;;;;;;;;;;;;;;;;;;;;;;;;;;;;;;;;;;;;;;;;;;;;;;;;;;;;;;;;;;;;;;;;;;;;;;;;;;;;;;;;;;;;;;;;;;;;;;;;;;;;;;;;;;;;;;;;;;;;;;;;;;;;;;;;;;;;;;;;;;;;;;;;;;;;;;;;;;;;;;;;;;;;;;;;;;;;;;;;;;;;;;;;;;;;;;;;;;;;;;;;;;;;;;;;;;;;;;;;;;;;;;;;;;;;;;;;;;;;;;;;;;;;;;;;;;;;;;;;;;;;;;;;;;;;;;;;;;;;;;;;;;;;;;;;
Mucizonia_sedoides;;;;;;;;;;;;;;;;;;;;;;;;;;;;;;;;;;;;;;;;;;;;;;;;;;;;;;;;;;;;;;;;;;;;;;;;;;;;;;;;;;;;;;;;;;;;;;;;;;;;;;;;;;;;;;;;;;;;;;;;;;;;;;;;;;;;;;;;;;;;;;;;;;;;;;;;;;;;;;;;;;;;;;;;;;;;;;;;;;;;;;;;;;;;;;;;;;;;;;;;;;;;;;;;;;;;;;;;;;;;;;;;;;;;;;;;;;;;;;;;;;;;;;;;;;;;;;;;;;;;;;;;;;;;;;;;;;;;;;;;;;;;;;;;;;;;;;;;;;;;;;;;;;;;;;;;;;;;;;;;;;;;;;;;;;;;;;;;;;;;;;;;;;;;;;;;;;;;;;;;;;;;;;;;;;;;;;;;;;;;;;;;;;;;;;;;;;;;;;;;;;;;;;;;;;;;;;;;;;;;;;;;;;;;;;;;;;;;;;;;;;;;;;;;;;;;;;;;;;;;;;;;;;;;;;;;;;;;;;;;;;;;;;;;;;;;fe;fe;fe;fe;fe;fe;fe;;;;;;fe;;;;;;fe;fe;;fe;fe;bt;fe;fe;fe;fe;fe;fe;fe;fe;;fe;fe;fe;;;;;;;;;;;;;;;;;;;;;;;;;;;;;;;;;;;;;;;;;;;;;;;;;;;;;;;;;;;;;;;;;;;;;;;;;;;;;;;;;;;;;;;;;;;;;;;;;;;;;;;;;;;;;;;;;;;;;;;;;;;;;;;;;;;;;;;;;;;;;;;;;;;;;;;;;;;;;;;;;;;;;;;;;;;;;;;;;;;;;;;;;;;;;;;;;;;;;;;;;;;;;;;;;;;;;;;;;;;;;;;;;;;;;;;;;;;;;;;;;;;;;;;;;;;;;;;;;;;;;;;;;;;;;;;;;;;;;;;;;;;;;;;;;;;;;;;;;;;;;;;;;;;;;;;;;;;;;;;;;;;;;;;;;;;;;;;;;;;;;;;;;;;;;;;;;;;;;;;;;;;;;;
Murbeckiella_pinnatifida;;;;;;;;;;;;;;;;;;;;;;;;;;;;;;;;;;;;;;;;;;;;;;;;;;;;;;;;;;;;;;;;;;;;;;;;;;;;;;;;;;;;;;;;;;;;;;;;;;;;;;;;;;;;;;;;;;;;;;;;;;;;;;;;;;;;;;;;;;;;;;;;;;;;;;;;;;;;;;;;;;;;;;;;;;;;;;;;;;;;;;;;;;;;;;;;;;;;;;;;;;;;;;;;;;;;;;;;;;;;;;;;;;;;;;;;;;;;;;;;;;;;;;;;;;;;;;;;;;;;;;;;;;;;;;;;;;;;;;;;;;;;;;;;;;;;;;;;;;;;;;;;;;;;;;;;;;;;;;;;;;;;;;;;;;;;;;;;;;;;;;;;;;;;;;;;;;;;;;;;;;;;;;;;;;;;;;;;;;;;;;;;;;;;;;;;;;;;;;;;;;;;;;;;;;;;;;;;;;;;;;;;;;;;;;;;;;;;;;;;;;;;;;;;;;;;;;;;;;;;;;;;;;;;;;;;;;;;;;;;;;;;;;;;;;;;;;;;;;;;;;;;;;;;;;;;;;;;;;;;;;;;;;;;;;;;;;;;;;;;;;;;;;;;;;;;;;;;;;;;;;;;;;;;;;;;;;;;;;;;;;fe;fl;fr;bt;fl;fr;fr;;;;fe;fl;fr;fr;se;fl;fr;fr;se;fe;fl;fr;di;;fe;fr;fe;;;;;;;;;;;;;fr;fr;;;;;;;;;;;;;;;;;;;;;;;;;;;;;;;;;;;;;;;;;;;;;;;;;;;;;;;;;;;;;;;;;;;;;;;;;;;;;;;;;;;;;;;;;;;;;;;;;;;;;;;;;;;;;;;;;fe;bt;fe;;;;fe;bt;fr;;;;;;;;;;;;fe;fr;;;;fl;;;;;;;;;;;;;;;;;;;;;;;;;;;;;;;;;;;;;;;;;;;;;;;;;;;;;;;;;;;;;;;;;;;;;;;;;;;;;;;;;;;;;;;;;;;;;;;;;;;;;;;;;;;;;;;;;;;;;;;;;;;;;;;;;;;;;
Nardus_stricta;;;;;;;;;;;;;;;;;;;;;;;;;;;;;;;;;;;;;;;;;;;;;;;;;;;;;;;;;;;;;;;;;;;;;;;;;;;;;;fe;fe;fe;fe;fe;fe;fe;fe;fe;fe;fe;fe;fr;;bt;fl;di;;;;;;;;;;;;;;;;;;;;;;;;;;;;;;;;;;;;;;;;;;;;;;;;;;;;;;;;;;;;;;;;;;;;;;;;;;;;;;;;;;;;;;;;;;;;;;;;;;;;;;;;;;;;;;;;;;;;;;;;;;;;;;;;;;;;;;;;;;;;;;;;;;;;;;;;;;;;;;;;;;;;;;;;;;;;;;;;;;;;;;;;;;;;;;;;;;;;;;;;fe;fe;;;;fl;fr;fe;fe;fl;;fe;fe;fe;fl;;fe;bt;fr;;fe;fl;fr;;;;;fe;fe;fl;fe;fe;fl;fe;fe;fe;fe;fl;;fe;fe;fe;;fe;fe;fr;;;;fe;fe;fr;fl;fe;fe;fr;fr;fe;fe;fe;;;fe;fe;fe;;fe;fe;fe;;;;;;;;;;;;;;;;;;;;;;;;;;;;;;;;;;;;;;;;;;;;;;;;;;;;;;;;;;;;;;;;;;;;;;;;;;;;;;;;;;;;;;;;;;;;;;;;;;;;;;;;;;;;;;;;;;;;fe;fe;;fe;fe;fe;;;;;;;fr;;fe;fl;di;fe;fe;;;;fe;fe;fe;;fe;fe;fe;;;;;;;;;;;;;;;;;;;;;;;;;;;;;;;;;;;;;;;;;;;;;;;;;;;;;;;;;;fr;;fe;fl;fl;fr;;fe;;fr;;;fl;fr;fe;fe;fl;fr;;;;;;;;;;;;;;;;;;;;;;;;;;;;;;;;;;;;;;;;;;;;;;;;;;;;;;;fe;fl;fl;fe;fe;bt;fl;;fl;fr;fr;;fl;fr;fe;;fl;;fe;;fl;di;fe;;bt;fl;di;;;;;;;;fl;fr;;;fr;;;;;;;;;;;;;;;;;;;;;;;;;;;;;;;;;;;;;;;;;;;;;;;;;;;;;;;;;;;;;;;;;;;;;;;;;;;;;;;;;;;;;;;;;;;;;;;;;;;;;;;;;;;;;;;;;;;;;;;;;;;;;;;;;;;;;;;;;;;;;;;;;;;;;;;;;;;;;;;;;;;;;;;;;;;;;;;;;;;;;;;;;;;;;;;;;;;;;;;;;;;;;;;;;;;;;;;;;;;
Oreochloa_disticha;fl;fl;fe;fl;fr;bt;fl;fr;se;fe;fl;fr;di;bt;fl;;;fe;fl;fr;di;fe;fl;fr;di;;;;bt;;;;;;;;;;;;fe;fe;fe;fr;fe;;fe;;fe;fe;fr;bt;;;;;fl;fr;;;;;;;fl;fr;fe;;;;;fl;fl;fe;fl;fl;fr;se;fe;fl;fr;di;fe;fe;;;fe;fl;fr;fe;fe;fe;;;;;;;;;;;;;;;;;;;;;;;;;;;;fl;fl;fe;fl;fl;fr;bt;fl;fr;se;;fl;;;bt;fl;;;;;;;fe;;;di;fl;fe;bt;fr;fe;bt;fl;fr;di;;;;;;;;;;fl;;;fe;fe;fe;di;fe;fl;;;;;;;;;;;;;;;;;;;;;;fl;di;;;;;;;;;di;;;;;;;;;fe;;;;fe;fe;fe;fe;fl;fl;fl;fl;fr;bt;fl;fr;di;fe;fl;fr;di;fe;fl;fr;fr;;;;;;fl;fr;di;;fe;fl;fr;;;;;bt;fl;fr;di;;;fr;fe;;;;;fe;fe;fe;fe;fe;fe;fl;fr;bt;fr;fr;fe;;fl;fr;;;;;;fe;;;;fe;fe;fe;fe;;;;;;;;;;;;;;;;;;;;;;;;;fl;fr;;;;;bt;;;;;;;;;;;;;;;;fe;fl;;;fl;;;;fe;fr;di;;;;;;bt;fl;di;;;;;;;;;;;;;;;;;;;;;;;;;;;;;;fl;fl;fe;fl;fr;;fl;fr;se;bt;fl;fr;fe;fe;fl;fr;fr;;fl;fl;fr;;bt;fe;fe;fl;fl;fe;fl;fr;bt;fl;;;fe;fl;fe;fe;bt;fl;fe;fe;;fl;;;;;;;;fl;;;;;;;fl;fr;di;;;;;;;fl;di;;;;;;fe;fr;;fl;fr;se;;fl;fr;di;fe;;;;;;;;;;;;;;;;fl;fr;;;fl;;;;;;;;;;;;;;;;;;;;;fl;;;;;;;;;;;;;;;;;;;;;;fl;;;fl;;;;fe;;;;;;;;fl;fr;se;;;;;fl;fl;fe;fl;fr;;fl;fr;se;bt;fl;fr;di;;;;;;fl;;;;fl;fl;di;;;;;;;;;;;;;;;;;;;;;;;;;;fr;di;;;;;;;;;;;;;;;;;;;;;;;;;;;;;;;fe;fl;fl;se;fl;fr;fr;se;;;;;fl;;;;;;;;;;;;;;;;;;fr;di;se;;;;;;;;;fe;;;;;;;;fe;fl;fe;fl;fr;;;;;fl;fl;fr;;fl;fl;;;fe;fl;fr;fe;;;;;;;;;;;;;;;;;;;;;;;;;;;;;;;;;;;;;;;;;;;;;;;;;;;;;;;;;;;;;;;;;;;;;;;;;;;;;;;;;;fe;fe;fe;;fl;;;fl;fr;fr;;;;;;fl;fl;;;fe;;;;;;;;fl;fl;fl;;fl;fl;fr;fl;fr;di;se;fl;fl;fr;di;fl;fl;;;fe;;;;;;;;fe;fl;fe;;fl;fl;fr;fl;fl;;se;fe;fl;fr;di;fl;fl;fr;di;fe;;;;;fl;fr;;;;fl;fl;;bt;;fl;fl;fr;di;fl;fl;;di;bt;fl;fl;di;bt;fl;fr;di
Pedicularis_pyrenaica;;;;;;;;;;;;;;;;;;;;;;;;;;;;;;;;;;;;;;;;;;;;;;;;;;;;;;;;;;;;;;;;;;;;;;;;;;;;;;;;;;;;;;;;;;;;;;;;;;;;;;;;;;;;;;;;;;;;;;;;;;;;;;;;;;;;;;;;;;;;;;;;;;;;;;;;;;;;;;;;;;;;;;;;;;;;;;;;;;;;;;;;;;;;;;;;;;;;;;;;;;;;;;;;;;;;;;;;;;;;;;;;;;;;;;;;;;;;;;;;;;;;;;;;;;;;;;;;;;;;;;;;;;;;;;;;;;;;;;;;;;;;;;;;;;;;;;;;;;;;;;;;;;;;;;;;;;;;;;;;;;;;;;;;;;;;;;;;;;;;;;;;;;;;;;;;;;;;;;;;;;;;;;;;;;;;;;;;;;;;;;;;;;;;;;;;;;;;;;;;;;;;;;;;;;;;;;;;;;;;;;;;;;;;;;;;;;;;;;;;;;;;;;;;;;;;;;;;;;;;;;;;;;;;;;;;;;;;;;;;;;;;;;;;;;;;;;;;;;;;;;;;;;;;;;;;;;;;;;;;;;;;;;;;;;;;;;;;;;;;;;;;;;;;;;;;;;;;;;;;;;;;;;;;;;;;;;;;;;;;;;;;;;;;;;;;;;;;;;;;;;;;;;;;;;;;;;;;;;;;;;;;;;;;;;;;;;;;;;;;;;;;;;;;;;;;;;;;;;;;;;;;;;;;;;;;;;;;;;;;;;;;;;;;;;;;;;;;;;;;;;;;;;;;;;;;;;;;;;;;;;;;;;;;;;;;;;;;;;;;;;;;;;;;;;;;;;;;;;;;;;;;;;;;;;;;;;;;;;;;;;;;;;;;;;;;;;;;;;;;;;;;;;;;;;;;;;;;;;;;;;;;;;;;;;;;;;;;;;;;;;;;;;;;;;;;;;;;;;;;;;;;;;;;;;;;;;;;;;;;;;;;;;;;;;;;;
Persicaria_vivipara;;;;;;;;;;;;;;;;;;;;;;;;;;;;;;;;;;;;;;;;;;;;;;;;;;;;;;;;;;;;;;;;;;;;;;;;;;;;;;;;;;;;;;;;;;;;;;;;;;;;;;;;;;;;;;;;;;;;;;;;;;;;;;;;;;;;;;;;;;;;;;;;;;;;;;;;;;;;;;;;;;;;;;;;;;;;;;;;;;;;;;;;;;;;;;;;;;;;;;;;;;;;;;;;;;;;;;;;;;;;;;;;;;;;;;;;;;;;;;;;;;;;;;;;;;;;;;;;;;;;;;;;;;;;;;;;;;;;;;;;;;;;;;;;;;;;;;;;;;;;;;;;;;;;;;;;;;;;;;;;;;;;;;;;;;;;;;;;;;;;;;;;;;;;;;;;;;;;;;;;;;;;;;;;;;;;;;;;;;;;;;;;;;;;;;;;;;;;;;;;;;;;;;;;;;;;;;;;;;;;;;;;;;;;;;;;;;;;;;;;;;;;;;;;;;;;;;;;;;;;;;;;;;;;;;;;;;;;;;;;;;;;;;;;;;;;;;;;;;;;;;;;;;;;;;;;;;;;;;;;;;;;;;;;;;;;;;;;;;;;;;;;;;;;;;;;;;;;;;;;;;;;;;;;;;;;;;;;;;;;;;;;;;;;;;;;;;;;;;;;;;;;;;;;;;;;;;;;;;;;;;;;;;;;;;;;;;;;;;;;;;;;;;;;;;;;;;;;;;;;;;;;;;;;;;;;;;;;;;;;;;;;;;;;;;;;;;;;;;;;;;;;;;;;;;;;;;;;;;;;;;;;;;;;;;;;;;;;;;;;;;;;;;;;;;;;;;;;;;;;;;;;;;;;;;;;;;;;;;;;;;;;;;;;;;;;;;;;;;;;;;;;;;;;;;;;;;;;;;;;;;;;;;;;;;;;;;;;;;;;;;;;;;;;;;;;;;;;;;;;;;;;;;;;;;;;;;;;;;;;;;;;;;;;;;;;;
Phleum_alpinum;;;;;;;;;;;;;;;;;;;;;;;;;fe;;;;;;;;;;;;;;;;;;;fe;fe;fe;fe;fe;;;;;;;;;;;;;;;;;;;;fe;fe;fe;fe;;;;;fe;fe;fe;;;;fe;fe;fe;fe;fe;fe;fe;fe;fe;fe;bt;fr;fr;fe;fe;fe;fl;fl;;;;;;;;;;fe;fe;fe;fe;fe;fe;fe;;bt;fe;fe;;;;;;;;;;;;;;;;;;;;;;di;fe;fe;;fr;;;;;;;fl;fl;di;;fe;fl;fr;fe;bt;di;fe;fe;fe;bt;di;fe;fe;fl;fr;;fl;fe;bt;fl;fe;fl;;;fe;fe;fe;fe;fe;fl;fe;fe;fe;fe;di;fe;fe;bt;fr;di;;;;;;;;;;fe;;;;;;;;;;fe;di;fe;fe;fe;fe;;;;;;;;;;;;;;;;;fe;;;fe;fe;;bt;fr;fr;;;;;;;;;;;;;;;;;;;;;;;;;;;;;;;;;;;;;;;;;;;;;;;;;;;;fe;fl;fl;di;fe;fl;fr;di;fe;fe;fe;fe;;fe;fe;fe;;fe;fe;fe;;;;;;;;;;;;;;;;;;;;;;;fe;;;;;;;;;;;;;;;;;;;;;bt;fe;fe;;;;;;;;;;;;;;;;;;;;di;di;;;;;;;;;;;;;;;;fe;fe;fe;fl;fr;di;;fe;fe;fe;;;;;;;;fe;fe;fe;fl;fr;fr;;fl;fl;fl;fe;fl;di;di;;fe;fr;di;fe;bt;fl;fl;;;;;;;;;;;;;;;;;;;;;;;;;;;;;;;;;;;;;;;;;;;;;fe;;;;;;;;;;;;;;;;;;;;;;;;;;;;;;;;;;;;;;fe;fe;fe;di;;fe;fe;fe;;fe;fe;fe;;;;;;;;;;;;;;fe;fl;di;di;;fe;fr;fr;fe;bt;fl;fr;;;;;fl;fe;fe;fe;fe;fe;fl;fl;fe;fe;fl;di;fe;;fe;fr;fr;;fe;fe;fe;;;;;;;;;;;;;;;;;;;;;;;;;;;;;;;;;;;;;;;;;;;;;;;;;;;;;;;;;;;;;;;;;;;;;;;;;;;;;;;;;;;;;;;;;;;;;;;;;;;;;;;;;;;;;;;;;;;;;;;;;;;;;;;;;;;;;;;;;;;;;;;;;;;;;;;;;;;;;;;;;;;;;;;;;;;;;;;;;;;;;;;;;;;;;;;;;;;;;;;;;;;;;;;;;;;;;;;;;;;;;fl;fr;fr;;fl;fr;fe;fe;fe;fe;fe;;;fe;fe;;;;;;fl;fl;;;;;;bt;fl;fr;;fl;di;di;fe;fe;fl;fe;;fe;fl;fe;;;;;;;;;;;;;;;;;;;;;;;;;;;;;;;;;;;;;;;;;;;;;;;;;;
Phyteuma_hemisphaericum;fe;fe;fe;fe;fe;fe;bt;fe;fe;;fe;bt;fe;fe;bt;fl;se;;fe;fe;fe;;fe;bt;fe;;;;;fe;;;;fe;fe;;fe;fe;fe;fe;;fe;fe;fe;;;;;;;;;fe;;;;;;;;fe;fe;fe;;;;;;;;;;fe;fe;fe;fe;fe;fe;fe;fe;fe;fe;fe;fe;fe;fe;;;;;;fe;fe;fe;;;;;;;bt;fe;fe;fe;fe;;;;fe;fr;se;;fe;fe;fe;;fe;fe;fe;fe;fe;;;;fl;;;bt;di;;;;;;bt;;fe;fe;bt;bt;fe;;fe;;fe;;;fe;fe;fe;;fe;fe;fe;;fe;;;;fe;fe;;;fe;fe;fe;;fe;fe;fe;;;;;;;;;;;;;;;;fe;fe;;;;;;;fe;fe;;;;;fe;fe;fe;fe;fe;;fe;fe;fe;fe;fe;fe;fe;;fe;fe;;;fe;fe;fe;;;;;fe;;;;;fe;;;;;;;;;;fe;;;;fe;;;;bt;fl;;bt;fl;fe;;fe;;;;bt;;di;;fe;fe;fe;;fe;fe;fe;;;bt;fl;fe;fe;fl;fr;fe;bt;fe;fe;fe;bt;se;fe;;fe;fe;fe;;bt;fe;fe;;;;;;;;;;;;;fe;;;;;;;;fe;fe;fe;;;;;;;;;;;;;;;;;;;;;fe;fe;fe;;;;;;;;;;;;;;;fe;;;;fe;;;fe;fe;;;;bt;;;bt;;;;;;;;;;;;fe;;;;fe;fe;fe;;;;;;;;;;;;;;;;;;;;;;;;fe;fe;;;;;;;;;;fe;fe;fe;fe;;;;;;fe;;;fe;;;;;;fe;;fe;fe;;;;bt;;;fe;;;;fe;fe;;;fe;fe;fe;;;;;;;;;;;;;;;;;;;;;fe;fe;;;;;fe;fe;;fr;;;;;;fe;fe;fe;;;fe;fe;;fe;fe;fe;;;;bt;fl;;fe;;;;bt;bt;fr;fe;fe;bt;fe;;fe;fe;fe;;fe;fe;fe;;;;;;;;fe;fe;;fe;;;;fe;fe;fe;;fe;fe;fe;;fe;fe;fe;;;;;;;;;;;;;;;;;;;fe;;;;;;;;;;;;;fe;;;fe;fe;;bt;fe;fe;;fe;fe;fe;;fe;fe;fe;fe;fe;fe;fe;;;;;;;;;;;;;;;;;;;;;;;;;fe;;;;;;;;;;;;;;;;;;;;;;;fe;fe;fe;;fe;fe;fe;;;;;;;bt;;;;;;;fe;;;;;fe;bt;;fe;fe;bt;fe;;;;bt;fe;;bt;fe;;fe;bt;fe;fe;fe;bt;fe;fe;fe;fe;fe;fe;;bt;fe;fe;;;;;fl;;bt;fr;fe;fe;bt;fe;fe;fe;bt;fl;fe;;fe;fe;fe;;fe;fl;fe;;;;;;;bt;fe;fe;;bt;;;;;fe;fe;;;fe;fe;;fe;fe;fe;;;;;;;fe;fe;;fe;;;;fl;fe;fe;fe;fe;fe;fe;fe;fe;fe;fe;fe;fe;fe;;;;;;;;;;;;;;;;;;;;;;fe;;;fe;;;fe;fe;fl;;;;;;bt;;;;;;;;fe;;;;fe;fe;fe;;fe;fe;fe;;;;fe;fe;bt;fe;;fl;di;fe;fe;fe;bt;fe;fe;fe;fe;fe;fe;fe;fe;fe;fe;fe;fe;fe;;fe;fe;bt;fl;;fe;fe;bt;fe;fe;fe;;fe;fe;;fe;fe;fe;fe;fe;fe;fe
Poa_alpina;fe;fe;fe;bt;fl;fe;fl;fr;di;fe;fl;fr;di;fe;fl;fr;se;fe;bt;fr;di;fe;bt;fr;di;fl;fl;fr;bt;fl;fr;se;fe;fl;fr;di;fe;fl;di;se;fe;bt;fr;fr;fe;bt;fr;di;;;fr;fl;fl;fr;se;fe;fl;fl;di;fe;fl;fr;se;fe;bt;fr;di;fe;bt;fr;di;fe;fe;fl;fl;fl;fr;se;fe;fl;fr;di;bt;fl;fr;se;fe;bt;fr;fe;fe;bt;fr;di;fe;fl;fl;fl;fr;bt;fl;fr;se;fe;fl;fr;di;bt;fl;di;se;fe;bt;fr;di;fe;bt;fr;di;fe;fl;fe;fl;fl;fr;bt;fl;fr;se;;;;;;;;se;fe;bt;fe;fr;;bt;fr;di;;;fl;fl;fr;bt;fl;fr;se;fe;fl;fr;di;fe;fl;fr;se;fe;bt;fr;di;fe;bt;fl;di;fe;fe;fl;fl;fl;bt;fl;fr;se;fe;fl;fl;di;fe;fl;fr;se;fe;bt;fr;di;fe;bt;fr;di;fe;fe;fe;bt;fr;bt;fl;fr;se;fe;fl;fr;di;fe;fl;fr;se;fe;bt;fr;di;fe;bt;fr;di;;;fe;fl;fr;;fl;fr;se;;fl;fr;di;fe;fl;di;se;fe;bt;fr;di;fe;bt;fr;di;;fl;fl;fr;fe;fl;fr;se;bt;fl;fr;di;bt;fl;fr;se;fe;bt;fr;fr;fe;bt;fr;di;fl;fl;fl;fr;fl;fr;fr;se;fe;fl;fe;fe;bt;;fe;se;fe;bt;fr;di;;fe;fe;fe;;;fe;fl;fl;fr;se;fe;fl;fr;di;fe;fl;di;se;;;fe;fe;fe;bt;fr;di;fe;fl;fr;fe;fl;fr;se;;fl;;di;;fl;di;se;;fe;fe;fe;;bt;fr;di;fe;fl;fl;fe;fl;fr;se;fe;fl;fr;di;;;;;;fe;fe;fe;;bt;fr;di;fe;fl;fe;fl;fl;fe;fl;fr;se;fe;fl;fr;di;fe;fe;di;fe;;bt;fe;fe;fe;bt;fr;di;fe;fl;fe;fl;fl;fe;fl;fr;se;fe;fl;fr;di;fe;fl;di;se;;fe;fe;di;fe;bt;fr;di;fe;fe;fe;fl;fl;;fl;fr;se;;fl;fr;di;fe;fl f;di;se;;bt;fr;fr;fe;bt;fr;di;fe;fl;fl;fe;fl;fr;se;fe;fl;fr;di;fe;fl;fr;se;;fe;fe;fe;fe;bt;fr;di;;;fl;fe;fl;fr;fe;fe;fl;fr;di;fe;fe;di;se;;fe;fe;di;;bt;fr;di;;;fe;fl;fl;fr;fr;fe;fl;fr;di;fe;fl;fe;se;;fe;fl;fr;fe;fe;fe;fe;fe;fl;fe;fl;fl;fe;fl;fr;di;fe;fl;fr;di;fe;fl;di;se;;fe;fe;fe;fe;bt;fr;di;fe;fl;fe;fl;fl;fe;fl;fr;se;fe;fe;fr;di;fe;fl;di;se;;bt;fl;di;fe;bt;fr;di;fe;fl;fe;fe;fr;fe;fl;fr;;;fl;fr;di;fe;fl;di;fe;;fe;fr;di;fe;bt;fr;di;;;;fe;fl;fl;fr;bt;fr;fr;se;;fl;fr;di;bt;fl;fe;se;fe;bt;fe;fe;fe;fl;fr;di;;;;;;;;;;;;;;;;;;;;fe;fe;fe;;;fe;fe;fe;;;;;;fl;;;;fr;se;;;;;fe;;fe;;fe;fe;fe;fe;;;;;;;;fl;;bt;;;;bt;fl;fe;;fe;fe;fe;se;fe;;fr;fe;;fe;fe;fe;fe;fe;fl;fl;fr;fl;fl;fr;se;bt;fl;fr;di;bt;fl;di;se;fe;bt;fr;di;fe;fl;fr;di;;;;;fr;bt;fr;fr;se;bt;fl;fr;di;bt;fl;di;se;fe;bt;fr;di;fe;bt;fr;di;;;;;fl;fl;fr;fr;se;bt;fl;fr;di;fe;fe;di;se;fe;bt;fr;di;fe;bt;fr;di;;;;;;;;bt;fe;fe;;fe;fe;;fe;fe;fe;fe;se;fe;bt;fe;fe;;fl;di;di;;;;;;fe;;fl;fr;fr;se;bt;fl;fr;di;fe;;fe;fe;fe;bt;di;fe;;fl;fr;di;;;;;;;;fe;;se;;bt;fe;fr;;;;fe;fe;fe;fe;fe;fe;;;;di;;;;;fl;fl;fr;bt;fr;fr;se;bt;fl;fr;di;bt;fl;di;se;fe;bt;fr;fe;fe;fl;fr;di;;;fl;fl;fr;bt;se;bt;ft;fr;di;bt;fl;di;fe;fe;bt;fr;di;bt;fl;fr;di
Poa_cenisia;;;;;;;;;;;;;;;;;;;;;;;;;;;;;;fe;;;;;;;;;;;;;;fe;;fe;;fe;;;;;;;;;;;;;;;;;;;;;;;;;;;;;;;;;;;;;;;;;;;;;;;;;;;;;;;;;;;;;;;;;;;;;;;;;;;;;;;;;;;;;;;;;;;;;;;;;;;;;;;;;;;;;;;;;;;;;;;;;;;;;;;;;;;;;;;;;;;;;;;;;;;;;;;;;;;;;;;;;;;;;;;;;;;;;;;;;;;;;;;;;;;;;;;;;;;;;;;;;;;;;;;;;;;;;;;;;;;;;;;;;;;;;;;;;;;;;;;;;;;;;;;;;;;;;;;;;;;;;;;;;;;;;;;;;;;;;;;;;;;;;;;;;;;;;;;;;;;;;;;;;;;;;;;;;;;;;;;;;;;;;;;;;;;;;;;;;;;;;;;;;;;;;;;;;;;;;;;;;;;;;;;;;;;;;;;;;;;;;;;;;;;;;;;;;;;;;;;;;;;;;;;;;;;;;;;;;;;;;;;;;;;;;;;;;;;;;;;;;;;;;;;;;;;;;;;;;;;;;;;;;;;;;;;;;;;;;;;;;;;;;;;;;;;;;;;;;;;;;;;;;;;;;;;;;;;;;;;;;;;;;;;;;;;;;;;;;;;;;;;;;;;;;;;;;;;;;;;;;;;;;;;;;;;;;;;;;;;;;;;;;;;;;;;;;;;;;;;;;;;;;;;;;;;;;;;;;;;;;;;;;;;;;;;;;;;;;;;;;;;;;;;;;;;;;;;;;;;;;;;;;;;;;;;;;;;;;;;;;;;;;;;;;;;;;;;;;;;;;;;;;;;;;;;;;;;;;;;;;;;;;;;;;;;;;;;;;;;;;;;;;;;;;;;;;;;;;;;;;;;;;;;;;;;;;;;;;;;;;;;;;;;;;;;;;;;;;;;;;;;;;;;;;;;;;;;;;;;;;;;;;;;;;;;;;;;;;;;;;;;;;
Primula_integrifolia;fe;fe;fe;fe;fe;fl;fe;fe;fe;fl;fr;fe;fe;fe;fe;fe;fe;bt;fr;fe;fe;fe;fe;fe;fe;fe;fe;fe;fl;fl;fr;di;;fe;fe;;fl;fl;fe;fe;fe;fe;fe;fe;fe;fe;fe;fe;;;fe;fe;fe;;;fe;fe;fe;fe;fe;fe;;;fe;;;fe;;;fe;fe;fe;fe;fe;fe;fe;fe;fe;fe;fe;fe;fe;fl;fr;di;fe;bt;fr;di;fe;bt;fe;fe;fe;;;;;;;;;;;;;;;;;;;;;;;;;;;;;;;;;;fr;fr;;;;;;fe;fe;fe;;;;;;fe;;;;;fe;fe;fe;fe;fe;;;fe;fe;;;fe;;;;fe;fe;fe;fe;;fe;;;;;fe;fe;fe;fe;fe;fe;fe;fe;fe;fe;fe;fe;fl;;;bt;fe;fe;fe;fe;fe;fe;fe;fe;fe;fe;fe;fe;fe;fe;fe;fe;;fe;fe;fe;fe;fe;fe;fe;bt;fe;fe;fe;fe;fe;fe;fe;fl;fe;;fe;fe;fe;fe;fe;fe;fe;fe;fe;fe;fl;fr;fe;fe;fe;fe;fe;fe;fe;fe;fe;fe;;fe;fe;fe;fr;fr;fe;di;fl;fe;fe;fe;fl;fe;fe;fe;fe;fe;fe;fe;fe;fe;fe;fe;;;fe;fe;fl;fr;fe;fe;fe;fe;fe;fe;fl;fe;se;di;fl;fe;fe;fe;fl;di;di;di;;;;;;;;;;;;;;;;;;;;;;;;;;;;;;;;;;;;;;;;;;;;;;;;;;;;;;fe;;;;fe;fe;;;;;;;;fe;fe;;;;;;;;;;;;;;;;;;;;;;;;;;;;;;;;;;;;;;;;;;;;;;;;;;;;;;;;;;;;;;;;;;;;;;;;;;;;;;;;;;;;;;;;;;;;;;fe;;;fe;;;;;fe;fe;fe;fe;fe;;fe;fe;fe;;fe;;;;;fe;fe;;fe;fe;fe;;;;;;;;fe;fe;fe;fe;fe;fe;fe;fe;;;;fe;;;fe;;;;;;;;;;;;;;;;;;;;;;;;;;;;;;;;;;;;;;;;;;;;;fe;;;;;;;;;;;;;;;;;;;;;;;;;;;;;;;;;;;;;;;;;;;;;;;;;;;;;;;;;;;;;;;;;;;;;;;fe;fe;fe;;fe;fe;fe;fl;fr;di;fe;fe;di;di;fe;;;;;;;;;;;;;;;;;;;;;;;;;;;;;;;;;;;;;;;;;;;;;;;;;;;;;;;fe;fe;fe;;fe;fe;fe;;;;;;;fe;;fe;fe;fe;se;;;;;;;;;;;;;;;;;;;;;;;;;;;;;;;;;;;;;;;;;;;;;;;;;;;;;;;;;;;;;;;;;;;;;;;;;;;;;;;;;;;;;;;;;;;;;;;;;;;;;;;;;fe;;;;;;;;;;;;;;;;;;;;;;;;;;;;;;;;;;;;;;;;;;;;;;;;;;;fe;;;;;;;;;;;;;;;;;;;;;;;;;;;;;
Rhododendron_ferrugineum;;;;;;;;;;;;;;;;;;;;;;;;;;;;;;;;;;;;;;;;;;;;;;;;;fe;fe;fe;fe;fe;fe;fe;fe;fe;fe;fe;fe;fe;fe;fe;fe;;;;;;;;fe;fe;fe;fl;fe;di;fe;fe;fe;fe;fe;fe;fl;fe;fe;fe;fe;fe;fe;fe;fl;fe;fe;fe;fe;fe;fl;fr;fe;fr;di;fe;fe;fe;fe;fe;fe;fl;fr;fr;fe;fe;fe;fe;fe;fe;fr;fe;fl;fr;fe;fe;fl;fr;bt;di;di;di;bt;di;fr;di;fe;fe;fe;fe;fe;fe;fe;fe;fe;fe;fe;fe;;;;;;fe;fe;fe;fe;fe;fe;fe;fe;fe;fe;fe;fe;fe;;;;fe;fe;fe;fe;;;;;;;;;;;;;;;;;;;;;;;;;;;;;;;;;;;;;;;;;;;;;;;;;;;fl;fr;fe;fl;fr;fe;fr;di;di;fe;fl;fr;di;fe;fl;fr;fe;fe;bt;fe;fe;fe;fl;fr;fr;;fe;fl;fr;bt;di;di;di;bt;fl;fr;di;fe;fe;fe;fe;fe;bt;fe;fr;fe;fl;fr;fr;;;;;;;;;;;fe;fe;fe;fe;fl;fe;fe;bt;fe;fe;;fe;fe;fe;;;;;;;;;;;;;;;;;;;;;;;;;;;;;;;;;;;;;;;;;;;;;;;;;;;;;;;;;;;;;;;;;;;;;;;;;;;;;;;;;;;;;;;;;;;;;;;;;;;;;;;;;;;;;;;;;;;;;;;;;;;;;;;;;;;;;;;;;;;;;;;;;;;;;;;;;;;;;;;;;;;;;;;;;;;;;;;;;;;;;;;;;;;;;;;;;;;;;;;;;;;;;;;;;;;;;;;;;;;;;;;;;;;;;;;;;;;;;;;;;;;;;;;;;;;;;;;;;;;;;;;;;;;;;;;;;;;;;;;;;;;;;;;;;;;;;;;;;;;;;;;;;;;;;;;;;;;;;;;;;;;;;;;;;;;;;;;;;;;;;;;;;;;;;;;;;;;;;;;;;;;;;;;;;;;;;;;;;;;;;;;;;;;;;;;;;;;;;;;;;;;;;;;;;;;;;;;;;;;;;;;;;;;;;;;;;;;;;;;;;;;;;;;;;;;;;;;;;;;;;;;;;;;;;;;;;;;;;;;;;;;;;;;;;;;;;;;;;;;;;;;;;;;;;;;;;;;;;;;;;;;;;;;;;;;;;;;;;;;;;;;;;;;;;;;;;;;;;;;;;;;;;;;;;;;;;;;;;;;;;;;;;;;;;;;;;;;;;;;;
Sagina_saginoides;;;;;;;;;;;;;;;;;;;;;;;;;;;;;;;;;;;;;;;;;;;;;;;;;;;;;;;;;;;;;;;;;;;;;;;;;;fe;fl;fl;;;;;;fr;;;;di;;;fe;di;;bt;fr;di;;;;;;;;;;;;;;;;;;;;;;;;;;;;;;;fr;;;;;;;;;;;;;;;;;;;;;;;;;bt;;;;;;fe;fr;se;fe;bt;fr;di;fe;fe;fe;fr;fe;bt;fr;di;;;;;fl;;;;;fe;fe;fr;;fe;fl;fr;di;fe;fe;fe;fr;fe;bt;fr;di;;;;;;;;;;;;;;;;;;;;;;;;;;;;;;;;;;;;;;;;;;;;;;;;;;;;;;;;;;;;;;;;;;;;;;;;;;;;;;;;;;;;;;;;;;;;;;;;;;;;;;;;;;;;;;;;;;;;;;;;;;;;;;;;;;;;;;;;;;;;;;;;;;;;;;;;;;;;;;;;;;;;;;;;;;;;;;;;;;;;;;;;;;;;;;;;;;;;;;;;;;;;;;;;;;;;;;;;;;;;;;;;;;;;;;;;;;;;;;;;;;;;;;;;;;;;;;;;;;;;;;;;;;;;;;;;;;;;;;;;;;;;;;;;;;;;;;;;;;;;;;;;;;;;;;;;;;;;;;;;;;;;;;;;;;;;;;;;;;;;;;;;;;;;;;;;;;;;;;;;;;;;;;;;;;;;;;;;;;;;;;;;;;;;;;;;;;;;;;;;;;;;;;;;;;;;;;;;;;;;;;;;;;;;;;;;;;;;;;;;;;;;;;;;;;;;;;;;;;;;;;;;;;;;;;;;;;;;;;;;;;;;;;;;;;;;;;;;;;;;;;;;;;;;;;;;;;;;;;;;;;;;;;;;;;;;;;;;;;;;;;;;;;;;;;;;;;;;;;;;;;;;;;;;;;;;;;;;;;;;;;;;;;;;;;;;;;;;;;;;;;;;;;;;;;;;;;;;;;;;;;;;;;;;;;;;;;;;;;;;;;;;;;;;;;;;;;;;;;;;;;;;;;;;;;;;;;;;;;;;;;;;;;;;;;;;;;;;;;
Salix_herbacea;fl m et f;fr;fe;fr;fe;fe;fr;fr;di;fe;fr;fr;se;fe;fl m;di;se;;fl m et f;fr;se;br;fl m et f;fr;di;fl f;fr;fr;fe;fr;fr;di;fe;fr;fr;se;fe;fl f;di;se;br;fl f;fr;se;br;fl f;fr;di;fl f;fr;fe;fe;fe;fe;fe;fe;fr;fr;se;fe;fl f;di;se;br;fl f;fr;se;fe;fr;fr;di;fl m et f;fr;fl m;fe;fe;fe;fe;;fr;fe;fe;fe;fl m;fr;se;br;fl f;fe;se;br;fr;fe;fe;fl m;fe;fl m;fl m fls;fe;fl m;fe;fe;fe;fl m;fl m;fe;se;fe;fl m;fe;se;br;fl m;fe;se;;fl m;fe;fe;fl m;fe;br;fl m et f;fl m et fr;fe;fl m;fe;fe;fe;fl m;fe;fe;fe;fl m;fl m;fe;se;br;fl m;fe;se;fe;fl f;fe;fe;fl m;fr;fl m;fl f;fe;fe;fl m / fr;fr;fe;fe;fl m;fe;se;fe;fl m f;fe;se;br;fl m;fe;se;fe;fl m et f;fe;fe;fl m;fe;fe;fl f;fe;fe;fe;fe;fe;fe;fe;fe;fe;fe;fl m;fe;se;br;fl m;fe;se;;fl m;fe;fe;fl m;fe;fe;fe;fe;fe;fe;fe;fe;fe;fe;fe;fe;fe;fl m;fe;se;br;fl m;fe;se;br;fl m ;fe;fe;;;;;fe;fe;fe;fe;fe;;fe;fe;fe;fe;fe;fe;se;br;fl m;fe;se;;fl m;fe;fe;;fl m;fl m;fe;fl m;fe;fe;fe;fl m;fe;fe;fe;fl m;fl m f;fe;se;br;fl m;fe;se;fe;fl m;fe;se;fl m;fe;fl m fl + fl f;fr;fl m;fe;fe;fe;fl m;fl m;fe;se;fl m;fl m;fe;se;br;fl m;fe;se;fe;fl m;fe;se;fl f;fl m;br;fr;fr;fr;di;fe;fr;fe;fe;br;fl f;di;se;;fl f;fe;se;br;fl f;fr;di;br;fr;fr;bt;fr;fr;di;bt;fr;fr;se;br;fl f;di;se;;fl f;fr;se;;fl f;fr;di;fe;fr;fe;bt;fr;fr;di;fe;fe;fe;se;br;fl f;di;se;;fl f;fr;se;br;fr;fr;di;fl f;fr;fe;fr;fr;fe;fr;fr;di;fe;fr;fr;di;br;fl f;di;se;;fl f;fr;se;br;fl f;fr;di;fl f;fl m;fe;fr;fr;fe;fr;fr;fe;fe;fr;fr;se;br;fl f;di;se;;fl f;fr;se;br;fl f;fr;di;fl f;fr;fe;fr;fr;fe;fr;fr;fr;fe;fr;fe;se;fe;fl f;di;se;;fl f;fr;se;br;fr;fr;di;fe;fr;fr;bt;fr;fr;di;fe;fr;fr;se;br;fl f;di;se;;fl f;fr;se;br;fr;fr;di;fl f;fr;fr;bt;fr;fr;di;fe;fr;fr;se;br;fl f;di;di;;fl f;fr;se;br;fl m;fr;di;fl f;fr;fe;fr;fe;fe;fe;fe;fe;fe;se;br;fl f;di;se;;fl f;fr;se;;fe;fr;se;fl f;fr;fe;fr;fe;fe;fr;fr;fe;fe;fr;fr;se;br;fl f;di;se;;fl f;fr;se;br;fr;fr;di;fl f;fr;fe;fr;fr;fe;fr;fr;fr;fe;fr;fr;fe;fe;fl f;di;se;;fl f;fr;se;br;fr;fr;di;fl f;fr;br;fr;fr;fe;fr;fr;di;fe;fr;fe;se;fe;fl f;di;se;;fl f;fr;se;;;;;fe;fl f;fe;br;fl f;fr;fr;fl m;fr;di;di;fl f;fr;fe;se;fe;fl f;di;se;fe;fl f;fe;se;fl f;fl f;fr;di;fl f;fl f;fr;fe;fl f;fr;fr;fl f;fr;di;di;fl f;fr;fr;se;fl f;fl f;di;se;fe;fl f;di;se;fl f;di;fr;di;fe;fe;fe;fe;fl f;fr;fe;fl f;fl;fr;di;fl f;fr;fr;se;fl f;fl f;di;se;fe;fr;fr;se;fe;fl f;fe;fe;fe;br;fl m;fr;fe;fl f;fe;fr;fe;fe;fr;fe;se;fl m f;fl f;di;se;fe;fe;fe;se;fl f;fr;fr;fe;fe;fl m;fl m;fe;fe;fl m;fe;fe;fe;fl m;fe;fe;se;fl m;fe;fe;se;;;;;fl m;fe;fe;se;fe;fe;fe;br;fe;fl m;fe;fe;fe;fl m;fe;fe;se;fl m;fe;se;se;fe;fe;fe;se;fl m;fe;fe;fe;fl f;fl f;fr;br;fl f;fr;fr;di;di;fl f;fr;fr;se;fl f;fl f;fe;se;fe;fr;fr;se;fl f;fr;fr;di;fe;fl f;fr;br;fl f;fr;di;fl f;fr;fr;di;fl f;fr;fr;se;fl f;fl f;fr;se;fe;fr;fe;se;fl f;fr;fr;fe;fe;fl f;fe;br;fe;fe;fe;fl m;fe;fe;fe;fl f;fr;fr;se;fl f;di;fr;se;fe;fe;fr;se;fl f;fr;fr;se;fe;fe;fe;br;fl m;fe;fe;fl m;fe;fe;fe;fl m;fe;di;se;fl m;fl f;fe;se;fe;fe;fr;se;fl m;fe;fr;se;fe;fl m;fe;br;fl m;fe;fe;fl m;fe;fe;fe;fl m;fe;fe;se;fl m;fe;fe;se;fe;fe;fe;se;fl m;fe;fe;se;fe;br;fl m;fe;;fl m;fe;fl m;fl m;fe;se;fl m;fe;fe;se;fe;fe;fe;se;fl m;fl m;fe;se
Salix_retusa;;;;;;;;;;;;;;;;;;;;;;;;;;;;;;;;;;;;;;;;;;;;;;;;;;;;;;;;;;;;;;;;;;;;;;;;;;;;;;;;;;;;;;;;;;;;;;;;;;;;;;;;;;;;;;;;;;;;;;;;;;;;;;;;;;;;;;;;;;;;;;;;;;;;;;;;;;;;;;;;;;;;;;;;;;;;;;;;;;;;;;;;;;;;;;;;;;;;;;;;;;;;;;;;;;;;;;;;;;;;;;;;;;;;;;;;;;;;;;;;;;;;;;;;;;;;;;;;;;;;;;;;;;;;;;;;;;;;;;;;;;;;;;;;;;;;;;;;;;;;;;;;;;;;;;;;;;;;;;;;;;;;;;;;;;;;;;;;;;;;;;;;;;;;;;;;;;;;;;;;;;;;;;;;;;;;;;;;;;;;;;;;;;;;;;;;;;;;;;;;;;;;;;;;;;;;;;;;;;;;;;;;;;;;;;;;;;;;;;;;;;;;;;;;;;;;;;;;;;;;;;;;;;;;;;;;;;;;;;;;;;;;;;;;;;;;;;;;;;;;;;;;;;;;;;;;;;;;;;;;;;;;;;;;;;;;;;;;;;;;;;;;;;;;;;;;;;;;;;;;;;;;;;;;;;;;;;;;;;;;;;;;;;;;;;;;;;;;;;;;;;;;;;;;;;;;;;;;;;;;;;;;;;;;;;;;;;;;;;;;;;;;;;;;;;;;;;;;;;;;;;;;;;;;;;;;;;;;;;;;;;;;;;;;;;;;;;;;;;;;;;;;;;;;;;;;;;;;;;;;;;;;;;;;;;;;;;;;;;;;;;;;;;;;;;;;;;;;;;;;;;;;;;;;;;;;;;;;;;;;;;;;;;;;;;;;;;;;;;;;;;;;;;;;;;;;;;;;;;;;;;;;;;;;;;;;;;;;;;;;;;;;;;;;;;;;;;;;;;;;;;;;;;;;;;;;;;;;;;;;;;;;;;;;;;;;;
Saxifraga_geranioides;;;;;;;;;;;;;;;;;;;;;;;;;;;;;;;;;;;;;;;;;;;;;;;;;;;;;;;;;;;;;;;;;;;;;;;;;;;;;;;;;;;;;;;;;;;;;;;;;;;;;;;;;;;;;;;;;;;;;;;;;;;;;;;;;;;;;;;;;;;;;;;;;;fe;fe;fe;fe;fe;fe;fe;;;;;;;;;;;;;;;;;;;;;;;;;;;;;;;;;;;;;;;;;;;;fl;fe;fe;fe;fe;fe;;;;;;;;;;;;;;;;;;;;;;;;;;;;;;;;;;;;;;;;;;;;fe;;fe;fe;fe;fe;fe;fe;fe;fe;fe;fe;fe;fe;fe;fe;fe;;fe;fe;fe;;;;;;;;;;;;;;;;;;;;;;;;;;;;;;;;;;;;;;;;;;;;;;;;;;;;;;;;;;;;;;;;;;;;;;;;;;;;;;;;;;;;;;;;;;;;;;;;;;;;;;;;;;;;;;;;;;;;;;;;;;;;;;;;;;;;;;;;;;;;;;;;;;;;;;;;;;;;;;;;;;;;;;;;;;;;;;;;;;;;;;;;;;;;;;;;;;;;;;;;;;;;;;;;;;;;;;;;;;;;;;;;;;;;;;;;;;;;;;;;;;;;;;;;;;;;;;;;;;;;;;;;;;;;;;;;;;;;;;;;;;;;;;;;;;;;;;;;;;;;;;;;;;;;;;;;;;;;;;;;;;;;;;;;;;;;;;;;;;;;;;;;;;;;;;;;;;;;;;;;;;;;;;;;;;;;;;;;;;;;;;;;;;;;;;;;;;;;;;;;;;;;;;;;;;;;;;;;;;;;;;;;;;;;;;;;;;;;;;;;;;;;;;;;;;;;;;;;;;;;;;;;;;;;;;;;;;;;;;;;;;;;;;;;;;;;;;;;;;;;;;;;;;;;;;;;;;;;;;;;;;;;;;;;;;;;;;;;;;;;;;;;;;;;;;;;;;;;;;;;;;;;;;;;;;;;;;;;;;;;;;;;;;;;;;;;;;;;;;;;;;;;;;;;;;;;;;;;;;;;;;;;;;;;
Saxifraga_moschata;;;;;;;;;;;;;;;;;;;;;;;;;;;;;;;;;;;;;;;;;;;;;;;;;;;;;;;;;;;;;;;;;;;;;;;;;;;;;;;;;;;;;;;;;;;;;;;;;;;;;;;;;;;;;;;;;;;;;;;;;;;;;;;;;;;;;;;;;;;;;;;;;;;;;;;;;;;;;;;;;;;;;;;;;;;;;;;;;;;;;;;;;;;;;;;;;;;;;;;;;;;;;;;;;;;;;;;;;;;;;;;;;;;;;;;;;;;;;;;;;;;;;;;;;;;;;;;;;;;;;;;;;;;;;;;;;;;;;;;;;;;;;;;;;;;;;;;;;;;;;;;;;;;;;;;;;;;;;;;;;;;;;;;;;;;;;;;;;;;;;;;;;;;;;;;;;;;;;;;;;;;;;;;;;;;;;;;;;;;;;;;;;;;;;;;;;;;;;;;;;;;;;;;;;;;;;;;;;;;;;;;;;;;;;;;;;;;;;;;;;;;;;;;;;;;;;;;;;;;;;;;;;;;;;;;;;;;;;;;;;;;;;;;;;;;;;;;;;;;;;;;;;;;;;;;;;;;;;;;;;;;;;;;;;;;;;;;;;;;;;;;;;;;;;;;;;;;;;;;;;;;;;;;;;;;;;;;;;;;;;;;;;;;;;;;;;;;;;;;;;;;;;;;;;;;;;;;;;;;;;;;;;;;;;;;;;;;;;;;;;;;;;;;;;;;;;;;;;;;;;;;;;;;;;;;;;;;;;;;;;;;;;;;;;;;;;;;;;;;;;;;;;;;;;;;;;;;;;;;;;;;;;;;;;;;;;;;;;;;;;;;;;;;;;;;;;;;;;;;;;;;;;;;;;;;;;;;;;;;;;;;;;;;;;;;;;;;;;;;;;;;;;;;;;;;;;;;;;;;;;;;;;;;;;;;;;;;;;;;;;;;;;;;;;;;;;;;;;;;;;;;;;;;;;;;;;;;;;;;;;;;;;;;;;;;;;
Scorzoneroides_pyrenaica;fe;fe;fe;fe;fe;fe;fe;fe;fe;fe;bt;fe;fe;fe;fl;fe;fe;;bt;fe;fe;;bt;fe;fe;fe;fe;fe;fe;fl;fe;;;bt;fe;fe;fe;fl;fe;fe;;fe;fe;fe;;fe;fe;fe;fe;fe;fe;fe;fe;fe;;;fe;;;fe;;;fe;;fe;;;;;fe;;fe;fe;fe;fe;fl;di;se;fe;bt;fe;fe;fe;bt;fe;fe;;fe;fe;fe;fe;fe;fe;fe;fe;fe;bt;bt;fe;fe;bt;fr;di;;bt;bt;fe;bt;bt;fe;fe;fe;fe;bt;fe;fe;fe;fe;fe;;;fe;fe;fe;fr;fe;fl;di;di;bt;fl;fr;fe;fe;bt;fe;fe;fe;bt;bt;fe;fe;bt;fe;fe;fe;fe;fe;fe;fe;fe;fe;;;fe;bt;;;fe;bt;fe;fe;fe;fe;fe;fe;fe;fe;fe;fe;;;;;;fe;bt;fe;fe;fe;bt;fe;fe;fe;bt;fe;fe;fe;bt;fe;fe;;fe;fe;fe;;;;;;bt;fl;di;se;fe;bt;fe;fe;fe;fe;fe;fe;fe;bt;bt;fe;;bt;fe;fe;;;fe;fe;fe;fe;fl;di;fe;fe;bt;bt;;fe;bt;fl;fe;;fe;fe;fe;;fe;fe;fe;;bt;bt;fr;fe;fl;fr;di;fe;bt;fe;fe;fe;fe;fe;fe;fe;bt;fe;fe;;;;;;;fl;fr;fe;fl;di;se;fe;bt;fe;fe;fe;bt;fe;fe;fe;bt;fe;fe;fe;bt;fr;di;;;;;;;;;;;;;;;;;;;;;;;;;;;;;;;;;;;;;fe;;;;;;;;;;;;;;;;;;;;;;;fe;fe;;;;;;;;;;;;;;;;;;;;;;;;;;;;;;;;;;;;;;;;bt;fe;fe;;fe;;;fe;bt;fe;fe;;fe;fe;fe;;bt;;;;;fe;fe;fe;fe;bt;fe;fe;fe;bt;fe;fe;;fl;fe;fe;;fl;fe;fe;;bt;fe;fe;;;;;;;;;;;;;;;;;;;;;;;;;;;;;;;;;;;;;;fe;;;;;;;;;;;;;;;;;;;;;;;;;;;;;;;;;;;;;;;;;;;;;;fe;;;;bt;fr;fe;;bt;fe;fe;;;;fe;fe;;;;;;bt;fe;fe;;;;;;fe;fe;fe;;bt;fe;fe;;;;bt;fe;fe;fe;fr;di;fe;bt;fe;fe;fe;bt;fe;fe;;bt;fe;fe;;bt;fe;fe;fe;fe;fe;;;;;;fe;fe;di;bt;bt;fe;fe;;fe;;fe;;fe;fe;fe;;;;;;;;;;;fe;;fe;;;;fe;di;;;;;;;fe;fe;;;fe;fe;fe;;;;;bt;fl;di;;;;;;;;;;;;;;;;;;;;;;;;fe;fe;fe;fe;fe;fe;;fe;fe;fe;bt;fe;fe;fe;fe;bt;fe;fe;;bt;fe;fe;;;;fe;fe;;;;;;;;;;;;;;;;;;;;;;;;;;;;;;;;;;;;;;;;fe;;;;;;;;;;bt;fe;fe;fe;fe;bt;fe;fe;fe;fe;fe;fe;fe;fe;bt;di;fe;;fe;fr;di;;;;;;;fe;;fe;;fe;;bt;fe;fe;bt;fe;;;fe;fe;fe;fe;fe;fe;fe;fe;;;;;;;;;;;;;;;;;;;;;;;fe;;;;fe;;;;;;fe;;;;;;;;;;;fe;;;;;;;;;;;;;;;;;;;;;;;;;;;;;;;;;;;;;;;;bt;fe;;;;fe;fe;;;;fe;;fe;fe;fe;fe;fe;fe;fe;fe;fe
Sedum_alpestre;fe;fe;fe;fe;fe;fe;fl;;;fe;fe;fe;;;fe;fe;fe;fe;fe;fe;fe;;;;fe;fe;fe;fe;fe;fe;fe;fe;fe;fe;fe;fe;fe;fe;fe;fe;fe;fe;fe;fe;fe;fe;;;fe;fe;fe;fe;fe;fe;fe;fe;fl;fr;fe;fe;fe;fe;fe;fe;fe;fe;fe;;fe;fe;fe;;fe;fe;fe;fr;fr;di;fe;fl;fe;fe;fe;fl;fr;fe;fe;fe;fe;fe;fe;fe;fr;fe;;;;;;;;;;;;;;;;;;;;;;;;;;;;;;;;;;;;;;;;;;;;;;;;;;;;fe;fe;fe;fe;fe;fe;fe;fe;fe;fe;fl;fr;di;fe;fe;fe;fe;fe;fe;fr;di;fe;fe;fe;fe;;;;;;;;;;;;;;;;;;;;;;;;fe;fe;fe;fe;fe;fe;fe;fe;fe;fe;fe;fe;fl;fr;;fe;fe;fe;fe;fe;fe;fe;fe;fe;fe;fe;fe;fe;fe;fe;fe;fe;fe;fe;fr;fe;fe;fe;fe;fe;fe;fe;fr;fe;fe;fe;fe;fe;fe;fl;fe;fe;;fe;fe;fe;fl;fl;fe;fe;fe;fe;fe;fe;fe;fe;fe;fe;;fe;;;;;;;;;;;;;;;;;;;;;;;;;;;;;;;;;;;;;;;;;;;;;;;;;;;;;;fe;fe;fe;fe;fe;fe;fe;fe;fe;fe;fe;fe;fe;fe;fe;;fe;fe;fr;;fe;fe;fe;;;;;;;;;;;;;;;;;;;;;;;;;;;;;;;;;;;;;;;;;;;;;;;;;;;;;;;;;;;;;;;;;;;;;;;;;;;;;;;;;;;;;;;;;;;;;;;;;;;;;;;;;;;;;;;;;;;;;;;;;;;;;;;;;;;;fe;fe;;;fe;;fe;fr;fr;;fe;fe;fe;;;;;;;;;;;;;;;;;;;;;;;;;;;;;;;;;;;;;;;;;;;;;;;;;;;;;;;;;;;;;;;;;;;;;;;;;;;;;;;;;;;fe;;;;;;;;;;;;;;;;fe;fe;fe;fe;fe;fr;fr;fe;fe;fe;fe;fe;fr;fr;di;fe;fe;fe;fe;fe;fl;fr;fe;;;;;fe;fe;fe;fe;fe;fr;fe;fe;fr;fr;fe;fe;fr;fe;di;fe;fr;fe;fe;fe;fe;fr;fe;fe;fl;fe;fe;;;;;;;;;fr;;;;;;;;;;;;fe;;;;;;;;;;;;;;;;;;;;;;;;;;;;;;;;;;;;;;;;;;;;;;;;;;;;;;;;;;;;;;;;;;;;;;;;;;;;;;;;;;fe;fe;fe;fe;fe;fr;fr;fe;di;fe;fr;fr;di;fe;fe;fe;fe;fe;fe;di;fe;fe;fl;fe;fe;fe;fe;fe;fe;fe;fl;fr;fe;fr;fe;fe;fe;fe;fe;fe;fe;fe;fe;fe;fe;fe;fe;fe;fe;fe;fe;di;;;;fe;;;fe;;fe;;;;;fe;;fe;fe;fe;;;;;;;fe;;;;;;;;;;;;;;;;;;;;;;;;;;;;;;;;;;;;;;;;;;;;;;;;;;;;;;;;;;;;;;;;;;;;;;;;;;;;;;;
Sempervivum_montanum;;;;;;;;;;;;;;;;;;;;;;;;;;;;;;;;;;;;;;;;;;;;;;;;;;;;;;;;;;;;;;;;;;;;;;;;;;;;;;;;;;;;;;;;;;;;;;;;;;;;;;;;;;;;;;;;;;;;;;;;;;;;;;;;;;;;;;;;;;;;;;;;;;;;;;;;;;;;;;;;;;;;;;;;;;;;;;;;;;;;;;;;;;;;;;;;;;;;;;;;;;;;;;;;;;;;;;;;;;;;;;;;;;;;;;;;;;;;;;;;;;;;;;;;;;;;;;;;;;;;;;;;;;;;;;;;;;;;;;;;;;;;;;;;;;;;;;;;;;;;;;;;;;;;;;;;;;;;;;;;;;;;;;;;;;;;;;;;;;;;;;;;;;;;;;;;;;;;;;;;;;;;;;;;;;;;;;;;;;;;;;;;;;;;;;;;;;;;;;;;;;;;;;;;;;;;;;;;;;;;;;;;;;;;;;;;;;;;;;;;;;;;;;;;;;;;;;;;;;;;;;;;;;;;;;;;;;;;;;;;;;;;;;;;;;;;;;;;;;;;;;;;;;;;;;;;;;;;;;;;;;;;;;;;;;;;;;;;;;;;;;;;;;;;;;;;;;;;;;;;;;;;;;;;;;;;;;;;;;;;;;;;;;;;;;;;;;;;;;;;;;;;;;;;;;;;;;;;;;;;;;;;;;;;;;;;;;;fe;;;;;;;;;;;;;;;;;;;;;;;;;;;;;;;;;;;;;;;;;;;;;;;;;;;;;;;;;;;;;;;;;;;;;;;;;;;;;;;;;;;;;;;;;;;;;;;;;;;;;;;;;;;;;;;;;;;;;;fe;fe;fe;fe;fe;fe;fe;fe;fe;fe;;;;;;;;;;;;;;;;;;;;;;;;;;;;;;;;;;;;;;;;;;;;;;;;;;;;;;;;;;;;;;;;;;;;;;;;;;;;;;;;;;;;;;;;;;;;;;;;;;;;;;;;;;;;;;;;;;;;;;;;;;;;;;;;;;;
Sibbaldia_procumbens;fe;fe;fe;fe;fr;fe;fe;fe;se;fe;fl;fe;di;fe;fe;fe;fe;fe;fe;fe;fe;fe;fe;fe;fe;fe;fe;fe;fe;fe;fe;fe;fe;fe;fe;fe;fe;fe;fe;fe;fe;fl;fe;fe;fe;fe;fe;fe;fe;fe;fr;fe;fe;fe;fe;fe;fl;fe;fe;fe;fl;fe;fe;;fe;fe;fe;;fe;fe;fe;fe;fe;fe;fe;fe;fe;fe;;fe;fe;fe;fe;fe;fe;fe;;fl;fe;fe;;fe;fe;fe;fe;fe;fe;fl;fr;fe;fe;fr;fe;fe;fe;fe;fe;fe;bt;fr;fe;fe;bt;fe;fe;fe;bt;fr;fe;fe;fe;fe;fe;fr;fr;fe;fr;fr;di;fe;fr;fr;fe;fe;fe;fe;fe;fe;bt;fr;fe;fe;fe;fr;fe;fe;fe;fe;fl;fe;fe;fl;fe;fe;fe;fe;fe;fl;fe;fe;fe;fe;fe;;fe;fe;;fe;fe;fe;;;;;;;;;;;;;fe;;fl;;;;;fe;;;;;;fe;fe;fe;fe;fe;;;;;fe;fe;fe;;;fe;;;;fe;fe;;;fe;fe;;fe;fe;fe;fe;fe;fe;fe;fe;fe;fe;fe;fe;fe;fe;fe;fe;fe;;;;fe;;fe;fe;fe;;fe;fe;fe;fe;fe;fe;fe;fe;fe;fe;fe;fe;fe;fe;fe;fe;fe;fe;fe;fe;fe;fe;fe;fe;fe;fr;fr;fe;fr;di;se;fl;fe;fe;fe;fe;bt;fe;fe;fe;fl;fr;fe;fe;bt;fr;fe;fe;fe;fe;fe;fl;fr;di;fe;fr;fr;di;fe;fe;fe;fe;;fe;fe;fe;;fe;fe;fe;fe;fl;fe;fe;fe;fe;fe;fe;fe;fe;di;fe;fe;fe;fe;;fe;fe;fe;;fe;fe;fe;fe;fe;fr;fe;fl;fr;fe;fe;fr;fr;di;fe;fe;fe;fe;;fe;bt;di;fe;fe;fe;di;fe;fe;fe;fl;fr;fe;fe;fe;fe;fe;fe;fr;fe;fe;fe;fe;fe;;fe;fe;fe;;fl;fr;di;fe;fr;fe;fl fl;fr;fe;bt;fr;fr;fe;fr;fr;di;fe;bt;di;fe;;fl;fr;fe;fe;fl;fr;di;fe;fe;fe;fl;fr;fe;bt;fr;fe;fe;fe;fr;di;fe;fl;fr;fe;;bt;fr;fr;fe;fl;fr;di;fe;fl;fr;fe;fl;fr;di;fe;fr;fr;di;fe;fl;fr;di;;fe;fr;fe;fe;fl;fr;fe;fe;fe;fr;fe;bt;fr;fe;fe;fr;fr;di;fe;fr;di;se;;fe;fr;fr;fe;fl;fe;di;fe;fe;fe;fr;bt;fr;di;fe;fr;fr;fe;fe;bt;fr;di;;fe;fr;fe;fe;fl;fr;fe;fe;fe;fe;fr;fr;fe;fl;fr;di;fe;fr;fe;fe;fe;fl;fr;di;;fe;di;fr;fe;fl;fr;di;fe;fe;fe;fe;fe;fe;fe;fe;fe;fe;fe;fr;di;fe;bt;di;fe;;fe;fe;fe;fe;fl;fe;fe;fe;fe;fe;fr;fe;fe;fe;fr;fe;fe;fr;fe;fe;fe;bt;di;fe;;bt;fr;fr;fe;fl;fr;fe;fe;fl;fr;fe;fl;fr;fe;fl;fr;fe;di;fl;fr;fr;fe;fl;bt;fe;fe;;;;;fe;fe;fr;di;fe;fe;fe;fe;fl;fe;fe;fl;fr;fe;fe;fe;fe;fe;fe;fe;bt;fe;di;fe;fe;fe;fe;fe;;fe;fe;fe;fl;fr;fe;fl;fr;fr;fl;fe;fr;fe;fl;fr;fr;di;fl;fe;fe;fe;fe;bt;fr;fr;fe;di;fe;di;fr;fe;fl;fr;fr;fl;fr;fr;fr;fl;fr;fe;fe;fl;bt;fr;fe;fe;fl;fr;fe;fe;fr;fr;di;;;fe;fe;fr;fl;fr;di;di;fl;fr;fr;di;fl;bt;di;di;fe;bt;fe;fe;fe;fr;fr;di;;;;;;;;;;;;;;;;;;;;;;;;;;fe;fe;fe;fe;fl;fr;fr;fr;di;fl;fe;fe;fe;fe;fe;fe;fe;fe;fe;fe;fe;fe;fl;fe;fe;fe;fe;fr;fe;fl;fr;fe;fl;fr;di;di;fl;fr;fe;fe;fl;bt;di;fe;fe;bt;fr;fe;fe;fr;fe;fe;fe;fe;fe;fe;fl;fr;fe;fe;fe;fe;fe;fe;fr;fe;fe;fl;bt;fe;fe;fe;fe;fe;fe;fe;fr;fe;fe;fl;fe;fe;fe;fe;fr;fe;fl;fe;fr;fe;bt;fr;fr;;fe;fe;fe;fe;fe;bt;fr;fr;fe;fr;fe;di;fe;fe;fe;fe;fl;fr;fr;fl;fr;di;;fl;fr;fr;fe;fl;bt;fe;fe;fe;bt;di;fe;fe;fr;fr;fe;;;;;;;;;;;;;;;;;;;;;;;
Silene_acaulis_subsp._acaulis;;;;;;;;;;;;;;;;;;;;;;;;;;;;;;;;;;;;;;;;;;;;;;;;;;;;;;;;;;;;;;;;;;;;;;;;;;;;;;;;;;;;;;;;;;;;;;;;;;;;;;;;;;;;;;;;;;;;;;;;;;;;;;;;;;;;;;;;;;;;;;;;;;;;;;;;;;;;;;;;;;;;;;;;;;;;;;;;;;;;;;;;;;;;;;;;;;;;;;;;;;;;;;;;;;;;;;;;;;;;;;;;;;;;;;;;;;;;;;;;;;;;;;;;;;;;;;;;;;;;;;;;;;;;;;;;;;;;;;;;;;;;;;;;;;;;;;;;;;;;;;;;;;;;;;;;;;;;;;;;;;;;;;;;;;;;;;;;;;;;;;;;;;;;;;;;;;;;;;;;;;;;;;;;;;;;;;;;;;;;;;;;;;;;;;;;;;;;;;;;;;;;;;;;;;;;;;;;;;;;;;;;;;;;;;;;;;;;;;;;;;;;;;;;;;;;;;;;;;;;;;;;;;;;;;;;;;;;;;;;;;;;;;;;;;;;;;;;;;;;;;;;;;;;;;;;;;;;;;;;;;;;;;;;;;;;;;;;;;;;;;;;;;;;;;;;;;;;;;;;;;;;;;;;;;;;;;;;;;;;;;;;;;;;;;;;;;;;;;;;;;;;;;;;;;;;;;;;;;;;;;;;;;;;;;;;;;;;;;;;;;;;;;;;;;;;;;;;;;;;;;;;;;;;;;;;;;;;;;;;;;;;;;;;;;;;;;;;;;;;;;;;;;;;;;;;;;;;;;;;;;;;;;;;;;;;;;;;;;;;;;;;;;;;;;;;;;;;;;;;;;;;;;;;;;;;;;;;;;;;;;;;;;;;;;;;;;;;;;;;;;;;;;;;;;;;;;;;;;;;;;;;;;;;;;;;;;;;;;;;;;;;;;;;;;;;;;;;;;;;;;;;;;;;;;;;;;;;;;;;;;;;;;;;;;;;;
Silene_rupestris;;;;;;;;;;;;;;;;;;;;;;;;;;;;;;;;;;;;;;;;;;;;;;;;;;;;;;;;;;;;;;;;;;;;;;;;;;;;;;;;;;;;;;;;;;;;;;;;;;;;;;;;;;;;;;;;;;;;;;;;;;;;;;;;;;;;;;;;;;;;;;;;;;;;;;;;;;;;;;;;;;;;;;;;;;;;;;;;;;;;;;;;;;;;;;;;;;;;;;;;;;;;;;;;;;;;;;;;;;;;;;;;;;;;;;;;;;;;;;;;;;;;;;;;;;;;;;;;;;;;;;;;;;;;;;;;;;;;;;;;;;;;;;;;;;;;;;;;;;;;;;;;;;;;;;;;;;;;;;;;;;;;;;;;;;;;;;;;;;;;;;;;;;;;;;;;;;;;;;;;;;;;;;;;;;;;;;;;;;;;;;;;;;;;;;;;;;;;;;;;;;;;;;;;;;;;;;;;;;;;;;;;;;;;;;;;;;;;;;;;;;;;;;;;;;;;;;;;;;;;;;;;;;;;;;;;;;;;;;;;;;;;;;;;;;;;;;;;;;;;;;;;;;;;;;;;;;;;;;;;;;;;;;;;;;;;;;;;;;;;;;;;;;;;;;;;;;;;;;;;;;;;;;;;;;;;;;;;;;;;;;;;;;;;;;;;;;;;;;;;;;;;;;;;;;;;;;;;;;;;;;;;;;;;;;;;;;;;;;;;;;;;;;;;;;;;;;;;;;;;;;;;;;;;;;;;;;;;;;;;;;;;;;;;;;;;;;;;;;;;;;;;;;;;;;;;;;;;;;;;;;;;;;;;;;;;;;;;;;;;;;;;;;;;;;;;;;;;;;;;;;;;;;;;;;;;;;;;;;;;;;;;;;;;;;;;;;;;;;;;;;;;;;;;;;;;;;;;;;;;;;;;;;;;;;;;;;;;;;;;;;;;;;;;;;;;;;;;;;;;;;;;;;;;;;;;;;;;;;;;;;;;;;;;;;;;;
Soldanella_alpina;;;;;;;;;;;;;;;;;;;;;;;;;;;;;;;;;;;;;;;;;;;;;;;;;;;;;;;;;;;;;;;;;;;fe;;;;;;;;;;;;;;;;;;;;;;;;;;fe;;;;;;;;;;;;;;;;;;;;;;;;;;;;;;;;;;;;;;;;;;;;;;;;;;;;;;;;;;;;;;;;;;;;;;;;;;;;;;;;;;;;;;;;;;;;;;;;;;;;;;;;;;;;;;;;;;;;;;;;;;;;;;;;;;;;;;;;;;;;;;;;;;;;;;;;;;;;;;;;;;;;;;;;;;;;;;;;;;;;;;;;;;;;;;;;;;;;;;;;;fl;fr;fl;fr;fl;di;di;fl;fe;fe;fe;;fr;fe;fe;;fr;fe;fe;fe;fr;di;fe;;;;;;;;fe;;;fe;fe;fe;fe;fe;;;fe;fe;;fe;fe;fe;;;;;;;;fe;;;;fe;fe;;;;;fe;fe;;;;fe;;;;;;;;;;;;;;;;;;;;;;;;;;;;;;;;;;;;;;;fe;;;;;;fe;fe;fe;;;fe;;;;;;;;;;;;;;;;;;;;;;fe;fe;fe;fe;;;;;;;;;;;;fe;;;;;;;;;;;;;;fe;;fe;;;fe;fe;;;;;fe;fe;;fe;fe;fe;bt;fe;fe;fe;;;;;;;;;;;;;;;;;;;;;;;;;;;;;;;;;;;;;;;;;;;;;;;;;;;;;;;;;;;;;;;;;;;;;;;;;;;;;;;;;;;;;;;;;;;;;;;;;;;;;;;;;;;;;;;;;;;;;;;;;;;;;;;;;;;;;;;;;;;;;;;;;;;;;;;;;;;;;;;;;;;;;;;;;;;;;;;;;;;;;;;;;;;;;;;;;;;;;;;;;;;;;;;;;;;;;;;;;;;;;;;;;;;;;;;;;;;;;;;;;;;;;;;;;;;;;;;;;;;;;;;;;;;;;;;;;;;;;;;;;;;;;;;;;;;;;;;;;;;;;;;;;;;;;;;;;;;;;;;;;;;;;;;;;;;;;;;;;;;;;;;;;fe;;;;;;fe;fe;;;;;;;;;;;;;;;;;;;;;;;;;;;;;;;;;;;;;;;;;;;;;;;;;;;;;;;;;;
Taraxacum_pyrenaicum;;;;;;;;;;;;;;;;;;;;;;;;;;;;;;;;;;;;;;;;;;;;;;;;;fe;fe;fe;fe;fl;fe;fe;fe;bt;fr;fe;fe;bt;fe;fe;;bt;fe;fe;fe;bt;fe;fe;;;;;;;;;;;;;;;;;;;;;;fe;fe;;;;;;;;;;;;;;;;;;;;;;;;;;;;;;;;;;;fe;;fe;;;;fe;fe;;;fe;;fe;;fe;fe;fe;;;;;;;;;;;;;;;;;;;;;;;fe;fe;fe;;;;;;;;;;;;;;;;;;;;;;;;;;;;;;;;;fe;fe;;fe;;;;fe;fe;fe;;fe;fe;fe;;fe;fe;fe;;;;;;;;;;;;;;;;;;;;;;;;;;;;;;;;;;;;;;;;;;;;;;;;;;;;;;;;;;;;;;;;;;;;;;;;;;;;;;;;;;;;;;;;;;;;;;;;;;;;;;;;;;;;;;;;;;;;;;;;;;;;fe;fe;fe;;fe;;fe;;fe;fe;fe;;;;fe;;;fe;;;;;;;;;;;;;;;;;;;;;;;;;;;;;;;;;;;;;;;;;;;;;;;;;;;;;;;;;;;;;;;;;;;;;;;;;;;;;;;;;;;;;;;;;;;;;;;;;;;;;;;;;;;;;;;;;;;;;;;;;;;;;;;;;;;fl;;;;fl;di;fe;;fe;fe;fe;;bt;fe;fe;;;;;;;;;;;;;;;;;;;;;;;;;;;;;;;;;;;;;;;;;;;;;;;;;;;;;;;;;;;;;;;;;;;;;;;;;;;;;;;;;;;;;;;;;;;;;;;;;;;;;;;;;;;;;;;;;;;;;;;;;;;;;;;;;;;;;;;;;;;;;;;;;;;;;;;;;;;;;;;;;;;;;;;;;;;;;;;;;;;;;;;;;;;;;;;;;;;;;;;;;;;;;;;;;;;;;;;;;;;;;;;;;;;;;;;;;;;;;;;;;;;;;;;;;;;;;;;;;;;;;;;;;;;;;;;;;;;;;;;;;;;;;;;;;;;;;;;;;;;;;;;;;;;;;;;;;;;;;;;;;;;;;;;;;;;;;;;;;;;;;;;;;;;;;;;;;;;;;;;;;;;;;;;;;;;;;;;;;;;;;;;;;;;
Trifolium_alpinum;fe;fe;fe;fe;fe;fe;bt;fe;fe;fe;fe;fe;fe;fe;bt;fe;fe;;fe;fr;fe;fe;fl;fe;fe;fe;fe;fe;fe;bt;fe;fe;fe;fe;fe;fe;fe;fe;fe;fe;fe;fe;fe;fe;fe;bt;fe;fe;;;;;;;;;;;;;;;;;;;;;;;;;;;;;;;;;;;;;;;;;;;;;;;;;;;;;;;;;;;;;;;;;;;;;;;;;;;;;;;;;;;;;;;;;;;;;;;;;;;;;;;;;;;;;;;;;;;;;;;;;;;;;;;;;;;;;;;;;;;;;;;;;;;;;;;;;;;;;;;;;;;;;;;;;;;;;;;;;;;;;;;;;;;;;;;;;;;;;;;;;;;;;;;;;;;;;;;;;;;;;;;;;;;;;;;;;;;;;;;;;;;;;;;;;;;;;;;;;;;;;;;;;;;;;;;;;;;;;;;;;;;;;;;;;;;;;;;;;;;;;;;;;;;;;;;;;;;;;;;;;;;;;;;;;;;;;;;;;;;;;;;;;;;;;;;;;;;;;;;;;;;;;;;;;;;;;;;;;;;;;;;;;;;;;;;;;;;;;;;;;;;;;;;;;;;;;;;;;;;;;;;;;;;;;;;;;;;;;;;;;;;;;;;;;;;;;;;;;;;;;;;;;;;;;;;;;;;;;;;;;;;;;;;;;;;;;;;;;;;;;;;;;;;;;;;;;;;;;;;;;;;;;;;;;;;;;;;;;;;;;;;;;;;;;;;;;;;;;;;;;;;;;;;;;;;;;;;;;;;;;;;;;;;;;;;;;;;;;;;;;;;;;;;;;;;;;;;fe;fe;fe;fe;fe;bt;fl;fe;fe;fe;fe;fe;fe;fe;fe;fe;se;fe;bt;fe;fe;fe;fl;fe;fe;fe;fe;fe;fe;fe;fe;fe;fe;fe;fe;bt;fe;fe;fl;bt;fe;se;fe;fe;fe;fe;fe;fe;fe;fe;fe;fe;fe;fe;fe;fe;fl;fe;di;fe;fe;fe;fe;bt;fr;fr;se;fe;bt;fe;fe;fe;fe;fe;fe;;;;;;;;;fe;;bt;fe;;fe;fe;fe;fe;fe;fe;fe;fe;fe;bt;fe;fe;;;;;fe;fe;fe;;fe;;;fe;fe;fe;fe;fe;fe;fe;se;;fe;fe;fe;fe;fl;fe;fe;;;;;;;;;;;;;;;;;fe;fe;fe;fe;fe;fe;fe;fe;fe;fe;fe;fe;fe;fe;fe;fe;fe;fl;fe;fe;fe;fe;fe;fe;fe;fe;fe;fe;fe;se;fe;fl;fe;fe;fe;fl;fe;fe;fe;fe;fe;fe;fe;fe;fe;fe;fe;fe;fe;fe;fe;fe;fe;fe;fe;fe;fe;fe;fe;fe;fe;fe;bt;fe;se;fe;fe;fe;fe;fe;fe;fe;fe;fe;fe;fe;fe;fr;fe;se;fe;fe;fe;fe;fe;bt;fe;se
Trifolium_thalii;;;;;;;;;;;;;;;;;;;;;;;;;;;;;;;;;;;;;;;;;;;;;;;;;;;;;;;;;;;;;;;;;;;;;;;;;;;;;;;;;;;;;;;;;;;;;;;;;;;;;;;;;;;;;;;;;;;;;;;;;;;;;;;;;;;;;;;;;;;;;;;;;;;;;;;;;;;;;;;;;;;;;;;;;;;;;;;;;;;;;;;;;;;;;;;;;;;;;;;;;;;;;;;;;;;;;;;;;;;;;;;;;;;;;;;;;;;;;;;;;;;;;;;;;;;;;;;;;;;;;;;;;;;;;;;;;;;;;;;;;;;;;;;;;;;;;;;;;;;;;;;;;;;;;;;;;;;;;;;;;;;;;;;;;;;;;;;;;;;;;;;;;;;;;;;;;;;;;;;;;;;;;;;;;;;;;;;;;;;;;;;;;;;;;;;;;;;;;;;;;;;;;;;;;;;;;;;;;;;;;;;;;;;;;;;;;;;;;;;;;;;;;;;;;;;;;;;;;;;;;;;;;;;;;;;;;;;;;;;;;;;;;;;;;;;;;;;;;;;;;;;;;;;;;;;;;;;;;;;;;;;;;;;;;;;;;;;;;;;;;;;;;;;;;;;;;;;;;;;;;;;;;;;;;;;;;;;;;;;;;;;;;;;;;;;;;;;;;;;;;;;;;;;;;;;;;;;;;;;;;;;;;;;;;;;;;;;;;;;;;;;;;;;;;;;;;;;;;;;;;;;;;;;;;;;;;;;;;;;;;;;;;;;;;;;;;;;;;;;;;;;;;;;;;;;;;;;;;;;;;;;;;;;;;;;;;;;;;;;;;;;;;;;;;;;;;;;;;;;;;;;;;;;;;;;;;;;;;;;;;;;;;;;;;;;;;;;;;;;;;;;;;;;;;;;;;;;;;;;;;;;;;;;;;;;;;;;;;;;;;;;;;;;;;;;;;;;;;;;;;;;;;;;;;;;;;;;;;;;;;;;;;;;;;;;;;
Vaccinium_myrtillus;;;;;;;;;;;;;;;;;;;;;;;;;;;;;;;;;;;;;;;;;;;;;;;;;;;;;;;;;;;;;;;;;;;;;;;;;;;;;;;;;;;;;;;;;;;;;;;;;;;;;;;;;;;;;fe;;;;;;;;;;;;;;;;;;;;;;;;;;;;;;;;;;;;;;;;;fe;;;;;;;;;fe;;;;br;;;;;;;;fe;fe;fe;fe;fe;fe;fe;fe;fe;fe;fe;fe;fe;fe;fl;fl;se;br;fe;fe;se;fe;fe;fe;fe;;;;;;;;;;;;;;;;;;;;;;;;;;;;;;;;;;;;;;;;;;;;;fe;fe;;fe;fe;fe;br;bt;fe;fe;bt;fr;fr;fr;fl;fl;fe;fe;fl;fr;fe;fe;br;fe;fe;fe;bt;fe;fe;fe;fl;fe;fe;fe;fl;fr;fe;fr;;fl;fe;fe;fl;fr;fe;fe;br;fe;fe;fe;fe;fe;fl;fe;;;;;;;;;;;;;;;;;;;;;;;;;;;;;;;;;;;;;;;;;;;;;;;;;;;;;;;;;;;;;;;;;;;;;;;;;;;;;;;;;;;;;;;;;;;;;;;;;;;;;;;;;;;;;;;;;;;;;;;;;;;;;;;;;;;;;;;;;;;;;;;;;;;;;;;;;;;;;;;;;;;;;;;;;;;;;;;;;;;;;;;;;;;;;;;;;;;;;;;;;;;;;;;;;;;;;;;;;;;;;;;;;;;;;;;;;;;;;;;;;;;;;;;;;;;;;;;;;;;;;;;;;;;;;;;;;;;;;;;;;;;;;;;;;;;;;;;;;;;;;;;;;;;;;;;;;;;;;;;;;;;;;;;;;;;;;;;;;;;;;;;;;;;;;;;;;;;;;;;;;;;;;;;;;;;;;;;;;;;;;;;;;;;;;;;;;;;;;;;;;;;;;;;;;;;;;;;;;;;;;;;;;;;;;;;;;;;;;;;;;;;;;;;;;;;;;;;;;;;;;;;;;;;;;;;;;;;;;;;;;;;;;;;;se;fe;fe;fe;fe;;;fe;fe;;;;;;;;;;;;;;;;;;;;;;;;;;;;;;;;;;;;;;;;;;;;;;;;;;;;;;;;;;;;;;;;;;;;;;;;;;;;;;;;;;;;;;;;;;;;;;;;;;;;;;;;
Veronica_alpina;;;;fe;fe;;fe;;fe;;fe;fe;;;fe;;;;;;fe;;;fe;fe;;;fe;;fr;fr;di;;;;;fe;fe;fe;;;fe;fe;fe;;bt;fe;di;fe;fe;fe;fe;fr;di;di;;fe;fe;fe;fe;bt;di;di;;fe;;;;fl;fr;di;fe;fe;fe;fe;fe;fe;fr;;fl;fr;;fe;fe;fr;di;fe;fe;fe;fr;;fl;fe;fe;fe;fr;fe;fl;fe;fe;fr;fr;fe;;fr;fr;di;fe;bt;fr;fe;fe;bt;bt;se;;fl;fe;di;fe;fe;;fe;fe;fe;fe;fe;fe;fe;fe;fe;;;fe;fe;;;;;;;;fe;fe;fe;;;;fl;fr;bt;fl;fe;fe;;fe;;;;fe;;fe;fe;fe;fe;fe;;fe;fe;fe;;;;;fe;fe;fe;fe;fe;;fl;fe;;fe;fl;di;fe;;fe;bt;fe;;bt;fr;di;;;;;fe;;fr;fe;fe;fe;fl;;;fe;fl;di;di;;;fe;fe;;fe;fe;;fe;fr;fe;fe;fe;fe;fe;fr;fe;;fl;fr;se;fe;fl;fe;fe;fe;fe;bt;fe;;fl;fr;di;;;;fe;;;;;;fe;fr;;fe;fe;se;fe;fe;bt;fr;fe;fe;fl;fe;fe;fe;fe;;;;;;;bt;;;;;;;;fe;;;;;;;;fe;fl;;bt;bt;fr;di;fe;fl;fr;di;;bt;di;di;;fe;bt;fr;;bt;fr;di;;fl;fr;fe;bt;fr;fr;;fl;fr;;;bt;fr;di;;fe;fe;fe;;bt;fe;di;;;fr;fe;bt;fe;di;fe;bt;fr;di;fe;bt;di;di;;fe;fl;di;fe;bt;fr;fe;fe;fl;;bt;fr;fe;fl;fr;di;fe;bt;fr;di;fe;fl;di;di;;fe;bt;di;fe;bt;fr;di;fe;fl;fe;fl;fr;fe;fl;fr;di;fe;bt;fr;fe;fe;fl;fr;di;;bt;bt;fr;fe;fl;fr;di;fe;fl;fe;fl;fr;;fl;fr;di;;bt;fr;di;;fl;fe;fe;;bt;bt;di;;bt;fr;di;;;fr;fe;;fr;di;;fl;fr;di;fe;bt;fr;;;fe;bt;;;fl;fr;fr;;;;fe;fe;fe;fe;;fl;;;;;;fe;;fe;fe;;;;fr;fe;fe;fl;fe;fl;fl;fr;fe;fe;fl;fr;di;fe;bt;fr;di;;fe;bt;fr;fe;fe;fr;di;;;;fl;fr;fe;fl;fr;di;fe;bt;fr;di;fe;bt;fr;di;;fe;bt;fe;;bt;fr;di;fe;fl;fe;bt;fr;;fl;fe;di;fe;fl;fr;di;fe;bt;fr;fe;;fe;fe;fe;fe;bt;fr;di;fe;fl;fe;bt;fr;fe;fe;fr;fe;;fl;fr;di;fe;fl;di;fe;;fe;bt;fr;fe;fl;fr;fe;;;;;;;;;;;;;;;;;;;;;;fe;;;;;;;;;;;;;;;;;;;;;;;;;;;;;fe;;;;;;;;;;;;;;;;;;;;;;;;;;;;;;;;;;;;;;;;;;;;;;;;;;;;;;;;;;;;;;;;;;;;;;;;;;;;;;;;;;;;;;;;;;;;;;;;;;;;;;;;;;;;;;;;;;;;;;;;;;;;;;;;;;;;;;;;;;;;;;;;;;;;;;;;;;;;;;;;;;;;;;;;;;;;;;;;;;;;;;;;;;;;;;;;;;;;;;;;;;;;;;;;;;;;;;;;;;;;;;;;;;;;;;;;;;;;;;;;;;;;;;;;;;;;;;;;;;;;;
