;PLA_1_A1_2013_P3;PLA_1_A1_2013_P4;PLA_1_A1_2014_P2;PLA_1_A1_2014_P3;PLA_1_A1_2014_P4;PLA_1_A1_2015_P1;PLA_1_A1_2015_P2;PLA_1_A1_2015_P3;PLA_1_A1_2015_P4;PLA_1_A1_2016_P1;PLA_1_A1_2016_P2;PLA_1_A1_2016_P3;PLA_1_A1_2016_P4;PLA_1_A1_2017_P1;PLA_1_A1_2017_P2;PLA_1_A1_2017_P3;PLA_1_A1_2017_P4;PLA_1_A1_2018_P1;PLA_1_A1_2018_P2;PLA_1_A1_2018_P3;PLA_1_A1_2018_P4;PLA_1_A1_2019_P1;PLA_1_A1_2019_P2;PLA_1_A1_2019_P3;PLA_1_A1_2019_P4;PLA_1_A2_2013_P2;PLA_1_A2_2013_P3;PLA_1_A2_2013_P4;PLA_1_A2_2014_P2;PLA_1_A2_2014_P3;PLA_1_A2_2014_P4;PLA_1_A2_2015_P1;PLA_1_A2_2015_P2;PLA_1_A2_2015_P3;PLA_1_A2_2015_P4;PLA_1_A2_2016_P1;PLA_1_A2_2016_P2;PLA_1_A2_2016_P3;PLA_1_A2_2016_P4;PLA_1_A2_2017_P1;PLA_1_A2_2017_P2;PLA_1_A2_2017_P3;PLA_1_A2_2017_P4;PLA_1_A2_2018_P1;PLA_1_A2_2018_P2;PLA_1_A2_2018_P3;PLA_1_A2_2018_P4;PLA_1_A2_2019_P1;PLA_1_A2_2019_P2;PLA_1_A2_2019_P3;PLA_1_A2_2019_P4;PLA_1_A3_2013_P2;PLA_1_A3_2013_P3;PLA_1_A3_2013_P4;PLA_1_A3_2014_P2;PLA_1_A3_2014_P3;PLA_1_A3_2014_P4;PLA_1_A3_2015_P1;PLA_1_A3_2015_P2;PLA_1_A3_2015_P3;PLA_1_A3_2015_P4;PLA_1_A3_2016_P1;PLA_1_A3_2016_P2;PLA_1_A3_2016_P3;PLA_1_A3_2016_P4;PLA_1_A3_2017_P1;PLA_1_A3_2017_P2;PLA_1_A3_2017_P3;PLA_1_A3_2017_P4;PLA_1_A3_2018_P1;PLA_1_A3_2018_P2;PLA_1_A3_2018_P3;PLA_1_A3_2018_P4;PLA_1_A3_2019_P1;PLA_1_A3_2019_P2;PLA_1_A3_2019_P3;PLA_1_A3_2019_P4;PLA_1_A4_2013_P2;PLA_1_A4_2013_P3;PLA_1_A4_2013_P4;PLA_1_A4_2014_P2;PLA_1_A4_2014_P3;PLA_1_A4_2014_P4;PLA_1_A4_2015_P1;PLA_1_A4_2015_P2;PLA_1_A4_2015_P3;PLA_1_A4_2015_P4;PLA_1_A4_2016_P1;PLA_1_A4_2016_P2;PLA_1_A4_2016_P3;PLA_1_A4_2016_P4;PLA_1_A4_2017_P1;PLA_1_A4_2017_P2;PLA_1_A4_2017_P3;PLA_1_A4_2017_P4;PLA_1_A4_2018_P1;PLA_1_A4_2018_P2;PLA_1_A4_2018_P3;PLA_1_A4_2018_P4;PLA_1_A4_2019_P1;PLA_1_A4_2019_P2;PLA_1_A4_2019_P3;PLA_1_A4_2019_P4;PLA_1_A5_2013_P2;PLA_1_A5_2013_P3;PLA_1_A5_2013_P4;PLA_1_A5_2014_P2;PLA_1_A5_2014_P3;PLA_1_A5_2014_P4;PLA_1_A5_2015_P1;PLA_1_A5_2015_P2;PLA_1_A5_2015_P3;PLA_1_A5_2015_P4;PLA_1_A5_2016_P1;PLA_1_A5_2016_P2;PLA_1_A5_2016_P3;PLA_1_A5_2016_P4;PLA_1_A5_2017_P1;PLA_1_A5_2017_P2;PLA_1_A5_2017_P3;PLA_1_A5_2017_P4;PLA_1_A5_2018_P1;PLA_1_A5_2018_P2;PLA_1_A5_2018_P3;PLA_1_A5_2018_P4;PLA_1_A5_2019_P1;PLA_1_A5_2019_P2;PLA_1_A5_2019_P3;PLA_1_A5_2019_P4;PLA_1_A6_2013_P2;PLA_1_A6_2013_P3;PLA_1_A6_2013_P4;PLA_1_A6_2014_P2;PLA_1_A6_2014_P3;PLA_1_A6_2014_P4;PLA_1_A6_2015_P1;PLA_1_A6_2015_P2;PLA_1_A6_2015_P3;PLA_1_A6_2015_P4;PLA_1_A6_2016_P1;PLA_1_A6_2016_P2;PLA_1_A6_2016_P3;PLA_1_A6_2016_P4;PLA_1_A6_2017_P1;PLA_1_A6_2017_P2;PLA_1_A6_2017_P3;PLA_1_A6_2017_P4;PLA_1_A6_2018_P1;PLA_1_A6_2018_P2;PLA_1_A6_2018_P3;PLA_1_A6_2018_P4;PLA_1_A6_2019_P1;PLA_1_A6_2019_P2;PLA_1_A6_2019_P3;PLA_1_A6_2019_P4;PLA_1_B1_2013_P2;PLA_1_B1_2013_P3;PLA_1_B1_2013_P4;PLA_1_B1_2014_P2;PLA_1_B1_2014_P3;PLA_1_B1_2014_P4;PLA_1_B1_2015_P1;PLA_1_B1_2015_P2;PLA_1_B1_2015_P3;PLA_1_B1_2015_P4;PLA_1_B1_2016_P1;PLA_1_B1_2016_P2;PLA_1_B1_2016_P3;PLA_1_B1_2016_P4;PLA_1_B1_2017_P1;PLA_1_B1_2017_P2;PLA_1_B1_2017_P3;PLA_1_B1_2017_P4;PLA_1_B1_2018_P1;PLA_1_B1_2018_P2;PLA_1_B1_2018_P3;PLA_1_B1_2018_P4;PLA_1_B1_2019_P1;PLA_1_B1_2019_P2;PLA_1_B1_2019_P3;PLA_1_B1_2019_P4;PLA_1_B2_2013_P2;PLA_1_B2_2013_P3;PLA_1_B2_2013_P4;PLA_1_B2_2014_P2;PLA_1_B2_2014_P3;PLA_1_B2_2014_P4;PLA_1_B2_2015_P1;PLA_1_B2_2015_P2;PLA_1_B2_2015_P3;PLA_1_B2_2015_P4;PLA_1_B2_2016_P1;PLA_1_B2_2016_P2;PLA_1_B2_2016_P3;PLA_1_B2_2016_P4;PLA_1_B2_2017_P1;PLA_1_B2_2017_P2;PLA_1_B2_2017_P3;PLA_1_B2_2017_P4;PLA_1_B2_2018_P1;PLA_1_B2_2018_P2;PLA_1_B2_2018_P3;PLA_1_B2_2018_P4;PLA_1_B2_2019_P1;PLA_1_B2_2019_P2;PLA_1_B2_2019_P3;PLA_1_B2_2019_P4;PLA_1_B3_2013_P2;PLA_1_B3_2013_P3;PLA_1_B3_2013_P4;PLA_1_B3_2014_P2;PLA_1_B3_2014_P3;PLA_1_B3_2014_P4;PLA_1_B3_2015_P1;PLA_1_B3_2015_P2;PLA_1_B3_2015_P3;PLA_1_B3_2015_P4;PLA_1_B3_2016_P1;PLA_1_B3_2016_P2;PLA_1_B3_2016_P3;PLA_1_B3_2016_P4;PLA_1_B3_2017_P1;PLA_1_B3_2017_P2;PLA_1_B3_2017_P3;PLA_1_B3_2017_P4;PLA_1_B3_2018_P1;PLA_1_B3_2018_P2;PLA_1_B3_2018_P3;PLA_1_B3_2018_P4;PLA_1_B3_2019_P1;PLA_1_B3_2019_P2;PLA_1_B3_2019_P3;PLA_1_B3_2019_P4;PLA_1_B4_2013_P2;PLA_1_B4_2013_P3;PLA_1_B4_2013_P4;PLA_1_B4_2014_P2;PLA_1_B4_2014_P3;PLA_1_B4_2014_P4;PLA_1_B4_2015_P1;PLA_1_B4_2015_P2;PLA_1_B4_2015_P3;PLA_1_B4_2015_P4;PLA_1_B4_2016_P1;PLA_1_B4_2016_P2;PLA_1_B4_2016_P3;PLA_1_B4_2016_P4;PLA_1_B4_2017_P1;PLA_1_B4_2017_P2;PLA_1_B4_2017_P3;PLA_1_B4_2017_P4;PLA_1_B4_2018_P1;PLA_1_B4_2018_P2;PLA_1_B4_2018_P3;PLA_1_B4_2018_P4;PLA_1_B4_2019_P1;PLA_1_B4_2019_P2;PLA_1_B4_2019_P3;PLA_1_B4_2019_P4;PLA_1_B5_2013_P2;PLA_1_B5_2013_P3;PLA_1_B5_2013_P4;PLA_1_B5_2014_P2;PLA_1_B5_2014_P3;PLA_1_B5_2014_P4;PLA_1_B5_2015_P1;PLA_1_B5_2015_P2;PLA_1_B5_2015_P3;PLA_1_B5_2015_P4;PLA_1_B5_2016_P1;PLA_1_B5_2016_P2;PLA_1_B5_2016_P3;PLA_1_B5_2016_P4;PLA_1_B5_2017_P1;PLA_1_B5_2017_P2;PLA_1_B5_2017_P3;PLA_1_B5_2017_P4;PLA_1_B5_2018_P1;PLA_1_B5_2018_P2;PLA_1_B5_2018_P3;PLA_1_B5_2018_P4;PLA_1_B5_2019_P1;PLA_1_B5_2019_P2;PLA_1_B5_2019_P3;PLA_1_B5_2019_P4;PLA_1_B6_2013_P2;PLA_1_B6_2013_P3;PLA_1_B6_2013_P4;PLA_1_B6_2014_P2;PLA_1_B6_2014_P3;PLA_1_B6_2014_P4;PLA_1_B6_2015_P1;PLA_1_B6_2015_P2;PLA_1_B6_2015_P3;PLA_1_B6_2015_P4;PLA_1_B6_2016_P1;PLA_1_B6_2016_P2;PLA_1_B6_2016_P3;PLA_1_B6_2016_P4;PLA_1_B6_2017_P1;PLA_1_B6_2017_P2;PLA_1_B6_2017_P3;PLA_1_B6_2017_P4;PLA_1_B6_2018_P1;PLA_1_B6_2018_P2;PLA_1_B6_2018_P3;PLA_1_B6_2018_P4;PLA_1_B6_2019_P1;PLA_1_B6_2019_P2;PLA_1_B6_2019_P3;PLA_1_B6_2019_P4;PLA_2_C1_2013_P3;PLA_2_C1_2013_P4;PLA_2_C1_2014_P2;PLA_2_C1_2014_P3;PLA_2_C1_2014_P4;PLA_2_C1_2015_P1;PLA_2_C1_2015_P2;PLA_2_C1_2015_P3;PLA_2_C1_2015_P4;PLA_2_C1_2016_P1;PLA_2_C1_2016_P2;PLA_2_C1_2016_P3;PLA_2_C1_2016_P4;PLA_2_C1_2017_P1;PLA_2_C1_2017_P2;PLA_2_C1_2017_P3;PLA_2_C1_2017_P4;PLA_2_C1_2018_P1;PLA_2_C1_2018_P2;PLA_2_C1_2018_P3;PLA_2_C1_2018_P4;PLA_2_C1_2019_P1;PLA_2_C1_2019_P2;PLA_2_C1_2019_P3;PLA_2_C1_2019_P4;PLA_2_C2_2013_P3;PLA_2_C2_2013_P4;PLA_2_C2_2014_P2;PLA_2_C2_2014_P3;PLA_2_C2_2014_P4;PLA_2_C2_2015_P1;PLA_2_C2_2015_P2;PLA_2_C2_2015_P3;PLA_2_C2_2015_P4;PLA_2_C2_2016_P1;PLA_2_C2_2016_P2;PLA_2_C2_2016_P3;PLA_2_C2_2016_P4;PLA_2_C2_2017_P1;PLA_2_C2_2017_P2;PLA_2_C2_2017_P3;PLA_2_C2_2017_P4;PLA_2_C2_2018_P1;PLA_2_C2_2018_P2;PLA_2_C2_2018_P3;PLA_2_C2_2018_P4;PLA_2_C2_2019_P1;PLA_2_C2_2019_P2;PLA_2_C2_2019_P3;PLA_2_C2_2019_P4;PLA_2_C3_2013_P3;PLA_2_C3_2013_P4;PLA_2_C3_2014_P2;PLA_2_C3_2014_P3;PLA_2_C3_2014_P4;PLA_2_C3_2015_P1;PLA_2_C3_2015_P2;PLA_2_C3_2015_P3;PLA_2_C3_2015_P4;PLA_2_C3_2016_P1;PLA_2_C3_2016_P2;PLA_2_C3_2016_P3;PLA_2_C3_2016_P4;PLA_2_C3_2017_P1;PLA_2_C3_2017_P2;PLA_2_C3_2017_P3;PLA_2_C3_2017_P4;PLA_2_C3_2018_P1;PLA_2_C3_2018_P2;PLA_2_C3_2018_P3;PLA_2_C3_2018_P4;PLA_2_C3_2019_P1;PLA_2_C3_2019_P2;PLA_2_C3_2019_P3;PLA_2_C3_2019_P4;PLA_2_C4_2013_P3;PLA_2_C4_2013_P4;PLA_2_C4_2014_P2;PLA_2_C4_2014_P3;PLA_2_C4_2014_P4;PLA_2_C4_2015_P1;PLA_2_C4_2015_P2;PLA_2_C4_2015_P3;PLA_2_C4_2015_P4;PLA_2_C4_2016_P1;PLA_2_C4_2016_P2;PLA_2_C4_2016_P3;PLA_2_C4_2016_P4;PLA_2_C4_2017_P1;PLA_2_C4_2017_P2;PLA_2_C4_2017_P3;PLA_2_C4_2017_P4;PLA_2_C4_2018_P1;PLA_2_C4_2018_P2;PLA_2_C4_2018_P3;PLA_2_C4_2018_P4;PLA_2_C4_2019_P1;PLA_2_C4_2019_P2;PLA_2_C4_2019_P3;PLA_2_C4_2019_P4;PLA_2_C5_2013_P3;PLA_2_C5_2013_P4;PLA_2_C5_2014_P2;PLA_2_C5_2014_P3;PLA_2_C5_2014_P4;PLA_2_C5_2015_P1;PLA_2_C5_2015_P2;PLA_2_C5_2015_P3;PLA_2_C5_2015_P4;PLA_2_C5_2016_P1;PLA_2_C5_2016_P2;PLA_2_C5_2016_P3;PLA_2_C5_2016_P4;PLA_2_C5_2017_P1;PLA_2_C5_2017_P2;PLA_2_C5_2017_P3;PLA_2_C5_2017_P4;PLA_2_C5_2018_P1;PLA_2_C5_2018_P2;PLA_2_C5_2018_P3;PLA_2_C5_2018_P4;PLA_2_C5_2019_P1;PLA_2_C5_2019_P2;PLA_2_C5_2019_P3;PLA_2_C5_2019_P4;PLA_2_C6_2013_P3;PLA_2_C6_2013_P4;PLA_2_C6_2014_P2;PLA_2_C6_2014_P3;PLA_2_C6_2014_P4;PLA_2_C6_2015_P1;PLA_2_C6_2015_P2;PLA_2_C6_2015_P3;PLA_2_C6_2015_P4;PLA_2_C6_2016_P1;PLA_2_C6_2016_P2;PLA_2_C6_2016_P3;PLA_2_C6_2016_P4;PLA_2_C6_2017_P1;PLA_2_C6_2017_P2;PLA_2_C6_2017_P3;PLA_2_C6_2017_P4;PLA_2_C6_2018_P1;PLA_2_C6_2018_P2;PLA_2_C6_2018_P3;PLA_2_C6_2018_P4;PLA_2_C6_2019_P1;PLA_2_C6_2019_P2;PLA_2_C6_2019_P3;PLA_2_C6_2019_P4;PLA_2_D1_2013_P3;PLA_2_D1_2013_P4;PLA_2_D1_2014_P2;PLA_2_D1_2014_P3;PLA_2_D1_2014_P4;PLA_2_D1_2015_P1;PLA_2_D1_2015_P2;PLA_2_D1_2015_P3;PLA_2_D1_2015_P4;PLA_2_D1_2016_P1;PLA_2_D1_2016_P2;PLA_2_D1_2016_P3;PLA_2_D1_2016_P4;PLA_2_D1_2017_P1;PLA_2_D1_2017_P2;PLA_2_D1_2017_P3;PLA_2_D1_2017_P4;PLA_2_D1_2018_P1;PLA_2_D1_2018_P2;PLA_2_D1_2018_P3;PLA_2_D1_2018_P4;PLA_2_D1_2019_P1;PLA_2_D1_2019_P2;PLA_2_D1_2019_P3;PLA_2_D1_2019_P4;PLA_2_D2_2013_P3;PLA_2_D2_2013_P4;PLA_2_D2_2014_P2;PLA_2_D2_2014_P3;PLA_2_D2_2014_P4;PLA_2_D2_2015_P1;PLA_2_D2_2015_P2;PLA_2_D2_2015_P3;PLA_2_D2_2015_P4;PLA_2_D2_2016_P1;PLA_2_D2_2016_P2;PLA_2_D2_2016_P3;PLA_2_D2_2016_P4;PLA_2_D2_2017_P1;PLA_2_D2_2017_P2;PLA_2_D2_2017_P3;PLA_2_D2_2017_P4;PLA_2_D2_2018_P1;PLA_2_D2_2018_P2;PLA_2_D2_2018_P3;PLA_2_D2_2018_P4;PLA_2_D2_2019_P1;PLA_2_D2_2019_P2;PLA_2_D2_2019_P3;PLA_2_D2_2019_P4;PLA_2_D3_2013_P3;PLA_2_D3_2013_P4;PLA_2_D3_2014_P2;PLA_2_D3_2014_P3;PLA_2_D3_2014_P4;PLA_2_D3_2015_P1;PLA_2_D3_2015_P2;PLA_2_D3_2015_P3;PLA_2_D3_2015_P4;PLA_2_D3_2016_P1;PLA_2_D3_2016_P2;PLA_2_D3_2016_P3;PLA_2_D3_2016_P4;PLA_2_D3_2017_P1;PLA_2_D3_2017_P2;PLA_2_D3_2017_P3;PLA_2_D3_2017_P4;PLA_2_D3_2018_P1;PLA_2_D3_2018_P2;PLA_2_D3_2018_P3;PLA_2_D3_2018_P4;PLA_2_D3_2019_P1;PLA_2_D3_2019_P2;PLA_2_D3_2019_P3;PLA_2_D3_2019_P4;PLA_2_D4_2013_P3;PLA_2_D4_2013_P4;PLA_2_D4_2014_P2;PLA_2_D4_2014_P3;PLA_2_D4_2014_P4;PLA_2_D4_2015_P1;PLA_2_D4_2015_P2;PLA_2_D4_2015_P3;PLA_2_D4_2015_P4;PLA_2_D4_2016_P1;PLA_2_D4_2016_P2;PLA_2_D4_2016_P3;PLA_2_D4_2016_P4;PLA_2_D4_2017_P1;PLA_2_D4_2017_P2;PLA_2_D4_2017_P3;PLA_2_D4_2017_P4;PLA_2_D4_2018_P1;PLA_2_D4_2018_P2;PLA_2_D4_2018_P3;PLA_2_D4_2018_P4;PLA_2_D4_2019_P1;PLA_2_D4_2019_P2;PLA_2_D4_2019_P3;PLA_2_D4_2019_P4;PLA_2_D5_2013_P3;PLA_2_D5_2013_P4;PLA_2_D5_2014_P2;PLA_2_D5_2014_P3;PLA_2_D5_2014_P4;PLA_2_D5_2015_P1;PLA_2_D5_2015_P2;PLA_2_D5_2015_P3;PLA_2_D5_2015_P4;PLA_2_D5_2016_P1;PLA_2_D5_2016_P2;PLA_2_D5_2016_P3;PLA_2_D5_2016_P4;PLA_2_D5_2017_P1;PLA_2_D5_2017_P2;PLA_2_D5_2017_P3;PLA_2_D5_2017_P4;PLA_2_D5_2018_P1;PLA_2_D5_2018_P2;PLA_2_D5_2018_P3;PLA_2_D5_2018_P4;PLA_2_D5_2019_P1;PLA_2_D5_2019_P2;PLA_2_D5_2019_P3;PLA_2_D5_2019_P4;PLA_2_D6_2014_P2;PLA_2_D6_2014_P3;PLA_2_D6_2014_P4;PLA_2_D6_2015_P1;PLA_2_D6_2015_P2;PLA_2_D6_2015_P3;PLA_2_D6_2015_P4;PLA_2_D6_2016_P1;PLA_2_D6_2016_P2;PLA_2_D6_2016_P3;PLA_2_D6_2016_P4;PLA_2_D6_2017_P1;PLA_2_D6_2017_P2;PLA_2_D6_2017_P3;PLA_2_D6_2017_P4;PLA_2_D6_2018_P1;PLA_2_D6_2018_P2;PLA_2_D6_2018_P3;PLA_2_D6_2018_P4;PLA_2_D6_2019_P1;PLA_2_D6_2019_P2;PLA_2_D6_2019_P3;PLA_2_D6_2019_P4;PLA_3_E1_2013_P3;PLA_3_E1_2013_P4;PLA_3_E1_2014_P4;PLA_3_E1_2015_P1;PLA_3_E1_2015_P2;PLA_3_E1_2015_P3;PLA_3_E1_2015_P4;PLA_3_E1_2016_P1;PLA_3_E1_2016_P2;PLA_3_E1_2016_P3;PLA_3_E1_2016_P4;PLA_3_E1_2017_P1;PLA_3_E1_2017_P2;PLA_3_E1_2017_P3;PLA_3_E1_2017_P4;PLA_3_E1_2018_P1;PLA_3_E1_2018_P2;PLA_3_E1_2018_P3;PLA_3_E1_2018_P4;PLA_3_E1_2019_P1;PLA_3_E1_2019_P2;PLA_3_E1_2019_P3;PLA_3_E1_2019_P4;PLA_3_E2_2013_P3;PLA_3_E2_2013_P4;PLA_3_E2_2014_P2;PLA_3_E2_2014_P3;PLA_3_E2_2015_P2;PLA_3_E2_2015_P3;PLA_3_E2_2015_P4;PLA_3_E2_2016_P1;PLA_3_E2_2016_P2;PLA_3_E2_2016_P3;PLA_3_E2_2016_P4;PLA_3_E2_2017_P1;PLA_3_E2_2017_P2;PLA_3_E2_2017_P3;PLA_3_E2_2017_P4;PLA_3_E2_2018_P1;PLA_3_E2_2018_P2;PLA_3_E2_2018_P3;PLA_3_E2_2018_P4;PLA_3_E2_2019_P1;PLA_3_E2_2019_P2;PLA_3_E2_2019_P3;PLA_3_E2_2019_P4;PLA_3_E3_2013_P3;PLA_3_E3_2013_P4;PLA_3_E3_2014_P2;PLA_3_E3_2014_P3;PLA_3_E3_2014_P4;PLA_3_E3_2015_P1;PLA_3_E3_2015_P4;PLA_3_E3_2016_P1;PLA_3_E3_2016_P2;PLA_3_E3_2016_P3;PLA_3_E3_2016_P4;PLA_3_E3_2017_P1;PLA_3_E3_2017_P2;PLA_3_E3_2017_P3;PLA_3_E3_2017_P4;PLA_3_E3_2018_P1;PLA_3_E3_2018_P2;PLA_3_E3_2018_P3;PLA_3_E3_2018_P4;PLA_3_E3_2019_P1;PLA_3_E3_2019_P2;PLA_3_E3_2019_P3;PLA_3_E3_2019_P4;PLA_3_E4_2013_P3;PLA_3_E4_2013_P4;PLA_3_E4_2014_P2;PLA_3_E4_2014_P3;PLA_3_E4_2014_P4;PLA_3_E4_2015_P1;PLA_3_E4_2015_P2;PLA_3_E4_2015_P3;PLA_3_E4_2016_P2;PLA_3_E4_2016_P3;PLA_3_E4_2016_P4;PLA_3_E4_2017_P1;PLA_3_E4_2017_P2;PLA_3_E4_2017_P3;PLA_3_E4_2017_P4;PLA_3_E4_2018_P1;PLA_3_E4_2018_P2;PLA_3_E4_2018_P3;PLA_3_E4_2018_P4;PLA_3_E4_2019_P1;PLA_3_E4_2019_P2;PLA_3_E4_2019_P3;PLA_3_E4_2019_P4;PLA_3_E5_2013_P3;PLA_3_E5_2013_P4;PLA_3_E5_2014_P2;PLA_3_E5_2014_P3;PLA_3_E5_2014_P4;PLA_3_E5_2015_P1;PLA_3_E5_2015_P2;PLA_3_E5_2015_P3;PLA_3_E5_2015_P4;PLA_3_E5_2016_P1;PLA_3_E5_2016_P4;PLA_3_E5_2017_P1;PLA_3_E5_2017_P2;PLA_3_E5_2017_P3;PLA_3_E5_2017_P4;PLA_3_E5_2018_P1;PLA_3_E5_2018_P2;PLA_3_E5_2018_P3;PLA_3_E5_2018_P4;PLA_3_E5_2019_P1;PLA_3_E5_2019_P2;PLA_3_E5_2019_P3;PLA_3_E5_2019_P4;PLA_3_E6_2013_P3;PLA_3_E6_2013_P4;PLA_3_E6_2014_P2;PLA_3_E6_2014_P3;PLA_3_E6_2014_P4;PLA_3_E6_2015_P1;PLA_3_E6_2015_P2;PLA_3_E6_2015_P3;PLA_3_E6_2015_P4;PLA_3_E6_2016_P1;PLA_3_E6_2016_P2;PLA_3_E6_2016_P3;PLA_3_E6_2017_P2;PLA_3_E6_2017_P3;PLA_3_E6_2017_P4;PLA_3_E6_2018_P1;PLA_3_E6_2018_P2;PLA_3_E6_2018_P3;PLA_3_E6_2018_P4;PLA_3_E6_2019_P1;PLA_3_E6_2019_P2;PLA_3_E6_2019_P3;PLA_3_E6_2019_P4;PLA_3_F1_2013_P3;PLA_3_F1_2013_P4;PLA_3_F1_2014_P2;PLA_3_F1_2014_P3;PLA_3_F1_2014_P4;PLA_3_F1_2015_P1;PLA_3_F1_2015_P2;PLA_3_F1_2015_P3;PLA_3_F1_2015_P4;PLA_3_F1_2016_P1;PLA_3_F1_2016_P2;PLA_3_F1_2016_P3;PLA_3_F1_2016_P4;PLA_3_F1_2017_P1;PLA_3_F1_2017_P4;PLA_3_F1_2018_P1;PLA_3_F1_2018_P2;PLA_3_F1_2018_P3;PLA_3_F1_2018_P4;PLA_3_F1_2019_P1;PLA_3_F1_2019_P2;PLA_3_F1_2019_P3;PLA_3_F1_2019_P4;PLA_3_F2_2013_P3;PLA_3_F2_2013_P4;PLA_3_F2_2014_P2;PLA_3_F2_2014_P3;PLA_3_F2_2014_P4;PLA_3_F2_2015_P1;PLA_3_F2_2015_P2;PLA_3_F2_2015_P3;PLA_3_F2_2015_P4;PLA_3_F2_2016_P1;PLA_3_F2_2016_P2;PLA_3_F2_2016_P3;PLA_3_F2_2016_P4;PLA_3_F2_2017_P1;PLA_3_F2_2017_P2;PLA_3_F2_2017_P3;PLA_3_F2_2018_P2;PLA_3_F2_2018_P3;PLA_3_F2_2018_P4;PLA_3_F2_2019_P1;PLA_3_F2_2019_P2;PLA_3_F2_2019_P3;PLA_3_F2_2019_P4;PLA_3_F3_2013_P3;PLA_3_F3_2013_P4;PLA_3_F3_2014_P2;PLA_3_F3_2014_P3;PLA_3_F3_2014_P4;PLA_3_F3_2015_P1;PLA_3_F3_2015_P2;PLA_3_F3_2015_P3;PLA_3_F3_2015_P4;PLA_3_F3_2016_P1;PLA_3_F3_2016_P2;PLA_3_F3_2016_P3;PLA_3_F3_2016_P4;PLA_3_F3_2017_P1;PLA_3_F3_2017_P2;PLA_3_F3_2017_P3;PLA_3_F3_2017_P4;PLA_3_F3_2018_P1;PLA_3_F3_2018_P4;PLA_3_F3_2019_P1;PLA_3_F3_2019_P2;PLA_3_F3_2019_P3;PLA_3_F3_2019_P4;PLA_3_F4_2013_P3;PLA_3_F4_2013_P4;PLA_3_F4_2014_P2;PLA_3_F4_2014_P3;PLA_3_F4_2014_P4;PLA_3_F4_2015_P1;PLA_3_F4_2015_P2;PLA_3_F4_2015_P3;PLA_3_F4_2015_P4;PLA_3_F4_2016_P1;PLA_3_F4_2016_P2;PLA_3_F4_2016_P3;PLA_3_F4_2016_P4;PLA_3_F4_2017_P1;PLA_3_F4_2017_P2;PLA_3_F4_2017_P3;PLA_3_F4_2017_P4;PLA_3_F4_2018_P1;PLA_3_F4_2018_P2;PLA_3_F4_2018_P3;PLA_3_F4_2019_P2;PLA_3_F4_2019_P3;PLA_3_F4_2019_P4;PLA_3_F5_2013_P3;PLA_3_F5_2013_P4;PLA_3_F5_2014_P2;PLA_3_F5_2014_P3;PLA_3_F5_2014_P4;PLA_3_F5_2015_P1;PLA_3_F5_2015_P2;PLA_3_F5_2015_P3;PLA_3_F5_2015_P4;PLA_3_F5_2016_P1;PLA_3_F5_2016_P2;PLA_3_F5_2016_P3;PLA_3_F5_2016_P4;PLA_3_F5_2017_P1;PLA_3_F5_2017_P2;PLA_3_F5_2017_P3;PLA_3_F5_2017_P4;PLA_3_F5_2018_P1;PLA_3_F5_2018_P2;PLA_3_F5_2018_P3;PLA_3_F5_2018_P4;PLA_3_F5_2019_P1;PLA_3_F5_2019_P2;PLA_3_F5_2019_P3;PLA_3_F5_2019_P4;PLA_3_F6_2013_P3;PLA_3_F6_2013_P4;PLA_3_F6_2014_P2;PLA_3_F6_2014_P3;PLA_3_F6_2014_P4;PLA_3_F6_2015_P1;PLA_3_F6_2015_P2;PLA_3_F6_2015_P3;PLA_3_F6_2015_P4;PLA_3_F6_2016_P1;PLA_3_F6_2016_P2;PLA_3_F6_2016_P3;PLA_3_F6_2016_P4;PLA_3_F6_2017_P1;PLA_3_F6_2017_P2;PLA_3_F6_2017_P3;PLA_3_F6_2017_P4;PLA_3_F6_2018_P1;PLA_3_F6_2018_P2;PLA_3_F6_2018_P3;PLA_3_F6_2018_P4;PLA_3_F6_2019_P1;PLA_3_F6_2019_P2;PLA_3_F6_2019_P3;PLA_3_F6_2019_P4
Agrostis_rupestris;;;;;;;;fr;fr;fe;fe;fe;fl;;;;;;;;;;;;;;;;;;;;;fr;di;;;fr;di;;;;;;;;fr;;;;;;;;;;;;;;;;;;;;;;;;;;bt;;;;;;;;;;;;fr;fr;se;;;;;;;;fr;;;;bt;;;;;;;;;;;;;fr;di;;;;;;;;;;;;;;;;;;;;;;;;fl;fr;;;;;;;;;;;;;;;;;;;;;;;;;;fe;di;;;;;;;;;;;;;;;;;;;;;;;;;fr;di;fe;;fr;di;;;;fr;;;;;;;bt;;;;;;;;;;fl;fr;;;;fr;;;;;;;;bt;;;;;;;;;;;;;fr;di;fe;fe;fr;di;;;;fr;;;;bt;;;bt;;;;;;;;;;fr;di;;fe;fr;di;;;fe;fe;;;;;;;;;;;;;;;;;fr;di;;;fr;di;;;;fr;;;;bt;;;;;;;;;;;;fr;di;;;;;;;;;;;;bt;;;bt;;;;;;;;;fr;di;;;fr;di;;;;fr;;;;bt;;;;;;;;;;;;fr;di;fe;fl;fr;di;;;fe;;;;;;;;;;;;;;;;;fr;di;fe;fl;fr;di;;;;fr;;;;;;;bt;;;;;;;;;fr;di;fe;fl;fr;di;;;;fr;;;;bt;;;bt;;;;;;;;;di;;;;fr;di;;;;fr;;;;;;;bt;;;;;;;;;fr;di;;fe;fr;di;;;;;;;;;;;bt;;;;;;;;;fr;fr;;;fr;di;;;;fr;;;;;;;bt;;;;;;;;;fr;se;fe;fl;fr;di;;;;;;;;;;;;;;;;;;;;fl;di;;;fr;di;;;fe;fr;;fe;fe;bt;;;bt;;;;;;;;;fl;di;;bt;fr;di;;;bt;fr;;fe;fe;bt;;;bt;;;;;;;fr;di;;;fr;di;;;;;;;;;;;;;;;;;;fr;di;;;;;;;;;;;;;;;;;;;;;;fr;di;fe;fe;fr;di;;;fl;di;;;;;;;bt;;;;;;fl;;fr;;fe;fr;di;;;;fr;;;;bt;;;;;;;;;;;;fr;fe;;;;;;;;;;bt;;;;;;;;;;;;;;;;;;;;;;;;;;;;;;;;;;;fr;di;;;;;;fe;;;;;;;;;;;;;;;;;;;fe;fr;di;;fe;;;;;;;bt;;;;;;fl;;;fr;di;;fe;fr;di;;;;;;;;;;;;;;;;;;fr;di;fe;fe;fr;di;;;fl;se;;bt;;;;;;;;;;;;fr;di;;fr;fr;di;;;;;;;;;bt;;;;;;fl;;;fr;di;fe;fe;fr;di;;fe;;fr;;;bt;bt;;;bt;;;;;;;;;fl;di;;;fr;di;;;;fr;;;;bt;;;;
Alchemilla_flabellata;;;;;;;;;;;;;;;;;;;;;;;;;;;;;;;;;;;;;;;;;;;;;;;;;;;;;;;;;;;;;;;;;;;;;;;;;;;;;;;;;;;;;;;;;;;;;;;;;;;;;;;;;;;;;;;;;;;;;;;;;;;;;;;;;;;;;;;;;;;;;;;;;;;;;;;;;;;;;;;;;;;;;;;;;;;;;;;;;;;;;;;;;;;;;;;;;;;;;;;;;;;;;;;;;;;;;;;;;;;;;;;;;;;;;;;;;;;;;;;;;;;;;;;;;;;;;;;;;;;;;;;;;;;;;;;;;;;;;;;;;;;;;;;;;;;;;;;;;;;;;;;;;;;;;;;;;;;;;;;;;;;;;;;;;;;;;;;;;;;;;;;;;;;;;;;;;;;;;;;;;;;;;;;;;;;;;;;;;;;;;;;;;;;;;;;;;;;;;;;;;;;;;;;;;;;;;;;;;;;;;;;;;;;;;;;;;;;;;;;;;;;;;;;;;;;;;;;;;;;;;;;;;;;;;;;;;;;;;;;;;;;;;;;;;;;;;;;;;;;;;;;;;;;;;;;;;;;;;;;;;;;;;;;;;;;;;;;;;;;;;;;;;;;;;;;;;;;;;;;;;;;;;;;;;;;;;;;;;;;;;;;;;;;;;;;;;;;;;;;;;;;;;;;;;;;;;;;;;;;;;;;;;;;;;;;;;;;;;;;;;;;;;;;;;;;;;;;;;;;;;;;;;;;;;;;;;;;;;;;;;;;;;;;;;;;;;;;;;;;;;;;;;;;;;;;;;;;;;;;;;;;;;;;;;;;;;;;;;;;;;;;;;;;;;;;;;;;;;;;;;;;;;;;;;;;;;;;;;;;;;;;;;;;;;;;;;;;;;;;;;;;;;;;;;;;;;;;;;;;;;;;;;;;;;;;;;;;;;;;;;;;;;;;;;;;;;;;;;;;;;;;;;;;;;;;;;;;;;;;;;;;;;;;;;
Anthyllis_vulneraria;;;;;;;;;;;;;;;;;;;;;;;;;;;;;;;;;;;;;;;;;;;;;;;;;;;;;;;;;;;;;;;;;;;;;;;;;;;;;;;;;;;;;;;;;;;;;;;;;;;;;;;;;;;;;;;;;;;;;;;;;;;;;;;;;;;;;;;;;;;;;;;;;;;;;;;;;;;;;;;;;;;;;;;;;;;;;;;;;;;;;;;;;;;;;;;;;;;;;;;;;;;;;;;;;;;;;;;;;;;;;;;;;;;;;;;;;;;;;;;;;;;;;;;;;;;;;;;;;;;;;;;;;;;;;;;;;;;;;;;;;;;;;;;;;;;;;;;;;;;;;;;;;;;;;;;;;;;;;;;;;;;;;;;;;;;;;;;;;;;;;;;;;;;;;;;;;;;;;;;;;;;;;;;;;;;;;;;;;;;;;;;;;;;;;;;;;;;;;;;;;;;;;;;;;;;;;;;;;;;;;;;;;;;;;;;;;;;;;;;;;;;;;;;;;;;;;;;;;;;;;;;;;;;;;;;;;;;;;;;;;;;;;;;;;;;;;;;;;;;;;;;;;;;;;;;;;;;;;;;;;;;;;;;;;;;;;;;;;;;;;;;;;;;;;;;;;;;;;;;;;;;;;;;;;;;;;;;;;;;;;;;;;;;;;;;;;;;;;;;;;;;;;;;;;;;;;;;;;;;;;;;;;;;;;;;;;;;;;;;;;;;;;;;;;;;;;;;;;;;;;;;;;fe;fe;;;;fe;;;;;;;;;;;;;;;;;;;;;;;;;;;;;;;;;;;;;;;;;;;;;;;;;;;;;;;;;;;;;;;;;;;;;;;;;;;;;;;;;;;;;;;;;;;;;;;;;;;;;;;;;;;;;;;;;;;;;;;;;;;;;;;;;;;;;;;fe;fe;;;;fe;;;;;;;;;;;;;;;;;;;;;;;;;;;;;;;;;;;;;;;;;;;;;;;;;;;;;;;;;;;;;;;;;;;;;;;;;;;;;;;
Armeria_alpina_var._occasiana;;;;;;;;;;;;;;;;;;;;;;;;;;;;;;;;;;;;;;;;;;;;;;;;;;;;;;;;;;;;;;;;;;;;;;;;;;;;;;;;;;;;;;;;;;;;;;;;;;;;;;;;;;;;;;;;;;;;;;;;;;;;;;;;;;;;;;;;;;;;;;;;;;;;;;;;;;;;;;;;;;;;;;;;;;;;;;;;;;;;;;;;;;;;;;;;;;;;;;;;;;;;;;;;;;;;;;;;;;;;;;;;;;;;;;;;;;;;;;;;;;;;;;;;;;;;;;;;;;;;;;;;;;;;;;;;;;;;;;;;;;;;;;;;;;;;;;;;;;;;;;;;;;;;;;;;;;;;;;;;;;;;;;;;;;;;;;;;;;;;;;;;;;;;;;;;;;;;;;;;;;;;;;;;;;;;;;;;;;;;;;;;;;;;;;;;;;;;;;;;;;;;;;;;;;;;;;;;;;;;;;;;;;;;;;;;;;;;;;;;;;;;;;;;;;;;;;;;;;;;;;;;;;;;;;;;;;;;;;;;;;;;;;;;;;;;;;;;;;;;;;;;;;;;;;;;;;;;;;;;;;;;;;;;;;;;;;;;;;;;;;;;;;;;;;;;;;;;;;;;;;;;;;;;;;;;;;;;;;;;;;;;;;;;;;;;;;;;;;;;;;;;;;;;;;;;;;;;;;;;;;;;;;;;;;;;;;;;;;;;;;;;;;;;;;;;;;;;;;;;;;;;;;;;;;;;;;;;;;;;;;;;;;;;;;;;;;;;;;;;;;;;;;;;;;;;;;;;;;;;;;;;;;;;;;;;;;;;;;;;;;;;;;;;;;;;;;;;;;;;;;;;;;;;;;;;;;;;;;;;;;;;;;;;;;;;;;;;;;;;;;;;;;;;;;;;;;;;;;;;;;;;;;;;;;;;;;;;;;;;;;;;;;;;;;;;;;;;;;;;;;;;;;;;;;;;;;;;;;;;;;;;;;;;;
Armeria_muelleri;;;;;;;;;;;;;;;;;;;;;;;;;;;;;;;;;;;;;;;;;;;;;;;;;;;;;;;;;;;;;;;;;;;;;;;;;;;;;;;;;;;;;;;;;;;;;;;;;;;;;;;;;;;;;;;;;;;;;;;;;;;;;;;;;;;;;;;;;;;;;;;;;;;;;;;;;;;;;;;;;;;;;;;;;;;;;;;;;;;;;;;;;;;;;;;;;;;;;;;;;;;;;;;;;;;;;;;;;;;;;;;;;;;;;;;;;;;;;;;;;;;;;;;;;;;;;;;;;;;;;;;;;;;;;;;;;;;;;;;;;;;;;;;;;;;;;;;;;;;;;;;;;;;;;;;;;;;;;;;;;;;;;;;;;;;;;;;;;;;;;;;;;;;;;;;;;;;;;;;;;;;;;;;;;;;;;;;;;;;;;;;;;;;;;;;;;;;;;;;;;;;;;;;;;;;;;;;;;;;;;;;;;;;;;;;;;;;;;;;;;;;;;;;;;;;;;;;;;;;;;;;;;;;;;;;;;;;;;;;;;;;;;;;;;;;;;;;;;;;;;;;;;;;;;;;;;;;;;;;;;;;;;;;;;;;;;;;;;;;;;;;;;;;;;;;;;;;;;;;;;;;;;;;;;;;;;;;;;;;;;;;;;;;;;;;;;;;;;;;;;;;;;;;;;;;;;fe;fe;fe;fe;fe;fe;fe;fe;;bt;fl;di;;fe;fr;di;;bt;fl;;fe;fe;fe;;fe;;fe;bt;fl;fe;fe;;bt;fl;di;;bt;fl;fr;;bt;fl;;;;fe;;;fe;fe;fe;fe;fe;fe;;bt;bt;di;;fe;fe;fe;;;;;;;;;;;;;;;;;;;;;;;;;;;;;;;;;;;;;;;;;;;;;;;;;;;;;;;;;;;;;;;;;;;;;;;;;;;;;;fl;fe;fe;fl;fr;;bt;fr;di;;;;fe;fe;fe;fe;;;;fe;fl;fe;;fl;fe;fe;fe;fe;bt;bt;fe;di;;fe;fe;;fe;;;;;;;fe;fe;;fe;;fe;di;di;fe;fe;fe;di;;fe;fl;di;;fl;;fe;fe;;;;fe;;fe;;fr;di;di;;;fe;;;fe;fe;di;;fe;fe;;;;;;;;;;;;;;;;;;;;;;;;;;;;;;;;;;;;;;;;;;;;;;;;;;;;;
Avenula_versicolor;;;;;;;;;;;;;;;;;;;;;;;;;;;;;;;;;;;;;;;;;;;;;;;;;;;;;;;;;;;;;;;;;;;;;;;;;;;;;;;;;;;;;;;;;;;;;;;;;;;;;;;;;;;;;;;;;;;;;;;;;;;;;;;;;;;;;;;;;;;;;;;;;;;;;;;;;;;;;;;;;;;;;;;;;;;;;;;;;;;;;;;;;;;;;;;;;;;;;;;;;;;;;;;;;;;;;;;;;;;;;;;;;;;;;;;;;;;;;;;;;;;;;;;;;;;;;;;;;;;;;;;;;;;;;;;;;;;;;;;;;;;;;;;;;;;;;;;;;;;;;;;;;;;;;;;;;;;;;;;;;;;;;;;;;;;;;;;;;;;;;;;;;;;;;;;;;;;;;;;;;;;;;;;;;;;;;;;;;;;;;;;;;;;;;;;;;;;;;;;;;;;;;;;;;;;;;;;;;;;;;;;;;;;;;;;;;;;;;;;;;;;;;;;;;;;;;;;;;;;;;;;;;;;;;;;;;;;;;;;;;;;;;;;;;;;;;;;;;;;;;;;;;;;;;;;;;;;;;;;;;;;;;;;;;;;;;;;;;;;;;;;;;;;;;;;;;;;;;;;;;;;;;;;;;fl;di;;fe;fe;fe;;;fr;di;;;fe;fe;;fe;fe;;;;;;;;;;;;;;;;;;;;;;;;;;;;;;;;;;;;;;;;;;;;;;;;;;;;;;;;;;;;;;;;;;;;;;;;;;;;;;;;;;;;;;;;;;;;;;;;;;;;;;;;;;;;;;;;;;;;;;;;;;;;;;;;;;;;;;;;;;;;;;;;;;;;;;;;;;;;;;;;;;;;;;;;;;;;;;;;;;;;;;;;;;;;;;;;;;;;;;;;;;;;;;;;;;;;;;;;;;;;;;;;;;;;;;;;;;;;fl;;fl;fr;;;fe;;;;;fe;;;;fe;fe;bt;;;;;;;;;;;;;;;;;;;;;;;;;;;;;;;;;;;;;;;;;;;;;;;;;;;
Bartsia_alpina;;;;;;;;;;;;;;;;;;;;;;;;;;;;;;;;;;;;;;;;;;;;;;;;;;;;;;;;;;;;;;;;;;;;;;;;;;;;;;;;;;;;;;;;;;;;;;;;;;;;;;;;;;;;;;;;;;;;;;;;;;;;;;;;;;;;;;;;;;;;;;;;;;;;;;;;;;;;;;;;;;;;;;;;;;;;;;;;;;;;;;;;;;;;;;;;;;;;;;;;;;;;;;;;;;;;;;;;;;;;;;;;;;;;;;;;;;;;;;;;;;;;;;;;;;;;;;;;;;;;;;;;;;;;;;;;;;;;;;;;;;;;;;;;;;;;;;;;;;;;;;;;;;;;;;;;;;;;;;;;;;;;;;;;;;;;;;;;;;;;;;;;;;;;;;;;;;;;;;;;;;;;;;;;;;;;;;;;;;;;;;;;;;;;;;;;;;;;;;;;;;;;;;;;;;;;;;;;;;;;;;;;;;;;;;;;;;;;;;;;;;;;;;;;;;;;;;;;;;;;;;;;;;;;;;;;;;;;;;;;;;;;;;;;;;;;;;;;;;;;;;;;;;;;;;;;;;;;;;;;;;;;;;;;;;;;;;;;;;;;;;;;;;;;;;;;;;;;;;;;;;;;;;;;;;;;;;;;;;;;;;;;;;;;;;;;;;;;;;;;;;;;;;;;;;;;;;;;;;;;;;;;;;;;;;;;;;;;;;;;;;;;;;;;;;;;;;;;;;;;;;;;;;;;;;;;;;;;;;;;;;;;;;;;;;;;;;;;;;;;;;;;;;;;;;;;;;;;;;;;;;;;;;;;;;;;;;;;;;;;;;;;;;;;;;;;;;;;;;;;;;;;;;;;;;;;;;;;;;;;;;;;;;;;;;;;;;;;;;;;;;;;;;;;;;;;;;;;;;;;;;;;;;;;;;;;;;;;;;;;;;;;;;;;;;;;;;;;;;;;;;;;;;;;;;;;;;;;;;;;;;;;;;;;;
Campanula_scheuchzeri_subsp._lanceolata;;;;;;;;;;;;;;;;;;;;;;;;;;;;;;;;;;;;;;;;;;;;;;;;;;;;;;;;;;;;;;;;;;;;;;;;;;;;;;;;;;;;;;;;;;;;;;;;;;;;;;;;;;;;;;;;;;;;;;;;;;;;;;;;;;;;;;;;;;;;;;;;;;;;;;;;;;;;;;;;;;;;;;;;;;;;;;;;;;;;;;;;;;;;;;;;;;;;;;;;;;;;;;;;;;;;;;;;;;;;;;;;;;;;;;;;;;;;;;;;;;;;;;;;;;;;;;;;;;;;;;;;;;;;;;;;;;;;;;;;;;;;;;;;;;;;;;;;;;;;;;;;;;;;;;;;;;;;;;;;;;;;;;;;;;;;;;;;;;;;;;;;;;;;;;;;;;;;;;;;;;;;;;;;;;;;;;;;;;;;;;;;;;;;;;;;;;;;;;;;;;;;;;;;;;;;;;;;;;;;;;;;;;;;;;;;;;;;;;;;;;;;;;;;;;;;;;;;;;;;;;;;;;;;;;;;;;;;;;;;;;;;;;;;;;;;;;;;;;;;;;;;;;;;;;;;;;;;;;;;;;;;;;;;;;;;;;;;;;;;;;;;;;;;;;;;;;;;;;;;;;;;;;;;;;;;;;;;;;;;;;;;;;;;;;;;;;;;;;;;;;;;;;;;;;;;;;;;;;;;;;;;;;;;;;;;;;;;;;;;;;;;;;;;;;;;;;;;;;;;;;;;;;;;;;;;;;;;;;;;;;;;;;;;;;;;;;;;;;;;;;;;;;;;;;;;;;;;;;;;;;;;;;;;;;;;;;;;;;;;;;;;;;;;;;;;;;;;;;;;;;;;;;;;;;;;;;;;;;;;;;;;;;;;;;;;;;;;;;;;;;;;;;;;;;;;;;;;;;;;;;;;;;;;;;;;;;;;;;;;;;;;;;;;;;;;;;;;;;;;;;;;;;;;;;;;;;;;;;;;;;;;;;;;;
Cardamine_alpina;;;;;;;;;;;;;;;;;;;;;;;;;;;;;;fr;fr;;;;;;fe;fe;fe;;;;;;;;se;;fe;;;;;;;;;;;;;;fr;se;se;;;;;;fe;fe;fe;;fl;;;;;;fe;fr;;;;;;;;;;;;;;;fe;;;;;;;;;;;;;;;;;;;;;;;;;;;;;;;;;;;;;;;;;;;;;;;;;;;;;;;;;;;;;;;;;;;;;;;;;;;;;;;;;;;;;;;;;;;;;;;;;;;;;;;;;;;;;;;;;;;;;;;;;bt;fr;se;;;;;;;fe;fe;;;;;;;;;;;fr;;;fe;;;;;;;;;;;;fe;fe;;;;;;;;;;;;;;;;fr;;;;;;;;fe;;;;;;;;;;fe;fr;fe;;;fe;fe;;;;;;;;fe;;;;;;;;;;;;;;;;;;;;;;;;;;;;;;;;;;;;fe;;;;;;;;;;;;;;;;fe;fe;;;;bt;;;;;;;;;;;;;;;;;;;;;;;;;;;;;;;;;;;;;;;;;;;;;;;;;;;;;;fe;;fe;;;fe;se;;fr;fr;di;;;fe;;;;;;;;;;;;;;;;;;;;;;;;;;;;;fr;;;fe;fe;;;;;;;;;;;;;;;;;;;;;;;;;;;;;;;;;;;;;;;;;;;;;;;;;;;;;;;;;;;;;;;;;;;;;;;;;;;;;;;;;;;;;;;;;;;;;;;;;;;;;;;;;;;;;;;;;;;;;;;;;;;;;;;;;;;;;;;;;;;;;;;;;;;;;;;;;;;;;fe;fr;di;di;;;fr;se;;;fr;fr;;;;;;;;;;;;;;;;;;;;;;fr;;;fl;;;;;;;;;;;;;;;;;;;;;;;;;;;;;;;;;;;;;;;;;;;;;;;;;;;;;;;;;;;;;;;;;;;;;;;;;;;;;;;;;;;;;;;;;;;;;;;;;;;;;;;;;fr;fe;fe;;di;;;;di;;;;;;;;;;;fr;;;;fr;di;di;;;fr;fe;fe;di;;;;;;;;;;;;;;;;;;;fl;fr;di;;fe;;;;;;;;;;;;;;;;;;;;;;;;;;;;;;;;;;;;;;;;;;;;;;;;;;;;;;;;;;;;;;;;;;;;;;;;;;;fl;;
Cardamine_resedifolia;;;;;;;;;;;;;;;;;;;;;;;;;;;;;;;;;;;;;;;;;;;;;;;;;;;;;;;;;;;;;;;;;;;;;;;;;;;;;;;;fe;;;;;;;;;;;;;;;;;fe;;;;;;;;;;;;;;;;;;;;;;;;;;;;;;;;;;;;;;;;;;;;;;;;;;;;;;;;;;;;;;;;;;;;;;;;;;;;;;;;;;;;;;;;;;;;;;;;;;;;;;;;;;;;;;;;;;;;;;;;;;;;;;;;;;;;;;;;;;;;;;;;;;;;;;;;;;;;;;;;;;;;;;;;;;;;;;;;;;;;;;;;;;;;;fe;fe;fe;;;;;;;;;;;;;;;;;;;;;;;;;;;;;;;;;;;;;;;;;;;;;;;;;;;;;;;;;;;;;;;;;;;;;;;;;;;;;;;;;;;;;;;;;;;;;;;;;;;;;;;;;;;;;;;;;;;;;;;;;;;;;;;;;;;;;;;;;;;;;;;;;;;;;;;;;;;;;;;;;;;;;;;;;;;;;;;;;;;;;;;;;;;;;;;;;;;;;;;;;;;;;;;;;;;;;;;;;;;;;;;;;;;;;;;;;;;;;;;;;;;;;;;;;;;;;;;;;;;;;;;;;;;;;;;;;;;;;;;;;;;;;;;;;;;;;;;;;;;;;;;;;;;;;;;;;;;;;;;;;;fe;fe;fr;fe;fl;fe;fe;fl;fr;di;di;;fl;fr;di;;;fr;fe;;fl;fr;;;;;;;;;;;;;;;;;;;;;;;;;;;;;;;;;;;;;;;;;;;;;;;;;;;;;;;;;;;;;;;;;;;;;;;;;;;;;;;;;;;;;;;;;;;;;;;;;;;;;;;;;;;;;;;;;;;;;;;;;;fe;;fe;fe;fl;fr;di;di;;;;b;fr;fr;;fl;fr;;;;fe;;fr;fe;;fe;fe;fe;fr;di;;;fl;;fe;fr;di;;fl;fr;;;;;;;;;fe;fe;fe;fr;di;;;;;;;fr;;fl;fr;;;;;;;;;;;;;;;;;;;;;;;;;;;;;;;;;;;;;;;;;;;;;;;;;;;;;;;;;;;;;;;;;;;;;;;;;;
Carex_curvula_subsp._curvula;;;;;;;;;;;;;;;;;;;;;;;;;;;;;;;;;;;;;;;;;;;;;;;;;;;;;;;;;;;;;;;;;;;;;;;;;;;;;;;;;;;;;;;;;;;;;;;;;;;;;;;;;;;;;;;;;;;;;;;;;;;;;;;;;;;;;;;;;;;;;;;;;;;;;;;;;;;;;;;;;;;;;;;;;;;;;;;;;;;;;;;;;;;;;;;;;;;;;;;;;;;;;;;;;;;;;;;;;;;;;;;;;;;;;;;;;;;;;;;;;;fr;di;;;;;;;;;;;;;;;;;;;;;;;;;;;;;;;;;;;;;;;;;;;;;;;;;;;;;;;;;;;;;;;;;;;;;;;;;;;;;;;;;;;;;;;;;;;;;;;;;;;;;;;;;;;;;;;;;;;;;;;;;;;;;;;;;;;;;;;;;;;;;;;;;;;;;;;;;;;;;;;;;;;;;;;;;;;;;;;;;;;;;;;;;;;;;;;;;;;;;;;;;;;;;;;;;;;;;;;;;;;;;;;;;;;;;;;;;;;;;;;;;;;;;;;;;;;;;;;;;;;;;;;;;;;;;;;;;;;;;;;;;;;;;;;;;;;;;;;;;;;;;;;;;;;;;;;;;;;;;;;;;;;;;;;;;;;;;;;;;;;;;;;;;;;;;;;;;;;;;;;;;;;;;;;;;;;;;;;;;;;;;;;;;;;;;;;;;;;;;;;;;;;;;;;;;;;;;;;;;;;fr;;;;;;;;;;fe;;fe;;fe;fe;;;;;;;;;;;;;;;;;;;;;;;;;;;;;;;;;;;;;;;;;;;;;;;;;;;;;;;;;;;;;;;;;;;;;;;;;;;;;;;;;;;;;;;;;;;;;;;;;;;;;;;;;;;;;;;;;;;;;fl;fr;;;;fl;fl;fr;fe;;fe;fe;fe;;;fe;fe;;fe;;;;;;;;;;;;;;;;;;;;;;;;;;;;;;;;;;;;;;;;;;;;;;;;;;;;;;;;;;;;;;;;;;;;;;;;;;;;;
Carex_parviflora;;;;;;;;;;;;;;;;;;;;;;;;;;;;;;;;;;;;;;;;;;;;;;;;;;;;;;;;;;;;;;;;;;;;;;;;;;;;;;;;;;;;;;;;;;;;;;;;;;;;;;;;;;;;;;;;;;;;;;;;;;;;;;;;;;;;;;;;;fl;fr;fr;;;;;;;;di;;;;;;;;;;;;;;;;;;;;;;;;;;;;;;;;;;;;;;;;;;;;;;;;;;;;;;;;;;;;;;;;;;;;;;;;;;;;;;;;;;;;;;;;;;;;;;;;;;;;;;;;;;;;;;;;;;;;;fl;;;;;;;;;fe;;;;fe;;;;;;;;;;;;;;;;;;;;;;;;;;;;;;;;;;;;;;;;;;;;;;;;;;;;;;;;;;;;;;;;;;;;;;;;;;;;;;;;;;;;;;;;;;;;;;;;;;;;;;;;;;;;;;;;;;;;;;;;;;;;;;;;;;;;;;;;;;;;;;;;;;;;;;;;;;;;;;;;;;;;;;;;;;;;;;;;;;;;;;;;;;;;;;;;;;;;;;;;;;;;;;;;;;;;;;;;;;;;;;;;;;;;;;;;;;;;;;;;;;;;;;;;;;;;;;;;;;;;;;;;;;;;;;;;;;;;;;;;;;;;;fe;fl;fe;;;;fr;fr;di;;fl;fr;fr;;;fe;di;;fe;fe;fe;;fl;fl;;;;;;;;;;;;;;;;;;;fe;fl;;;;;;;;;;;;;;;;;;;;;;;;;;;;;;;;fe;fr;fr;;fl;fr;fr;;;;fe;;;fe;;;fl;fl;;;;;;;;;;;;;;;;;;;;;;;;;;;;;;;;;;;;;;;;;;;;;;;;;;;;;;;;;;;;;;;;;;;;;;;;;;;;;;;;;;;;;;;;;;;;;;;;;;;;;;;;;;;;;;;;;;;;;;;;;;;;;;;;;;;;;;;;;;;;;;;;;;;fr;fr;;fl;fr;fr;;;;fe;;fe;;;fe;;;;;;;;;;;;;;;;;;;;;;;;;;;;;;;;;;;;;;;;;;;;;;;;fe;;;;;;;;;;;;;;;;;;;;;;;;;;
Carex_pyrenaica;;;;;;;;di;;;fe;fe;di;fe;fe;fe;fe;;fe;fe;fe;;fe;fe;;;;;;fr;;;;;;;;;;;;;;;fe;;;;;;;fe;fe;fr;;fr;fr;;fr;di;fe;fe;fl;di;fe;;fl;fr;fr;;fe;fr;di;;fe;fe;;;;;;;fr;;;;;;;fe;;;fe;fe;fe;;fe;fe;fe;;fe;fe;;;;;;;;;fr;di;di;;fe;fe;fe;;;;fe;;fe;fe;fe;;fe;fe;;;;;;fl;;;;fe;;;fl;fe;fe;;fe;fe;fe;;;fe;fe;;fe;fe;;;fl;fr;;fr;fr;;fr;di;se;;fl;fe;fe;;fe;fe;fe;;fe;fe;fe;;fe;di;;;;;;fe;;;;;;;fl;fr;fr;;;fe;fe;;fe;fr;di;;fe;fe;;fe;fe;fr;;fe;fr;;;di;se;;fe;fe;fe;;fe;fe;fe;;fe;fe;di;;;fe;;fe;fe;fr;;fr;fr;;fr;;;;fl;di;di;;fe;fe;fe;;;fe;fe;;fe;fe;;fe;fe;fr;;;fr;;fl;di;se;;fe;fe;;;;fl;fr;;;fe;fe;;bt;fe;;fe;fe;di;;fl;fr;;;;;;fr;di;di;;fe;fr;fe;;fe;fr;di;;bt;di;;;;;;;;;;;;;;;;;;;;;;;;;;;fl;fe;;;fr;;;;;;fr;fe;fe;;fl;fr;di;;fe;fl;fe;;fe;fr;;fe;fr;;;;;fe;di;;;fr;di;fe;;fl;di;di;;fe;fr;di;;fe;fe;;;;;;;;fr;;fe;;;fe;fe;;fl;fr;di;;fe;fe;fe;;fe;fe;;fe;di;;;;;;;;;fl;;di;;fe;fr;fe;;;;fe;;fe;fe;;;;;;;;fl;;;;;;;;fe;;;;fe;fe;fe;;fe;di;;;;;;;;;;;;;;;;;;;;;;;;fe;;;fl;fr;;;fr;;;di;;;fl;di;fe;;fe;fe;fe;;fe;fe;fe;;fe;fe;;fl;fr;;;fr;;fr;di;fe;;fr;di;fe;;fl;di;fe;;fe;fr;fe;;fe;fe;;fe;fr;;;;;;di;;;fr;fe;fe;;fe;fe;fe;;fe;di;di;;fl;fr;;;;;;;;;;;;fr;;;;fl;fr;di;;fe;fe;;;fe;fr;;;;fr;;;;;;;;;;;;;;fe;fe;;;;;;;;;;;;;;;;;;;;;;;;;;;;;;;;;;;;;;;;;;;;;;;;;;;;;;;;;;;;;;;;;;;;;;;;fe;fe;;;;;;;;;;;;;;;;;;;;;;;;;;;;;;;;;;;;;;fr;di;;fe;fe;fe;;fe;;;fl;fr;;;fr;bt;fr;di;;;;fe;fe;fe;fe;;fe;fr;di;;fe;fe;;;;;;;;;;;;;;;;;;;;;;;;;;;;;;;;;;;;;;;;;;;;;;;;;;;;;;;;;;;;;;;;;;;;;;;;;;;;;;di;se;;;;;;fe;;fe;;;;fe;fe;;;;;;fr;;fr;di;;;fr;di;fe;;fe;fe;fe;;fe;fe;fe;;fe;fe;;fe;fr;;;fr;;fr;fr;;;fl;di;di;;fl;fr;di;;fe;fr;di;;fl;di;
Epikeros_pyrenaeus;;;;;;;;;;;;;;;;;;;;;;;;;;;;;;;;;;;;;;;;;;;;;;;;;;;;;;;;;;;;;;;;;;;;;;;;;;;;;;;;fe;;fe;fe;fe;fe;fe;fr;;fe;fe;fe;;fe;fe;fe;;;;;;;;;;;;;;;;;;;;;;;;;;;;;;;;;;;;;;;;;;;;;;;;;;;;;;;;;;;;;;;;;;;;;;;;;;;;;;;;;;;;;;;;;;;;;;;;;;;;;;;fe;fe;;;;;;;fe;;;;;;;;;;;;;;;;;;;;;;;;;;;;;;;;;;;;;;;;;;;;;;;;;;;;;;;;;;;;;;;;;;;;;;;;;;;;;;;;;;;;;;;;;;;;;;;;;;;;;;;;;;;;;;;;;;;;;;;;;;;;;;;;;;;;;;;;;;;;;;;;;;;;;;;;;;;;;;;;;;;;;;;;;;;;;;;;;;;;;;;;;fe;;;;;;fe;fe;fe;;fe;fe;fe;;;;;;fe;fe;;;;;;;;;;;;;;;;;;;;;;;;;;;;;;;;;;;;;;;;;;;;;;;;;;;;;;;;;;;;;;;;;;;;;;;;;;;;;;;;;;;;;;;;;;;;;;;;;;;;;;fe;;;;;fe;fe;fe;fe;;fe;fe;fe;;;fe;fe;;;fe;fe;;fe;fe;;;;;;;;;;;;;;;;;;;;;;;;;;;;;;;;;;;;;;;;;;;;;;;;;;;;;;;;;;;;;;;;;;;;;;;;;;;;;;;;;;;;;;;;;;;;;;;;;;;;;;;;;;;;;;;;;;;;;;;;;;;;;;;;;;;;;;;;;;;;;;;;;;;;;;;;;;;;;;;;;;;;;;;;;;;;;;;;;;;;;;;;;;;;;;;;;;;;;;;;;;;;;;;;;;;;;;;;;;;;;;;;;;;;;;;;;;;;;;;;;;;;;;;;;;;;;;;;;;;;;;;;;;;;;;;;;;;;;;;;;;;;;;;;;;;;;;;;;;;;;;;;;;;;;;;;;;;;;;;;;;;;;;;;;;;;;;;;;;;;;;;;;;;;;;;;;;
Euphrasia_minima;;;;;;;;;;;fe;fl;fr;;;;;;;;;;;;;;;;;;;;;;;;;;;;;;;;;;;;;;;;;;;;;;;;;;;;;;;;;;;;;;;;;;;;;;;;;;;;fe;fe;fr;;;;;;;;;;;;;;;;;;;;;;;;fe;fl;fl;;;;fr;;;;;;;;;;;;;fe;fl;;;fl;fr;;fe;fl;di;;;fe;;;;fe;fl;;;fl;;;;;;;fl;;;;;;fe;fl;fr;;;;;;;fe;;;;fl;;;;;;;;;;;;;;;di;;;;;;;;;;;;;;;;;;;;;;;;;fl;;;;;;;;;;;;;;;;;;;;;;;;;;;;;;;;;;;;;;;;;;;;;;;;;;;;fl;fr;;;;;;;;;;;;;;;;;;fr;;;;fr;;;fr;fr;;;fe;fl;;;;fl;;;fl;;;;;;;;;;;;;;;;;;;;;;;;;;;;;;;;;;;;;;;;;;;;;;;;;;fe;;;;;;;;;;;;;fe;;;;;;;;;;;;;;;;;;;;;;;;;;;;;;;;;;;;;;;;;;;;;;;;;;;;;;fe;;;;;;;;;;;;;;;;;;;;;;fr;;;;;;;;;;;;;;;;;;;;;;;;;;;;;;;;;;;;;;;;;;;;;;;;;;;;;;;;;;;;;;;;;;;;;;;;;;;;;;;;;;;;;;;;;;;;;;;;;;;;;;;;;;;;;;;;;;;;;fl;;;;;;fe;fl;fl;;;;;;;fe;fl;;;fe;;;;fl;;;fl;fr;;fe;fl;se;;;fe;fl;;;fe;fl;;;;;;;;;;;;;;bt;fl;;;;;;;fe;;;;;;;;;;;;;;;;fl;;;;;;;;;;;;;;;;;;;;;;;;;;;;;;;;;;;;;;;;;;;;;;;;;;;;;;;;;;;;;;;;;;;;;;;;;;;;;;;;;;;;;;;;;;;;;;;;;;;;;;;;;;;;;;;;;;;;;;;;;;;;;;;;;;;;;;;;;;;;;;;;;;;;;;;;;;;;;;;;;;;;;;;;;;;;;;;;;;;;;;;;;;;;;;;;;;;;;;;;;;;;;;;;;;;;;;;;;;;;;;;;;;;;;;;;;;;;;;;;;;;;;;
Festuca_glacialis;;;;;;;;;;;;;;;;;;;;;;;;fr;;;;;;;;;;;;;;;;;;;;;;;;;;;;;;;;;;;;;;;;;;;;;;;;;;;;;;;;;;;;;;;;;;;;;;;;;;;bt;;;;;;;;;;;;;;;;;;;;;;;;;;;;;;;;;;;;;;;;;;;;;;;;;;;;;;;;;;;;;;;;;;;;;;;;;;;;;;;;;;;;;;;;;;;;;;;;;;;;;;;;;;;;;;;;;;;;;;;;;;;;;;;;;;;;;;;;;;;;;;;;;;;;;;;;;;;;;;;;;;;;;bt;;;;;;fe;fe;fl;;;;;;;;;bt;;fe;;;;;;;;;;;;;;;;;;;fe;fe;;;bt;bt;;fe;fe;;;;;;;;;;;;;;;;;;;;;;;;;;;;;;;;;;;;;;;;;;;;;;;;;;;;;;;;;;;;;;;;;;;;;;;;;;;;;;;;;;;;;;;;;;;;;;;;;;;;;;;;;;;;;;;;;;;;;;;;;;;;;;;;;;;;;;;;;;;;;;;fe;;;fe;fe;;fe;fe;;;;;;;;;;;;;;;;;;;;;;;;;;;;;;;;;;;;;;;;;;;;;;;;;;;;;;;;;;;;;;;;;;;;;;;;;;;;;;;;;;;;;;;;;;;;;;;;bt;fl;;;fl;;;;;;fl;fe;fl;;;;;fr;fe;;;fr;fe;;;fr;br;;fe;fr;;;;fl;fe;fl;fr;;;;fe;fe;;;fe;fr;;;fe;fr;;fe;bt;;;;;;;;;;;;;;;;;;;;;;;;;;;;;;;;;;;;;;;;;;;;;;;;;;;;;;;;;;;;;;;;;;;;;;;;;;;;;;;;;;;;;;;;;;;;;;;;;;;;;;;;;;;;;;;;;;;;;;;;;;;;;;;;;;;;;;;;;;;;;;;;;;;;;;;;;;;;;;;;;;;;;;;;;;;;;;;;;;;;;;;;;;;;;;;;;;;;;;;;;;;;;;;;;;;;;;;;;;;;;;;;;;;;;;;;;;;;;;;;;;;;;;;;;;;;;;;;;;;;;;;;;;;;;;;;;;;;;;;;;
Festuca_paniculata_subsp._paniculata;;;;;;;;;;;;;;;;;;;;;;;;;;;;;;;;;;;;;;;;;;;;;;;;;;;;;;;;;;;;;;;;;;;;;;;;;;;;;;;;;;;;;;;;;;;;;;;;;;;;;;;;;;;;;;;;;;;;;;;;;;;;;;;;;;;;;;;;;;;;;;;;;;;;;;;;;;;;;;;;;;;;;;;;;;;;;;;;;;;;;;;;;;;;;;;;;;;;;;;;;;;;;;;;;;;;;;;;;;;;;;;;;;;;;;;;;;;;;;;;;;;;;;;;;;;;;;;;;;;;;;;;;;;;;;;;;;;;;;;;;;;fe;bt;;;;;;;;;;;;;;;;;;;;;;;;;;;;;;;;;;;;;;;;;;;;;;;;;;;;;;;;;;;;;;;;;;;;;;;;;;;;;;;;;;;;;;;;;;;;;;;;;;;;;;;;;;;;;;;;;;;;;;;;;;;;;;;;;;;;;;;;;;;;;;;;;;;;;;;;;;;;;;;;;;;;;;;;;;;;;;;;;;;;;;;;;;;;;;;;;;;;;;;;;;;;;;;;;;;;;;;;;;;;;;;;;;;;;;;;;;;;;;;;;;;;;;;;;;;;;;;;;;;;;;;;;;;;;;;;;;;;;;;;;;;;;;fr;;;;;;;;;;;;;;;;;;;;;;;;;;;;;;;;;;;;;;;;;;;;;;;;;;;;;;;;;;;;;;;;;;;;;;;;;;;;;;;;;;;;;;;;;;;;;;;;;;;;;;;;;;;;;;;;;;;;;;;;;;;;;;;;;;;;;;;;;;;;;;;;;;;;;;;;;;;;;;;;;;;;;;;;;;;;;;;;;;;;;;;;;;;;;;;;;;;;;;;;;;;;;;;;;;;;;;;;;;;;;;;;;;;;;;;;;;;;;;;;;;;;;;;;;;;;;;;;;;;;;;;;;;;;;;;;;;;;;;;;;;;;;;;;;;;;;;;;;;;;;;;;;;;;;;;;;;;;;;;
Festuca_rubra_subsp._commutata;;;;;fl;fe;fe;fr;fr;fe;fe;fr;di;;fe;fe;fe;;fe;fe;bt;;;;;fe;fe;fl;;fl;fl;fe;fl;fr;fr;fe;fl;fr;di;;fe;fe;fe;;fe;br;fr;;fe;bt;;;;;;fe;;;fe;fe;;;fe;fe;fe;;fe;fe;fr;;fe;fe;bt;;fe;fe;;;;;;fe;fl;;fe;fr;fl;fe;fl;fr;di;;fe;fe;fe;;fe;fe;fe;;fe;fe;;;;;;;fl;fe;fe;fe;;;;;;;;fe;fe;;;fe;fe;;fe;bt;;;;;;;fl;fe;fl;fr;fl;;fe;fe;fe;;fe;fe;fr;;fe;fe;fe;;fe;bt;;;;;;fe;fl;fe;fl;fr;fl;fe;fl;fr;di;;fe;fl;fr;;fe;fe;bt;;fe;bt;;fe;fe;fe;;;fl;fe;fl;fr;fr;fe;fe;bt;fl;;fe;bt;fr;;fe;fe;bt;;fe;bt;;;;;;fe;fl;fe;fe;fr;fl;fe;fl;fr;fr;;fe;fl;di;;fe;bt;bt;;fe;bt;;fe;fe;fl;;;fl;fe;fl;fr;fr;fe;fe;fr;di;;fe;fe;fr;;fe;fe;fe;;fe;bt;;fe;fe;fl;;fe;fl;fe;fl;fe;fr;fe;bt;fr;di;;fe;fl;fr;;fe;fe;bt;;;;;;;;;bt;fl;fe;fe;fr;fr;fe;fe;fe;fe;;fe;bt;fr;;fe;bt;bt;;fe;bt;;;;;;;fe;fl;fr;fr;fe;fl;fr;di;;fe;fe;fe;;fe;bt;bt;;fe;bt;;;;;;fl;fe;fl;fr;fl;fe;bt;fr;di;;fe;fe;fe;;fe;fe;fe;;fe;bt;;;;;;fl;;fe;fr;fr;fe;bt;fr;fe;;fe;fe;fr;;fe;fe;bt;;fe;bt;;;;;;fl;;fl;fr;fr;;bt;fr;di;;fe;bt;fr;;fe;bt;bt;;fe;bt;;;;;;fl;;fl;fr;fr;;fe;fr;di;;fe;fl;fr;;fe;fe;bt;;fe;bt;;;;;;fl;;fe;;se;fe;bt;fr;di;;fe;fe;fe;;fe;fe;fe;;fe;bt;;;;;;fl;fe;fl;fr;fr;fe;fe;fr;di;;fe;fe;fe;;fe;bt;bt;;fe;bt;;;;;;;;fl;fr;fe;;fe;fe;fr;;fe;fe;fe;;fe;fe;bt;;fe;bt;;;;;;fl;fe;fl;fr;se;;bt;fr;di;;fe;fl;fl;;fe;fe;bt;;fe;bt;;;;;;fl;;fl;fr;fr;;fl;fr;di;;fe;fe;fr;;fe;fe;bt;;fe;bt;;;;;;fl;;;;;fe;fe;;;;;fl;fe;;;fe;fe;;fe;fe;;;;;;fl;;;;;;;;fe;fe;fe;;;;fe;;fe;fe;;;;fl;fe;fl;fl;fr;fe;fl;fr;di;fe;fe;fr;fr;;fe;bt;bt;;fe;bt;;;;;;fe;fr;fr;fe;fl;fr;di;;fe;fr;di;;fe;bt;bt;;fe;bt;;;;;;fl;fe;fr;fe;fe;fr;di;;fe;fe;fe;;fe;bt;bt;;fe;bt;;;;;;fl;;fe;fr;fl;fr;di;;fe;fe;fe;;fe;fe;fe;;fe;bt;;;;;;fl;fe;fl;fr;fr;;di;;fe;fe;fe;;fe;fe;fe;;fe;bt;;fe;fl;;;fl;fe;fl;fr;fe;;bt;fr;fe;fe;fr;;fe;fe;bt;;fe;bt;;;;;;fl;fe;fe;fl;fr;fe;fl;fr;di;;fl;;fe;bt;bt;;fe;bt;;fe;fl;;;fl;fe;fe;fr;fr;fe;bt;fr;di;;fe;fr;fe;bt;bt;;fe;bt;;;;;;fl;fe;fl;fl;fr;fe;fl;fr;di;;fe;fr;fr;;bt;;fe;bt;;;;;;fl;fe;fl;fr;fr;fe;fl;fr;di;;fe;fe;fe;;fe;bt;fe;bt;;fe;fe;;;fl;;fr;fr;fl;fe;bt;fr;di;;fe;fl;fr;;fe;bt;bt;;fe;bt;;fe;fl;;;fl;fe;fl;fr;fr;fe;fl;fr;di;;fe;fe;fe;;fe;bt;bt;;fe;bt;
Gentiana_alpina;;;fe;;;;;;;;;;fe;;;;;;;;;;;;;;;;fe;fe;fe;fe;;;;fe;fe;fe;fe;;fe;fe;fe;;fe;fe;fe;;fe;fe;;fe;fe;fe;fe;fe;fe;fe;fe;;;fe;fe;fe;fe;;fe;fe;fe;;fe;fe;fe;;fe;fe;;;;;;;;;;;;;;;;;;;;;;;;;;;;;;;;;;;;;;;;;;;;;;;;;;;;;;;;;fe;;;;;;;fe;;;;;;;;;;;;;;;;;;;;;;;;;;;;;;;;;;;;;;;;;;;;;;;;;;;;;;;;;;;;;;;;;;;;;;;;;;;;;;;;;;;;;;;;;;;;;;;;;;;;;;;;;;;;;;;;;;;;;;;;;;;;;;;;;;;;;fe;;;;;;;;;;;;;;;;;;;;;;;;;;;;;;;;;;;;;;;fe;fe;fe;;fe;fe;fr;di;fe;fe;fe;fr;di;;bt;di;di;;fe;fr;di;;bt;fe;;;;;;;;;;;;;;;;;;;;;;;;;;;;;;;;;;;;;;;;;;;;;;;;;;;;;;;;;;;;;;;;;;;;;;;;;;;;;;;;;;;;;;;;;;;;;;;;;;;;;;;;;;;;;;;;;;;;;;;;;;;;;;;;;;;;;;;;;;;;;;;;;fe;fe;;;fe;;;;;;;;;;;;;;;;;;;;;;;;;;;;;;;;;;;;;;;;;;;;;;;;;;;;;;;;;;;;;;;;;;;;;;;;;;;;;;;;;;;;;;;;;;;;;;;;;;;;;;;fe;;fe;fe;;;;fe;fe;fe;fe;;fe;fe;fe;;fe;fe;fe;;fe;fe;;fe;fe;fe;bt;fr;di;di;fe;fl;fe;fe;fe;bt;fe;fe;;bt;fr;fe;;bt;fe;;fe;fe;fe;;;;;;;;;;;;;;fe;fe;fe;;;fe;;fe;fe;fe;;fe;fe;di;bt;fl;fr;di;;bt;fe;fe;;fe;fe;di;;bt;fe;;fe;fe;fe;fe;fe;fe;fe;fe;fe;fe;fe;;fe;fe;fe;;fe;fl;fe;;fe;fe;;fe;fe;fe;;fe;fe;fe;fe;fe;fe;di;;fe;fe;fe;;fe;fl;di;;fe;fe;;;;;;;;;;;;;;;;;;;;;;;;;fe;fe;fe;;;fe;fe;fe;fe;fe;fe;fe;fe;fe;fe;;fe;fe;fe;fe;fe;fe;;;;;;;;;;;;;;;;;;;;;;;;;fe;fe;fe;;fe;fe;fe;fe;fe;;fe;fe;fe;;fe;di;fe;;fe;;fe;fe;;;;;;;;;;;;;;;;fe;;fe;;fe;fe;;fe;;;;;;;;;;;fe;fe;fe;;;fe;fe;fe;;fe;fr;fe;;;fe;;;;;;;;;;;;;;;;;;;;;;;;;;
Gentiana_nivalis;;;;;;;;;;;;;;;;bt;fl;;;;;;;;;;;;;;;;;fl;fr;;;;;;;;fl;;;;;;fe;;;;;;;;;;;;;;;;;;;;;;;;;;;;;;;;;;;;;;;;;;;;;;;;;;;;;;;;;;;;;;;;fr;;;;;;;;bt;;;se;;;;;;;;;;;;;;;;;;;;;;;;;;;;;;;;;;;;;;;;;;;;;;;;bt;fl;;;se;;;;;;;;;;;;;;fl;fr;;;;;;;bt;fl;;;se;;;;bt;;;;;;;;;;;;;;;;;;;bt;;;;;;;bt;;;;;;;;;;;;;;;;;;;bt;;;;;;;;;;;;;;;;;;;;;;;;;bt;fl;;;;;;;;;;;;;;;;;;;;;;;;;bt;fr;;;;;;;;;;;;;;;;;;;;;;;;;;;;;;;;;;;;;;;;;;;;;;;;;;fl;;;;;;;;;;;;;;;;;;;;;;;;bt;bt;;;;;;;;;;;;;;;;;;;;;;;;bt;fl;;;;;;;bt;;;;;;;;;;bt;;;;;;;bt;bt;;;;;;;bt;;;;;;;;;;;;;;;;;bt;fl;;;;;;;;;;;;;;;;;;;;;;;;;;;;;;;;;;;;;;;;;;;;;;;;;;;;;;;;;;;;;;;;;;;;;;;;;;bt;bt;;;;;;;;;;;;;;;;;;;;;;;fe;fe;fl;;;;;;;;;;;;;fl;;;;fl;;;;;;;bt;fl;;;;;;;bt;;;;fl;;;fl;fr;;;;;;;bt;fl;;;;;;;bt;;;;;;;;;;;;;;;;;;;;;;;;;;;;;;;;;;;;;;;;;;;;;;;;;;;;;;;;;;;;;;;;;;;;;;;;;;;;;;;;;;;;;;;;;;;;;;;;;;;;;;;;;;;;;;;;;;;;;;;;;;;;;;;;;;;;;;;;;;;;;;;;;;;;;;;;;;bt;;;;;;;;;;;;;;;;;;;;;;;;;;;;;;;;;;;;;;;;;;;;;;;;;;;;;;;;;;;;;;;;;;;;;;;;;;;;;;;;;;;;;;;;;;;;;;;;;;;;;;;;;;;;;;;;;;;;;;;fl;;;;;;;;
Gentiana_schleicheri;;;;;;;;;;;;;;;;;;;;;;;;;;;;;;;;;;;;;;;;;;;;;;;;;;;;;;;;;;;;;;;;;;;;;;;;;;;;;;;;;;;;;;;;;;;;;;;;;;;;;;;;;;;;;;;;;;;;;;;;;;;;;;;;;;;;;;;;;;;;;;;;;;;;;;;;;;;;;;;;;;;;;;;;;;;;;;;;;;;;;;;;;;;;;;;;;;;;;;;;;;;;;;;;;;;;;;;;;;;;;;;;;;;;;;;;;;;;;;;;;;;;;;;;;;;;;;;;;;;;;;;;;;;;;;;;;;;;;;;;;;;;;;;;;;;;;;;;;;;;;;;;;;;;;;;;;;;;;;;;;;;;;;;;;;;;;;;;;;;;;;;;;;;;;;;;;;;;;;;;;;;;;;;;;;;;;;;;;;;;;;;;;;;;;;;;;;;;;;;;;;;;;;;;;;;;;;;;;;;;;;;;;;;;;;;;;;;;;;;;;;;;;;;;;;;;;;;;;;;;;;;;;;;;;;;;;;;;;;;;;;;;;;;;;;;;;;;;;;;;;;;;;;;;;;;;;;;;;;;;;;;;;;;;;;;;;;;;;;;;;;;;;;;;;;;;;;;;;;;;;;;;;;;;;;;;;;;;;;;;;;;;;;;;;;;;;;;;;;;;;;;;;;;;;;;;;;;;;;;;;;;;;;;;;;;;;;;;;;;;;;;;;;;;;;;;;;;;;;;;;;;;;;;;;;;;;;;;;;;;;;;;;;;;;;;;;;;;;;;;;;;;;;;;;;;;;;;;;;;;;;;;;;;;;;;;;;;;;;;;;;;;;;;;;;;;;;;;;;;;;;;;;;;;;;;;;;;;;;;;;;;;;;;;;;;;;;;;;;;;;;;;;;;;;;;;;;;;;;;;;;;;;;;;;;;;;;;;;;;;;;;;;;;;;;;;;;;;;;;;;;;;;;;;;;;;;;;;;;;;;;;;;;;;;
Geum_montanum;;;;;;;;;;;;;;;;;;;;;;;;;;;;;;;;;;;;;;;;;;;;;;;;;;;;;;;;;;;;;;;;;;;;;;;;;;;;;;;;;;;;;;;;;;;;;;;;;;;;;;;;;;;;;;;;;;;;;;;;;;;;;;;;;;;;;;;;;;;;;;;;;;;;;;;;;;;;;;;;;;;;;;;;;;;;;;;;;;;;;;;;;;;;;;;;;;;;;;;;;;;;;;;;;;;;;;;;;;;;;;;;;;;;;;;;;;;;;;;;;;;;;;;;;;;;;;;;;;;;;;;;;;;;;;;;;;;;;;;;;;;;;;;;;;;;;;;;;;;;;;;;;;;;;;;;;;;;;;;;;;;;;;;;;;;;;;;;;;;;;;;;;;;;;;;;;;;;;;;;;;;;;;;;;;;;;;;;;;;;;;;;;;;;;;;;;;;;;;;;;;;;;;;;;;;;;;;;;;;;;;;;;;;;;;;;;;;;;;;;;;;;;;;;;;;;;;;;;;;;;;;;;;;;;;;;;;;;;;;;;;;;;;;;;;;;;;;;;;;;;;;;;;;;;;;;;;;;;;;;;;;;;;;;;;;;;;;;;;;;;;;;;;;;;;;;;;;;;;;;;;;;;;;;;;;;;;;;;;;;;;;;;;;;;;;;;;;;;;;;;;;;;;;;;;;;;;;;;;;;;;;;;;;;;;;;;;;;;;;;;;;;;;;;;;;;;;;;;;;;;;;;;;;;;;;;;;;;;;;;;;;;;;;;;;;;;;;;;;;;;;;;;;;;;;;;;;;;;;;;;;;;;;;;;;;;;;;;;;;;;;;;;;;;;;;;;;;;;;;;;;;;;;;;;;;;;;;;;;;;;;;;;;;;;;;;;;;;;;;;;;;;;;;;;;;;;;;;;;;;;;;;;;;;;;;;;;;;;;;;;;;;;;;;;;;;;;;;;;;;;;;;;;;;;;;;;;;;;;;;;;;;;;;;;
Gnaphalium_supinum;fe;fe;fe;bt;fe;fe;fl;fr;fr;fe;fl;fr;di;;fe;fe;fe;;fe;fe;fe;;fe;fr;;fe;fe;fe;fe;fe;fr;fe;fl;fr;di;fe;fl;fr;di;;fe;fl;di;;fe;br;fr;;fe;fe;;fe;fe;fl;fe;fe;fe;fe;fe;fe;fe;;fl;fr;di;;fe;fe;fe;;fe;fe;fe;;;;;;;;;fe;;;;;;;fe;;;;;;;;;;;;fe;fe;;fe;fe;fe;fe;fe;fe;fe;fl;fr;di;fe;fl;fr;di;;fe;fe;fe;;fe;bt;fr;;fe;fe;;;;;;;;;;;;;;;;;fe;;;;;;;;fe;fe;;;fe;fe;fe;fe;fe;fe;fe;fe;fe;fe;fe;fe;di;;fe;fe;fe;;fe;fe;fe;;fe;fe;;;fe;fe;fe;fe;fe;fe;fe;fe;fe;;fe;fe;fe;;fe;fe;fe;;fe;fe;fe;;fe;fe;;;fe;fe;fe;fe;fe;fe;fe;fe;fe;fe;fl;fr;fe;;fe;fe;fe;;fe;fe;fe;;fe;fe;;;;;;fe;;;;;;;;;;;;fe;;;;;;;;fe;;;;;fe;fe;;;;;;;;;;;;;;;;;;;;;;;fe;fe;fe;fe;fe;;fe;fe;fe;;;;;;;;;;;;;;;;;;;fe;;fr;fe;fe;fr;di;fe;fr;fe;fe;;fe;fl;fr;;fe;fe;fe;;fe;fr;;fe;fe;fe;;fr;fe;fl;fr;di;fe;fl;fr;di;;fe;fe;fe;;fe;bt;fr;;fe;fr;;fe;fe;;;fr;fe;fe;fe;fe;fe;fe;fe;fe;;fe;fe;fe;;fe;bt;fe;;fe;fr;;fe;fe;;;fe;fe;fe;fe;fe;fe;fe;fe;fe;;fe;fe;fe;;fe;fe;fe;;fe;fe;;fe;fe;fe;;fe;fe;fe;fe;fe;fe;fe;fe;fe;;fe;fr;di;;fe;fe;fe;;fe;fr;;fe;fr;;;fe;fe;fl;di;fe;fe;fe;fe;fe;;fe;fe;fe;;fe;fe;fe;;fe;fe;;fe;fe;fe;;fr;fe;fr;fr;fe;fe;fl;fr;fr;;fe;fe;fe;;fe;fe;fr;;fe;fe;;fe;fe;fe;;fe;fe;fe;fe;fe;fe;fl;fr;di;;fe;fe;fr;;fe;fe;fe;;fe;fr;;fe;;fe;;fe;fe;fe;fr;fe;fe;fe;fr;fe;;fe;fe;fr;;fe;fe;fe;;fe;fr;;fe;fe;;;;;fl;;fe;;;;;;;;fr;;;;;;;;;fe;fe;fe;;fr;fe;;;;;;;fe;;fe;fe;fe;;fe;bt;fe;;fe;fe;;fe;;fe;;fe;fe;fe;fe;fe;fe;fe;;fe;fe;fe;;fe;fe;fe;;fe;fe;;fe;fe;fe;fe;fe;fe;fe;fe;fr;di;di;;fe;fe;di;;fe;fe;fe;;fe;fe;;fe;fe;fe;;fe;fr;fe;fe;fr;di;di;;fe;fe;di;;fe;fl;fr;;bt;fr;;fe;fe;fe;;fr;fe;di;fe;fr;fr;di;;fe;fe;fe;;fe;fr;fl;;fe;fr;;fe;fe;;;fe;fe;fr;fe;fl;di;di;;fe;fe;fe;;fe;fe;fe;;fe;fe;;fe;fe;fe;;fr;fe;fe;fr;fe;fe;di;;fe;fe;fe;;;fe;fe;;fe;fe;;fe;fe;fe;;fr;fe;fe;fe;fe;fe;fe;fr;fe;fr;fr;;fe;bt;fe;;fe;fe;;;;fe;;fe;;;;;;fe;fe;fe;;fe;;fe;fe;fe;;bt;fr;;fe;fe;fe;;fe;fe;fr;fe;di;fe;fe;fe;fe;;fe;fe;fe;fe;fe;;fe;fe;;fe;fe;fe;;fr;fe;fe;fr;fe;fe;fr;di;di;;fe;fr;di;;fe;;fe;fe;;fe;fe;fe;;fr;fe;fe;di;di;fe;fr;fr;di;;fe;fe;fe;;fe;fl;fe;fr;;;fe;;;fe;fe;fe;fe;fe;fe;fl;fr;di;;fe;fe;fe;;fe;fe;fe;;fe;fr;;fe;fe;;;fr;fe;fl;fe;di;fe;fl;fr;di;;fe;fe;fe;;fe;fe;fe;;fe;fe;
Helictotrichon_sedenense;;;;;;;;;;;;;;;;;;;;;;;;;;;;;;;;;;;;;;;;;;;;;;;;;;;;;;;;;;;;;;;;;;;;;;;;;;;;;;;;;;;;;;;;;;;;;;;;;;;;;;;;;;;;;;;;;;;;;;;;;;;;;;;;;;;;;;;;;;;;;;;;;;;;;;;;;;;;;;;;;;;;;;;;;;;;;;;;;;;;;;;;;;;;;;;;;;;;;;;;;;;;;;;;;;;;;;;;;;;;;;;;;;;;;;;;;;;;;;;;;;;;;;;;;;;;;;;;;;;;;;;;;;;;;;;;;;;;;;;;;;;;;;;;;;;;;;;;;;;;;;;;;;;;;;;;;;;;;;;;;;;;;;;;;;;;;;;;;;;;;;;;;;;;;;;;;;;;;;;;;;;;;;;;;;;;;;;;;;;;;;;;;;;;;;;;;;;;;;;;;;;;;;;;;;;;;;;;;;;;;;;;;;;;;;;;;;;;;;;;;;;;;;;;;;;;;;;;;;;;;;;;;;;;;;;;;;;;;;;;;;;;;;;;;;;;;;;;;;;;;;;;;;;;;;;;;;;;;;;;;;;;;;;;;;;;;;;;;;;;;;;;;;;;;;;;;;;;;;;;;;;;;;;;;;;;;;;;;;;;;;;;;;;;;;;;;;;;;;;;;;;;;;;;;;;;;;;;;;;;;;;;;;;;;;;;;;;;;;;;;;;;;;;;;;;;;;;;;;;;;;;;;;;;;;;;;;;;;;;;;;;;;;;;;;;;;;;;;;;;;;;;;;;;;;;;;;;;;;;;;;;;;;;;;;;;;;;;;;;;;;;;;;;;;;;;;;;;;;;;;;;;;;;;;;;;;;;;;;;;;;;;;;;;;;;;;;;;;;;;;;;;;;;;;;;;;;;;;;;;;;;;;;;;;;;;;;;;;;;;;;;;;;;;;;;;;;;;;;;;;;;;;;;;;;;;;;;;;;;;;;;;;;;;;
Homogyne_alpina;;;;;;;;;;;;;;;;;;;;;;;;;;;;;;;;;;;;;;;;;;;;;;;;;;;;;;;;;;;;;;;;;;;;;;;;;;;;;;;;;;;;;;;;;;;;;;;;;;;;;;;;;;;;;;;;;;;;;;;;;;;;;;;;;;;;;;;;;;;;;;;;;;;;;;;;;;;;;;;;;;;;;;;;;;;;;;;;;;;;;;;;;;;;;;;;;;;;;;;;;;;;;;;;;;;;;;;;;;;;;;;;;;;;;;;;;;;;;;;;;;;;;;;;;;;;;;;;;;;;;;;;;;;;;;;;;;;;;;;;;;;;;;;;;;;;;;;;;;;;;;;;;;;;;;;;;;;;;;;;;;;;;;;;;;;;;;;;;;;;;;;;;;;;;;;;;;;;;;;;;;;;;;;;;;;;;;;;;;;;;;;;;;;;;;;;;;;;;;;;;;;;;;;;;;;;;;;;;;;;;;;;;;;;;;;;;;;;;;;;;;;;;;;;;;;;;;;;;;;;;;;;;;;;;;;;;;;;;;;;;;;;;;;;;;;;;;;;;;;;;;;;;;;;;;;;;;;;;;;;;;;;;;;;;;;;;;;;;;;;;;;;;;;;;;;;;;;;;;;;;;;;;;;;;;;;;;;;;;;;;;;;;;;;;;;;;;;;;;;;;;;;;;;;;;;;;;;;;;;;;;;;;;;;;;;;;;;;;;;;;;;;;;;;;;;;;;;;;;;;;;;;;;;;;;;;;;;;;;;;;;;;;;;;;;;;;;;;;;;;;;;;;;;;;;;;;;;;;;;;;;;;;;;;;;;;;;;;;;;;;;;;;;;;;;;;;;;;;;;;;;;;;;;;;;;;;;;;;;;;;;;;;;;;;;;;;;;;;;;;;;;;;;;;;;;;;;;;;;;;;;;;;;;;;;;;;;;;;;;;;;;;;;;;;;;;;;;;;;;;;;;;;;;;;;;;;;;;;;;;;;;;;;;;;
Jasione_crispa;;;;;;;;;;;;;;;;;;;;;;;;;;;;;;;;;;;;;;;;;;;;;;;;;;;;;;;;;;;;;;;;;;;;;;;;;;;;;;;;;;;;;;;;;;;;;;;;;;;;;;;;;;;;;;;;;;;;;;;;;;;;;;;;;;;;;;;;;;;;;;;;;;;;;;;;;;;;;;;;;;;;;;;;;;;;;;;;;;;;;;;;;;;;;;;;;;;;;;;;;;;;;;;;;;;;;;;;;;;;;;;;;;;;;;;;;;;;;;;;;;;;;;;;;;;;;;;;;;;;;;;;;;;;;;;;;;;;;;;;;;;;;;;;;;;;;;;;;;;;;;;;;;;;;;;;;;;;;;;;;;;;;;;;;;;;;;;;;;;;;;;;;;;;;;;;;;;;;;;;;;;;;;;;;;;;;;;;;;;;;;;;;;;;;;;;;;;;;;;;;;;;;;;;;;;;;;;;;;;;;;;;;;;;;;;;;;;;;;;;;;;;;;;;;;;;;;;;;;;;;;;;;;;;;;;;;;;;;;;;;;;;;;;;;;;;;;;;;;;;;;;;;;;;;;;;;;;;;;;;;;;;;;;;;;;;;;;;;;;;;;;;;;;;;;;;;;;;;;;;;;;;;;;;;;;;;;;;;;;;;;;;;;;;;;;;;;;;;;;;;fl;;;bt;bt;;fe;fr;;;;;;;;;;;;;;;;;;;;;;;;;;;;;;;;;;;;;;;;;;;;;;;;;;;;;;;;;;;;;;;;;;;;;;;;;;;;;;;;;;;;;;;;;;;;;;;;;;;;;;;;;;;;;;;;;;;;;;;;;;;;;;;;;;;;;;;;;;;;;;;;;;;;;;;;;;;;;;;;;;;;;;;;;;;;;;;;;;;;;;;;;;;;;;;;;;;;;;;;;;;;;;;;;;;;;;;;;;;;;;;;;;;;;;;;;;;;;;;;;;;;;;;;;;;;;;;;;;;;;;;;;;;;;;;;;;;;;;;;;
Juncus_trifidus;;;;;;;;;;;;;;;;;;;;;;;;;;;;;;;;;;;;;;;;;;;;;;;;;;;;;;;;;;;;;;;;;;;;;;;;;;;;;;;;;;;;;;;;;;;;;;;;;;;;;;;;;;;;;;;;;;;;;;;;;;;;;;;;;;;;;;;;;;;;;;;;;;;;;;;;;;;;;;;;;;;;;;;;;;;;;;;;;;;;;;;;;;;;;;;;;;;;;;;;;;;;;;;;;;;;;;;;;;;;;;;;;;;;;;;;;;;;;;;;;;;;;;;;;;;;;;;;;;;;;;;;;;;;;;;;;;;;;;;;;;;;;;;;;;;;;;;;;;;;;;;;;;;;;;;;;;;;;;;;;;;;;;;;;;;;;;;;;;;;;;;;;;;;;;;;;;;;;;;;;;;;;;;;;;;;;;;;;;;;;;;;;;;;;;;;;;;;;;;;;;;;;;;;;;;;;;;;;;;;;;;;;;;;;;;;;;;;;;;;;;;;;;;;;;;;;;;;;;;;;;;;;;;;;;;;;;;;;;;;;;;;;;;;;;;;;;;;;;;;;;;;;;;;;;;;;;;;;;;;;;;;;;;;;;;;;;;;;;;;;;;;;;;;;;;;;;;;;;;;;;;;;;;;;;;;;;;;;;;;;;;;;;;;;;;;;;;;;;;;;;;;;;;;;;fe;fl;;;;;;fe;;;;;;;;;;;;;;;;;;;;;;;;;;;;;;;;;;;;;;;;;;;;;;;;;;;;;;;;;;;;;;;;;;;;;;;;;;;;;;;;;;;;;;;;;;;;;;;;;;;;;;;;;;;;;;;;;;;;;;;;;;;;;;;;;;;;;;;;;;;;;;;;;;;;;;;;;;;;;;;;;;;;;;;;;;;;;;;;;;;;;;;;;;;;;;;;;;;;;;;;;;;;;;;;;;;;;;;;;;;;;;;;;;;;;;;;;;;;;;;;;;;;;;;;;;;;;;;;;;;;;;;;;;;;;;;;
Leucanthemopsis_alpina_subsp._alpina;;;;;;;;;;;;;;;;;;;;;;;;;;;;;;;;;;;;;;;;;;;;;;;;;;;;;;;;;;;;;;;;;;;;;;;;;;;;;;;;;;;;;;;;;;;;;;;;;;;;;;;;;;;;;;;;;;;;;;;;;;;;;;;;;;;;;;;;;;;;;;;;;;;;;;;;;;;;;;;;;;;;;;;;;;;;;;;;;;;;;;;;;;;;;;;;;;;;;;;;;;;;;;;;;;;;;;;;;;;;;;;;;;;;;;;;;;;;;;;;;;;;;;;;;;;;;;;;;;;;;;;;;;;;;;;;;;;;;;;;;;;;;;;;;;;;;;;;;;;;;;;;;;;;;;;;;;;;;;;;;;;;;;;;;;;;;;;;;;;;;;;;;;;;;;;;;;;;;;;;;;;;;;;;;;;;;;;;;;;;;;;;;;;;;;;;;;;;;;;;;;;;;;;;;;;;;;;;;;;;;;;;;;;;;;;;;;;;;;;;;;;;;;;;;;;;;;;;;;;;;;;;;;;;;;;;;;;;;;;;;;;;;;;;;;;;;;;;;;;;;;;;;;;;;;;;;;;;;;;;;;;;;;;;;;;;;;;;;;;;;;;;;;;;;;;;;;;;;;;;;;;;;;;;;;;;;;;;;;;;;;;;;;;;;;;;;;;;;;;;;;;;;;;;;;;;;;;;;;;;;;;;;;;;;;;;;;;;;;;;;;;;;;;;;;;;;;;;;;;;;;;;;;;;;;;;;;;;;;;;;;;;;;;;;;;;;;;;;;;;;;;;;;;;;;;;;;;;;;;;;;;;;;;;;;;;;;;;;;;;;;;;;;;;;;;;;;;;;;;;;;;;;;;;;;;;;;;;;;;;;;;;;;;;;;;;;;;;;;;;;;;;;;;;;;;;;;;;;;;;;;;;;;;;;;;;;;;;;;;;;;;;;;;;;;;;;;;;;;;;;;;;;;;;;;;;;;;;;;;;;;;;;;;;;
Linaria_alpina;;;;;;;;;;;;;;;;;;;;;;;;;;;;;;;;;;;;;;;;;;;;;;;;;;;;;;;;;;;;;;;;;;;;;;;;;;;;;;;;;;;;;;;;;;;;;;;;;;;;;;;;;;;;;;;;;;;;;;;;;;;;;;;;;;;;;;;;;;;;;;;;;;;;;;;;;;;;;;;;;;;;;;;;;;;;;;;;;;;;;;;;;;;;;;;;;;;;;;;;;;;;;;;;;;;;;;;;;;;;;;;;;;;;;;;;;;;;;;;;;;;;;;;;;;;;;;;;;;;;;;;;;;;;;;;;;;;;;;;;;;;;;;;;;;;;;;;;;;;;;;;;;;;;;;;;;;;;;;;;;;;;;;;;;;;;;;;;;;;;;;;;;;;;;;;;;;;;;;;;;;;;;;;;;;;;;;;;;;;;;;;;;;;;;;;;;;;;;;;;;;;;;;;;;;;;;;;;;;;;;;;;;;;;;;;;;;;;;;;;;;;;;;;;;;;;;;;;;;;;;;;;;;;;;;;;;;;;;;;;;;;;;;;;;;;;;;;;;;;;;;;;;;;;;;;;;;;;;;;;;;;;;;;;;;;;;;;;;;;;;;;;;;;;;;;;;;;;;;;;;;;;;;;;;;;;;;;;;;;;;;;;;;;;;;;;;;;;;;;;;;;;;;;;;;;;;;;;;;;;;;;;;;;;;;;;;;;;;;;;;;;;;;;;;;;;;;;;;;;;;;;;;;;;;;;;;;;;;;;;;;;;;;;;;;;;;;;;;;;;;;;;;;;;;;;;;;;;;;;;;;;;;;;;;;;;;;;;;;;;;;;;;;;;;;;;;;;;;;;;;;;;;;;;;;;;;;;;;;;;;;;;;;;;;;;;;;;;;;;;;;;;;;;;;;;;;;;;;;;;;;;;;;;;;;;;;;;;;;;;;;;;;;;;;;;;;;;;;;;;;;;;;;;;;;;;;;;;;;;;;;;;;;;;;
Lotus_alpinus;;;;;;;;;;;;;;;;;;;;;;;;;;;;;;;;;;;;;;;;;;;;;;;;;;;;;;;;;;;;;;;;;;;;;;;;;;;;;;;;;;;;;;;;;;;;;;;;;;;;;;;;;;;;;;;;;;;;;;;;;;;;;;;;;;;fe;fe;fe;bt;fe;fe;fe;fe;fe;;fl;fe;fe;;fe;fe;fe;;fe;bt;fe;;fe;fe;;;;;;;;;;;;;;;;;;;;;;;;;;;;;;;;;;;;;;;;;;;;;;;;;;;;;;;;;;;;;;;;;;;;;;;;;;;;;;;;;;;;;;;;;;;;;;;;;;;;;;;;;;;;;;;;;;;;;;;;;;;;;;;;;;;;;;;;;;;;;;;;;fe;;;;fe;;;fe;fe;;fe;fe;;;;;;;;fl;fe;fe;fe;fl;fr;fr;;fe;fl;fr;;;fl;fr;;fe;fe;;;;;;;;;;;;;;;;;;;;;;;;;;;;;;;;;;;;;;;;;;fe;;;;fe;fe;;fe;fe;;;;;;;;;;;;;;;;;;;;;;;;;fe;;;;;;;;;;;;;;;;;;;;;;;;;;;;;;;;;;;;;;;;;;;;;;;;;;;;;;;;;;;;;;;;;;;;;;;;;;fe;fl;;;;;;;;;;;;;;;;;fe;fl;;;bt;fl;;fe;fl;;;;;;;;;;;;;;;;;;;;;;;;;;;;;;;;;;;;;;;;;;;;;;;;;;;;;;;;;;;;;;;;;;;;;;;;;;;;;;;;;;;;;;;;;;;;;;;;;;;;fe;fe;fe;fe;fr;di;fe;;fl;fr;fr;fe;bt;fe;fr;;fe;fr;fr;;bt;fr;;fe;fl;fe;;fr;fr;fe;fe;fr;fr;fr;;bt;fr;fe;;fe;fl;fe;;bt;fe;;;;;;;;;;;;;;;fe;fe;;fe;fe;fe;;fe;fe;;;;;;;;;;;;;;;;;;;;;;;;;;;;;;;;;;;;;;;;;;;;;;;;fe;fe;;;fe;fe;fe;fe;fe;;fe;fl;fe;fe;fe;;fe;fe;bt;;fe;fl;;fe;fr;fe;;fr;fe;fr;fr;fe;fe;fr;fr;fr;fe;fr;;fe;fl;fr;fe;bt;fr;;fe;fl;fe;;fe;fe;fe;fe;fe;fe;fr;fr;fe;;bt;fr;fe;fl;fe;;bt;fe;;fe;fe;fe;;fl;fe;fr;fr;fr;fe;fl;fr;fr;;bt;fl;fr;;fe;;fe;fe;;fe;fe;;;fe;fe;fr;fe;fe;fe;fl;fr;fe;;fe;fl;fe;;;bt;fe;fe;;;;;;;;;;;;fr;fe;fe;;fe;;fe;;;;;;;;;;;;;;;;;;;;;;;;;;;;;;;;;
Luzula_alpinopilosa_subsp._candollei;;;;;;;;;;;;;;;;;;;;;;;;;;;;;;;;;;;;;;;;;;;;;;;;;;;;;;;;;;;;;;;;;;;;;;;;;;;;;;;;;;;;;;;;;;;;;;;;;;;;;;;;;;;;;;;;;;;;;;;;;;;;;;;;;;;;;;;;;;;;;;;;;;;;;;;;;;;;;;;;;;;;;;;;;;;;;;;;;;;;;;;;;;;;;;;;;;;;;;;;;;;;;;;;;;;;;;;;;;;;;;;;;;;;;;;;;;;;;;;;;;;;;;;;;;;;;;;;;;;;;;;;;;;;;;;;;;;;;;;;;;;;;;;;;;;;;;;;;;;;;;;;;;;;;;;;;;;;;;;;;;;;;;;;;;;;;;;;;;;;;;;;;;;;;;;;;;;;;;;;;;;;;;;;;;;;;;;;;;;;;;;;;;;;;;;;;;;;;;;;;;;;;;;;;;;;;;;;;;;;;;;;;;;;;;;;;;;;;;;;;;;;;;;;;;;;;;;;;;;;;;;;;;;;;;;;;;;;;;;;;;;;;;;;;;;;;;;;;;;;;;;;;;;;;;;;;;;;;;;;;;;;;;;;;;;;;;;;;;;;;;;;;;;;;;;;;;;;;;;;;;;;;;;;;;;;;;;;;;;;;;;;;;;;;;;;;;;;;;;;;;;;;;;;;;;;;;;;;;;;;;;;;;;;;;;;;;;;;;;;;;;;;;;;;;;;;;;;;;;;;;;;;;;;;;;;;;;;;;;;;;;;;;;;;;;;;;;;;;;;;;;;;;;;;;;;;;;;;;;;;;;;;;;;;;;;;;;;;;;;;;;;;;;;;;;;;;;;;;;;;;;;;;;;;;;;;;;;;;;;;;;;;;;;;;;;;;;;;;;;;;;;;;;;;;;;;;;;;;;;;;;;;;;;;;;;;;;;;;;;;;;;;;;;;;;;;;;;;;;;;;;;;;;;;;;;;;;;;;;;;;;;;;;;;
Luzula_lutea;;;;;;;;;;;;;;;;;;;;;;;;;;;;;;;;;;;;;;;;;;;;;;;;;;;;;;;;;;;;;;;;;;;;;;;;;;;;;;;;;;;;;;;;;;;;;;;;;;;;;;;;;;;;;;;;;;;;;;;;;;;;;;;;;;;;;;;;;;;;;;;;;;;;;fe;fe;fe;;fe;fe;;;;;;;;;;;;;;;;;;;;;;;;;;;;;;;;;;;;;;;;;;;;;;;;;;;;;;;;;;;;;;;;;;;;;;;;;;;;;;;;;;;;;;;;;;;;;;;;;;;;;;;;;;;;;;;;;;;;;;;;;;;;;;;;;;;;;;;;;;;;;;;;;;;;;;;;;;;;;;;;;;;;;;;;;;;;;;;;;;;;;;;;;;;;;;;;;;;;;;;;;;;;;;;;;;;;;;;;;;;;;;;;;;;;;;;;;;;;;;;;;;;;;;;;;;;;;;;;;;;;;;;;;;;;;;;;;;;;;;;;;;;;;;;;;;;;;;;;;;;;;;;;;;;;;;;;;;;;;;;;;;;;;;;;;;;;;;;;;;;;;;;;;;;;;;;;;;;;;;;;;;;;;;;;;;;;;;;;;;;;;;;;;;;;;;;;;;;;;;;;;;;;;;;;;;;;;;;;;;;;;;;;;;;;;;;;;;;;;;;;;;;;;;;;;;;;;;;;;;;;;;;;;;;;;;;;;;;;;;;;;;;;;;;;;;;;;;;;;;;;;;;;;;;;;;;;;;;;;;;;;;;;;;;;;;;;;;;;;;;;;;;;;;;;;;;;;;;;;;;;;;;;;;;;;;;;;;;;;;;;;;;;;;;;;;;;;;fe;fe;bt;;di;bt;fr;di;di;bt;fr;fr;di;fe;fe;;bt;fe;fe;;fl;fr;;;;;;;;;;;;fe;fe;fe;;fe;fe;fe;fe;fe;;fe;fe;;;;;;;;;;;;;;;;;;;;;;;;;;;;;;;;;;;;;;;;;;;;;;;;;;;;;;;;;;;;;;;;;;;;;;;;;;;;;;;;;;;;;;;;;;;;;;;;;
Luzula_nutans;;;;;;;;;;;;;;;;;;;;;;;;;;;;;;;;;;;;;;;;;;;;;;;;;;;;;;;;;;;;;;;;;;;;;;;;;;;;;;;;;;;;;;;;;;;;;;;;;;;;;;;;;;;;;;;;;;;;;;;;;;;;;;;;;;;;;;;;;;;;;;;;;;;;;;;;;;;;;;;;;;;;;;;;;;;;;;;;;;;;;;;;;;;;;;;;;;;;;;;;;;;;;;;;;;;;;;;;;;;;;;;;;;;;;;;;;;;;;;;;;;;;;;;;;;;;;;;;;;;;;;;;;;;;;;;;;;;;;;;;;;;;;;;;;;;;;;;;;;;;;;;;;;;;;;;;;;;;;;;;;;;;;;;;;;;;;;;;;;;;;;;;;;;;;;;;;;;;;;;;;;;;;;;;;;;;;;;;;;;;;;;;;;;;;;;;;;;;;;;;;;;;;;;;;;;;;;;;;;;;;;;;;;;;;;;;;;;;;;;;;;;;;;;;;;;;;;;;;;;;;;;;;;;;;;;;;;;;;;;;;;;;;;;;;;;;;;;;;;;;;;;;;;;;;;;;;;;;;;;;;;;;;;;;;;;;;;;;;;;;;;;;;;;;;;;;;;;;;;;;;;;;;;;;;;;;;;;;;;;;;;;;;;;;;;;;;;;;;;;;;;;;;;;;;;;;;;;;;;;;;;;;;;;;;;;;;;;;;;;;;;;;;;;;;;;;;;;;;;;;;;;;;;;;;;;;;;;;;;;;;;;;;;;;;;;;;;;;;;;;;;;;;;;;;;;;;;;;;;;;;;;;;;;;;;;;;;;;;;;;;;;;;;;;;;;;;;;;;;;;;;;;;;;;;;;;;;;;;;;;;;;;;;;;;;;;;;;;;;;;;;;;;;;;;;;;;;;;;;;;;;;;;;;;;;;;;;;;;;;;;;;;;;;;;;;;;;;;;;;;;;;;;;;;;;;;;;;;;;;;;;;;;;;;;
Luzula_spicata_subsp._mutabilis;;;;;;;;;;;;;;;;;;;;;;;;;;;;;;;;;;;;;;;;;;;;;;;;;;;;;;;;;;;;;;;;;;;;;;;;;;;;;;;;;;;;;;;;;;;;;;;;;;;;;;;;;;;;;;;;;;;;;;;;;;;;;;;;;;;;;;;;;;;;;;;;;;;;;;;;;;;;;;;;;;;;;;;;;;;;;;;;;;;;;;;;;;;;;;;;;;;;;;;;;;;;;;;;;;;;;;;;;;;;;;;;;;;;;;;;;;;;;;;;;;;;;;;;;;;;;;;;;;;;;;;;;;;;;;;;;;;;;;;;;;;;;;;;;;;;;;;;;;;;;;;;;;;;;;;;;;;;;;;;;;;;;;;;;;;;;;;;;;;;;;;;;;;;;;;;;;;;;;;;;;;;;;;;;;;;;;;;;;;;;;;;;;;;;;;;;;;;;;;;;;;;;;;;;;;;;;;;;;;;;;;;;;;;;;;;;;;;;;;;;;;;;;;;;;;;;;;;;;;;;;;;;;;;;;;;;;;;;;;;;;;;;;;;;;;;;;;;;;;;;;;;;;;;;;;;;;;;;;;;;;;;;;;;;;;;;;;;;;;;;;;;;;;;;;;;;;;;;;;;;;;;;;;;;;;;;;;;;;;;;;;;;;;;;;;;;;;;;;;;;;;;;;;;;;;;;;fe;;;bt;fr;fr;di;;fe;fr;fr;;fe;fr;fr;;fl;fr;;;;;;;;;;;;;;;;;;;;;;;;;;;;;;;;;;;;;;;;;;;;;;;;;;;;;;;;;;;;;;;;;;;;;;;;;;;;;;;;;;;;;;;;;;;;;;;;;;;;;;;;;;;;;;;;;;;;;fl;se;;;;;;;;;;;;;;;;;;;;;;;;;;;;;;;;;;;;;;;;;;;;;;;;;;;;;;;;;;;;;;;;;;;;;;;;;;;;;;;;;;;;;;;;;;;;;;;;;;;;;;;;;;;;;;;;;;;;;;;;;;;;;;;;;;;;;;;;;;;;
Meum_athamanticum;;;;;;;;;;;;;;;;;;;;;;;;;;;;;;;;;;;;;;;;;;;;;;;;;;;;;;;;;;;;;;;;;;;;;;;;;;;;;;;;;;;;;;;;;;;;;;;;;;;;;;;;;;;;;;;;;;;;;;;;;;;;;;;;;;;;;;;;;;;;;;;;;;;;;;;;;;;;;;;;;;;;;;;;;;;;;;;;;;;;;;;;;;;;;;;;;;;;;;;;;;;;;;;;;;;;;;;;;;;;;;;;;;;;;;;;;;;;;;;;;;;;;;;;;;;;;;;;;;;;;;;;;;;;;;;;;;;;;;;;;;;;;;;;;;;;;;;;;;;;;;;;;;;;;;;;;;;;;;;;;;;;;;;;;;;;;;;;;;;;;;;;;;;;;;;;;;;;;;;;;;;;;;;;;;;;;;;;;;;;;;;;;;;;;;;;;;;;;;;;;;;;;;;;;;;;;;;;;;;;;;;;;;;;;;;;;;;;;;;;;;;;;;;;;;;;;;;;;;;;;;;;;;;;;;;;;;;;;;;;;;;;;;;;;;;;;;;;;;;;;;;;;;;;;;;;;;;;;;;;;;;;;;;;;;;;;;;;;;;;;;;;;;;;;;;;;;;;;;;;;;;;;;;;;;;;;;;;;;;;;;;;;;;;;;;;;;;;;;;;;;;;;;;;;;;;;;;;;;;;;;;;;;;;;;;;;;;;;;;;;;;;;;;;;;;;;;;;;;;;;;;;;;;;;;;;;;;;;;;;;;;;;;;;;;;;;;;;;;;;;;;;;;;;;;;;;;;;;;;;;;;;;;;;;;;;;;;;;;;;;;;;;;;;;;;;;;;;;;;;;;;;;;;;;;;;;;;;;;;;;;;;;;;;;;;;;;;;;;;;;;;;;;;;;;;;;;;;;;;;;;;;;;;;;;;;;;;;;;;;;;;;;;;;;;;;;;;;;;;;;;;;;;;;;;;;;;;;;;;;;;;;;;;;;
Mucizonia_sedoides;;;;;;;;;;;;;;;;;;;;;;;;;;;;;;;;;;;;;;;;;;;;;;;;;;;;;;;;;;;;;;;;;;;;;;;;;;;;;;;;;;;;;;;;;;;;;;;;;;;;;;;;;;;;;;;;;;;;;;;;;;;;;;;;;;;;;;;;;;;;;;;;;;;;;;;;;;;;;;;;;;;;;;;;;;;;;;;;;;;;;;;;;;;;;;;;;;;;;;;;;;;;;;;;;;;;;;;;;;;;;;;;;;;;;;;;;;;;;;;;;;;;;;;;;;;;;;;;;;;;;;;;;;;;;;;;;;;;;;;;;;;;;;;;;;;;;;;;;;;;;;;;;;;;;;;;;;;;;;;;;;;;;;;;;;;;;;;;;;;;;;;;;;;;;;;;;;;;;;;;;;;;;;;;;;;;;;;;;;;;;;;;;;;;;;;;;;;;;;;;;;;;;;;;;;;;;;;;;;;;;;;;;;;;;;;;;;;;;;;;;;;;;;;;;;;;;;;;;;;;;;;;;;;;;;;;;;;;;;;;;;;;;;;;;;;;;;;;;;;;;;;;;;;;;;;;;;;;;;;;;;;;;;;;;;;;;;;;;;;;;;;;;;;;;;;;;;;;;;;;;;;;;;;;;;;;;;;;;;;;;;;;;;;;;;;;;;;;;;;;;;;;;;;;;;;;;;;;;;;;;;;;;;;;;;;;;;;;;;;;;;;;;;;;;;;;;;;;;;;;;;;;;;;;;;;;;;;;;;;;;;;;;;;;;;;;;;;;;;;;;;;;;;;;;;;;;;;;;;;;;;;;;;;;;;;;;;;;;;;;;;;;;;;;;;;;;;;;;;;;;;;;;;;;;;;;;;;;;;;;;;;;;;;;;;;;;;;;;;;;;;;;;;;;;;;;;;;;;;;;;;;;;;;;;;;;;;;;;;;;;;;;;;;;;;;;;;;;;;;;;;;;;;;;;;;;;;;;;;;;;;;;;;;;;
Murbeckiella_pinnatifida;;;;;;;;;;;;;;;;;;;;;;;;;;;;;;;;;;;;;;;;;;;;;;;;;;;;;;;;;;;;;;;;;;;;;;;;;;;;;;;;;;;;;;;;;;;;;;;;;;;;;;;;;;;;;;;;;;;;;;;;;;;;;;;;;;;;;;;;;;;;;;;;;;;;;;;;;;;;;;;;;;;;;;;;;;;;;;;;;;;;;;;;;;;;;;;;;;;;;;;;;;;;;;;;;;;;;;;;;;;;;;;;;;;;;;;;;;;;;;;;;;;;;;;;;;;;;;;;;;;;;;;;;;;;;;;;;;;;;;;;;;;;;;;;;;;;;;;;;;;;;;;;;;;;;;;;;;;;;;;;;;;;;;;;;;;;;;;;;;;;;;;;;;;;;;;;;;;;;;;;;;;;;;;;;;;;;;;;;;;;;;;;;;;;;;;;;;;;;;;;;;;;;;;;;;;;;;;;;;;;;;;;;;;;;;;;;;;;;;;;;;;;;;;;;;;;;;;;;;;;;;;;;;;;;;;;;;;;;;;;;;;;;;;;;;;;;;;;;;;;;;;;;;;;;;;;;;;;;;;;;;;;;;;;;;;;;;;;;;;;;;;;;;;;;;;;;;;;;;;;;;;;;;;;;;;;;;;;;;;;;;;;;;;;;;;;;;;;;;;;;;;;;;;;;;;;;;;;;;;;;;;;;;;;;;;;;;;;;;;;;;;;;;;;;;;;;;;;;;;;;;;;;;;;;;;;;;;;;;;;;;;;;;;;;;;;;;;;;;;;;;;;;;;;;;;;;;;;;;;;;;;;;;;;;;;;;;;;;;;;;;;;;;;;;;;;;;;;;;;;;;;;;;;;;;;;;;;;;;;;;;;;;;;;;;;;;;;;;;;;;;;;;;;;;;;;;;;;;;;;;;;;;;;;;;;;;;;;;;;;;;;;;;;;;;;;;;;;;;;;;;;;;;;;;;;;;;;;;;;;;;;;;;;;;
Nardus_stricta;fe;fe;;;;;;;;;fe;;;;fe;fe;fe;;fe;fe;fe;;fe;fe;;;;;;fe;;;fe;fe;fr;fe;fe;fe;fe;;fe;fe;fl;;fe;fe;fe;;fe;fe;;;;;;;;;;;;;fe;fe;;;;fl;fe;;;;fe;;fe;fe;;;;;;fe;;;fe;fe;fe;;fl;fe;fe;;;fe;fl;;fe;fe;fe;;fe;fe;;;;;;fe;;;fe;fe;fe;;fe;;;;;fe;fe;;fe;fe;fe;;fe;fe;;;;;;;;;;;;;;;;;;;;;;;;;;;;;;;;;;;;fe;fr;;;;;;;fe;fe;;;fe;fe;;fe;fe;;;;;;fe;;;fe;fe;fe;;fe;fe;fe;;fe;fe;fe;;;fe;fe;;fe;fe;;fe;fe;fl;fe;fe;bt;fe;fe;fr;fr;;fl;fl;fr;;fe;fl;fl;;fe;bt;fl;;fe;di;;fe;fe;fe;;fe;bt;fe;fr;fr;fr;fe;fl;fr;fe;;fe;fl;fl;;fe;fe;fl;;fe;fl;;;;;;fe;;;fe;fr;fr;;fl;fl;fr;;fe;fl;fl;;fe;fe;fe;;fe;fl;;;;;;;;;;fe;fe;;fe;fe;fe;;fe;fe;fe;;fe;fe;fe;;fe;fe;;;;;;;;fl;;fe;fe;fl;fr;fr;;fe;fl;fl;;fe;fe;fe;;fe;fe;;;;;;;;;fe;fe;;fr;fe;fe;;fe;fe;fe;;fe;fe;fe;;fe;fe;;;;;;;;;;fe;;fe;fe;di;;fe;fe;fe;;fe;fe;fe;;fe;fe;;;;;;;;;fe;fe;;fl;fr;fe;;fe;fl;fl;;fe;fe;fe;;fe;fe;;;;;;fe;;fl;fr;fr;;fe;fr;di;;fe;fl;fl;;fe;bt;fe;;fe;fl;;;;;;;;;fe;fe;fe;fe;fr;fe;;fe;fl;fl;;fe;fe;fe;;fe;bt;;fe;fe;fe;;bt;fe;fl;fr;fr;fe;fl;fr;fr;;fe;fl;fl;;fe;fe;fe;;fe;fe;;fe;fe;;;bt;;;fr;fe;;fe;fr;fr;;fe;fl;fe;;fe;fe;fe;;fe;fl;;;;;;;;;;;;;fe;;;fe;fe;fe;;fe;fe;fe;;fe;fe;;;;;;;;fe;fe;fe;;fe;fe;fe;;fe;fe;fe;;fe;fe;fe;;fe;fe;;;;;;fl;;;;fe;;fe;fe;fe;;fe;fl;fe;;fe;fe;fe;;fe;fe;;;;;;;;;;;;;;;;;;fe;fe;fe;;fe;fe;;;;;;;;fe;;fe;;fe;;fe;fe;fe;;fe;fe;fe;;fe;fe;;;;;;fe;fe;fe;;fe;;;;fe;fe;fe;;fe;fe;fe;;fe;fe;;;;;;;;fe;;fe;fe;fe;;fe;fe;fl;;fe;fe;fe;;fe;fl;;;;;;;;fe;fe;fe;fe;fr;;fe;fe;fe;;fe;fe;fe;;fe;fl;;;;;;bt;;fl;fe;fr;fe;di;;fe;fe;fl;;fe;fe;fe;;fe;fe;;fe;fe;;;fl;;;fr;fr;;fr;fr;fe;fl;fl;;fe;fe;fe;;fe;fl;;;;;;;;;;;;;;;;;;fe;fe;fe;;fe;fl;;;;;;;;fe;fe;fe;;fe;fe;;;fe;fe;fe;fe;fe;;fe;fl;;;;;;;;;;;;fl;fr;fe;;fe;fe;fl;;fe;;fe;fl;;fe;fe;;;;;fe;fe;fe;fe;fe;fe;fe;;fe;fl;fe;;fe;fe;fe;fe;;fe;fe;;;fe;;;fe;fe;fe;fe;fe;fe;;fe;fe;fe;;fe;fe;fe;;fe;fe;;fe;fe;;;fe;fe;fl;fr;fr;;fl;fr;di;;fe;fr;fl;;fe;fe;fe;;fe;fl;
Oreochloa_disticha;;;;;;;;;;;;;;;;;;;;;;;;;;;;;;;;;;;;;;;;;;;;;;;;;;;;;;;;;;;;;;;;;;;;;;;;;;;;;;;;;;;;;;;;;;;;;;;;;;;;;;;;;;;;;;;;;;;;;;;;;;;;;;;;;;;;;;;;;;;;;;;;;;;;;;;;;;;;;;;;;;;;;;;;;;;;;;;;;;;;;;;;;;;;;;;;;;;;;;;;;;;;;;;;;;;;;;;;;;;;;;;;;;;;;;;;;;;;;;;;;;;;;;;;;;;;;;;;;;;;;;;;;;;;;;;;;;;;;;;;;;;;;;;;;;;;;;;;;;;;;;;;;;;;;;;;;;;;;;;;;;;;;;;;;;;;;;;;;;;;;;;;;;;;;;;;;;;;;;;;;;;;;;;;;;;;;;;;;;;;;;;;;;;;;;;;;;;;;;;;;;;;;;;;;;;;;;;;;;;;;;;;;;;;;;;;;;;;;;;;;;;;;;;;;;;;;;;;;;;;;;;;;;;;;;;;;;;;;;;;;;;;;;;;;;;;;;;;;;;;;;;;;;;;;;;;;;;;;;;;;;;;;;;;;;;;;;;;;;;;;;;;;;;;;;;;;;;;;;;;;;;;;;;;;;;;;;;;;;;;;;;;;;;;;;;;;;;;;;;;;;;;;;;;;;;;;;;;;;;;;;;;;;;;;;;;;;;;;;;;;;;;;;;;;;;;;;;;;;;;;;;;;;;;;;;;;;;;;;;;;;;;;;;;;;;;;;;;;;;;;;;;;;;;;;;;;;;;;;;;;;;;;;;;;;;;;;;;;;;;;;;;;;;;;;;;;;;;;;;;;;;;;;;;;;;;;;;;;;;;;;;;;;;;;;;;;;;;;;;;;;;;;;;;;;;;;;;;;;;;;;;;;;;;;;;;;;;;;;;;;;;;;;;;;;;;;;;;;;;;;;;;;;;;;;;;;;;;;;;;;;;;;;;;;
Pedicularis_pyrenaica;;;;;;;;;;;;;;;;;;;;;;;;;;;;;;;;;;;;;;;;;;;;;;;;;;;;;;;;;;;;;;;;;;;;;;;;;;;;;;;;;;;;;;;;;;;;;;;;;;;;;;;;;;;;;;;;;;;;;;;;;;;;;;;;;;;;;;;;;;;;;;;;;;;;;;;;;;;;;;;;;;;;;;;;;;;;;;;;;;;;;;;;;;;;;;;;;;;;;;;;;;;;;;;;;;;;;;;;;;;;;;;;;;;;;;;;;;;;;;;;;;;;;;;;;;;;;;;;;;;;;;;;;;;;;;;;;;;;;;;;;;;;;;;;;;;;;;;;;;;;;;;;;;;;;;;;;;;;;;;;;;;;;;;;;;;;;;;;;;;;;;;;;;;;;;;;;;;;;;;;;;;;;;;;;;;;;;;;;;;;;;;;;;;;;;;;;;;;;;;;;;;;;;;;;;;;;;;;;;;;;;;;;;;;;;;;;;;;;;;;;;;;;;;;;;;;;;;;;;;;;;;;;;;;;;;;;;;;;;;;;;;;;;;;;;;;;;;;;;;;;;;;;;;;;;;;;;;;;;;;;;;;;;;;;;;;;;;;;;;;;;;;;;;;;;;;;;;;;;;;;;;;;;;;;;;;;;;;;;;;;;;;;;;;;;;;;;;;;;;;;;;;;;;;;;;;;;;;;;;;;;;;;;;;;;;;;;;;;;;;;;;;;;;;;;;;;;;;;;;;;;;;;;;;;;;;;;;;;;;;;;;;;;;;;;;;;;;;;;;;;;;;;;;;;;;;;;;;;;;;;;;;;;;;;;;;;;;;;;;;;;;;;;;;;;;;;;;;;;;;;;;;;;;;;;;;;;;;;;;;;;;;;;;;;;;;;;fe;fe;fe;;fl;;;fe;fe;;fe;bt;bt;;fe;fe;fe;;fe;;fe;bt;;;;;;;;;;;;;;;;;;;;;;;;;;;;;;;;;;;;;;;;;;;;;;;;;;;;;;;;;;;;;;;;;;;;;;;;;;
Persicaria_vivipara;fe;fe;;fe;fe;;fe;fe;fe;;fe;di;di;;fe;fe;fe;;;fe;fr;;fe;fe;;;;;;;;;fe;;;;fe;fe;fe;;fe;fe;;;;fe;fe;;fe;;;;;;;;;;;;;;;;;;;;;;;;;;;;;;;;;;;;;;;;;;;;;;;;;;;;;;;;;;;;;;;;;;;;;;;;;;;;;;;;;;;;;;;;;;;;;;;;;;;;;;;;fe;fe;;;;;;fe;fe;;fe;fr;di;;;;;;;;fe;;;fe;fe;;fe;fe;;;;;;;;;fe;;;;;;;;;;;;;;;;;;;;;;;;;;;;;;;;;;;;;;;;;;;;;;;;;;;;;;;;;;;;;;;;;;;;;;;;;;;;;;;;;;;;;;;;;;;;;;;;;;;;;;;;;;;;;;;;;;;;;;;;;;;fe;fe;;;fr;;fe;di;di;;fe;fe;fe;;fe;bt;di;;fe;fe;fe;;fe;fr;;fe;fe;;;fe;;fe;fr;fe;fe;fe;fe;fe;;fe;fe;fe;;;fe;fr;;fe;fr;;fe;fe;fe;;fe;;fe;fr;di;fe;fe;fr;di;;fe;fe;fr;;;fe;fr;;fe;;;;;;;;;;;;;;;;;;;;;;;;;;;;;;;;;;;;;;;;;;;;;;;;;;;;;;;;;;;;;;;;;;;;;;;;;;;;;;fe;fe;fe;;fe;;fe;fe;fe;;fe;fe;fe;;fe;;fe;;;fe;fe;;fe;fe;;fe;fe;;;fe;;;fr;di;fe;fe;fe;fe;;fe;fe;fe;;;fe;di;;fe;fe;;;;;;fe;;fe;fl;fr;;;fe;fe;;fe;fe;fe;;;fe;fe;;fe;fe;;;;;;;;;;;;;;;;;;;;;;;;;;;;;;;;;;;;;;;;;;;;;;;;;;;;;;;;;;;;fe;fe;fe;;fe;fe;;;;;;;;;;;;;;;;;;;;;;;;;;;;;;;;;fe;fe;fe;;fe;fe;fe;fe;fr;;;;fe;fe;fe;;fe;fe;fe;;fe;fr;;;fe;fe;;fe;;fe;;fe;fe;fe;;fe;;;;;fe;fe;;fe;fe;;fe;fe;fe;fe;fe;;fe;fl;fe;fe;se;;fe;fe;fe;;;fe;fe;;fe;fe;;fe;fe;;;fe;;fl;fe;fe;;se;;fe;fe;;;;fe;fe;;fe;fe;;;fe;;;fe;;fe;;;;fe;fe;;fe;fe;;;fe;fe;;fe;fe;;;;;;fe;fe;fe;;fe;fe;fe;fe;fe;;fe;;fe;bt;di;;fe;fr;;;;;;;;;;;;;;;;;;;;;;;;;fe;fe;fe;;;;;fe;fe;fe;fe;;;;fe;fr;di;;fr;;;;;;;;;;;;;;;;;fe;;;;;;;;;;;fe;fe;;;fr;;fe;fe;fe;fe;fe;di;se;;fe;fe;di;;;fe;fr;;fe;fr;;fe;;;;fe;;fe;;;;fe;fe;fe;;fe;fe;fe;;;fe;fe;;fe;fr;
Phleum_alpinum;;;;;;;;;;;;;;;;;;;;;;;;;;;;;;;fl;;fe;;;;;;;;;;;;;fe;fe;;;fe;;;;;;;fl;fe;fl;fr;fr;fe;fl;fr;di;;fe;fe;fe;;;fe;fe;;fe;fl;;;;;;;;;fe;fr;di;;bt;di;di;;fe;fe;fl;;;fe;fe;;fe;fe;;;;;;;bt;;fe;;;;;;;;;fe;fl;;;fe;fe;;fe;bt;;;;;;;;;;;;;;;;;;;fe;;;fe;;;fe;fe;;;;;;;fl;;fe;;;;fl;;;;fr;fr;fr;;fe;fe;fr;;fe;fl;;;;;;;;;;;;;bt;;;;;fe;;;;fe;fe;;fe;fe;;;;;;;;;fe;di;;;;;;;fe;fe;fe;;;fe;fe;;fe;fl;;;;;;;fl;fe;fl;fl;fr;fe;fe;bt;fr;;fe;fe;fr;;;fe;fe;;fe;fe;;;;;;;;fe;fl;fr;se;;fe;fe;fe;;fe;fe;fe;;;fe;fe;;fe;fl;;;;;;;;;;;;;;;;;;fe;fe;;;;;;;;;;;;;;;fe;;;;;;;;fe;;fe;;;;fe;;fe;;;;;;;;;fe;;;;;;;;;;;;;;;;;;;;;;;;;fr;;;;bt;bt;se;;fe;fe;fe;;fe;fe;bt;;fe;fe;;;;;;br;fe;fe;;;;bt;fr;di;;fe;fe;fr;;fe;fe;fe;;fe;fe;;;;;;bt;fe;fe;;;fe;fe;fe;fe;;fe;fe;fr;;;fe;fe;;fe;fe;;;;;;bt;;;;;fe;fe;fe;fe;;;fe;fe;;fe;fe;fe;;fe;fe;;;;;;;;fe;;;;;;;;;;;;;fe;;;;;;;;;;bt;;;;;;bt;fr;fe;;;;;;;;fe;;;;;;;;;bt;;;;;;;;di;;fe;fe;fe;;fe;fe;bt;;fe;fe;;fe;fl;;;bt;fe;fe;fl;se;fe;fe;fr;di;;fe;fr;fr;;fe;fe;fe;;fe;fe;;fe;fl;;;;;;;;;fe;fe;;;;;fe;;fe;fe;fe;;fe;;;;;;;;;;;;fl;;;fe;fe;di;;;fe;fe;;fe;fe;;;;;;;;;;;;;;;fe;;;;fe;fe;;fe;;;;;;;;;;fe;;;;;fe;fe;;;fe;fe;fe;;;;;;;;;;;;;;;;;fe;fe;fe;;fe;fe;fe;;fe;fe;;;;;;;fe;fe;;fe;fe;fe;;fe;fe;fe;;fe;fe;fe;;fe;fe;;;;;;;;fe;;;;di;;fe;;;;;fe;fe;;fe;fe;;;;;;bt;fe;fe;bt;fr;;fe;fe;fe;fe;fe;;fe;fe;fe;;fe;fe;;;;;;;;;;;fe;;;;;;;fe;fe;;;;;;;;;;;;;;;;;;;;;;;;;;;;;;;;;;;;;;;;;;;;;;;;;;;;;;;;;;;;;;;;;;;;;;;;;;;;;;;;fe;fr;fl;di;;bt;di;di;;fe;bt;fe;;fe;fe;bt;;fe;bt;;;;;;fl;fe;fl;fe;di;fe;bt;fr;di;;fe;fe;fe;;fe;fe;fe;;fe;fe;
Phyteuma_hemisphaericum;;fe;;fe;bt;;fe;fe;fe;fe;fe;fe;fe;;;bt;fr;;;fe;fe;;fe;bt;;;;;;;;;;;fe;;;fe;fe;;;bt;fr;;;;;;fe;fe;;;;;;;;;;;;;;;;;;;;;;;;;;;;;;;;;;;;;;;;;;;;;;;;;;;;;;;;;;;;;;;;;;;fe;;;fe;fe;;;;;;;;;;;;;;;;;;;;;;;;;;;;;;;;;;;;;;;bt;bt;;;fe;;;;;;;;;fe;;;fe;fe;;fe;fe;;;;;;;;fe;fe;fe;fe;;fe;fe;fe;;fe;fe;fe;;;fe;bt;;fe;fe;;;;;;;;;;;;;;;;;;;;;;;;;;;;;;;;;;;;;;;fe;fe;fe;;fe;fe;fe;;;fe;fe;;fe;fe;;;;;;;;;;;;;;;;;;;;;;;;;;;;;;;;;;;;;;;;;;;;;;;;;;;;;;;;;;fe;;fe;fe;fe;;fe;fl;fe;;fe;fe;fe;;;fe;fe;;fe;fe;;;fe;;;fe;;fe;;fl;;fe;fe;;;fe;fe;fe;;;fe;bt;;fe;fe;;;;;;;;;;;;;;;;;bt;;;;fe;;;fe;;;;;;;fe;;;fe;fe;;bt;fe;fe;;;bt;fr;;;fe;bt;;fe;fe;;;;;;;;;;;;;;;;;;;;;;;;;;;;;;;;;;;fe;;bt;fe;fe;;fe;fe;fl;;;;;;fe;fe;;fe;fe;;;fe;;;;;fe;fe;fe;fe;;;;fe;;;fe;bt;;fe;fe;;;;;;;;;;;;fe;fe;fe;;;fe;fe;;;fe;fe;;fe;fe;;;;;;;;;;;;;;;;;;;;;;;;;fe;;;;;;;;;;;;;;;;;;;;;;;;;;;;;;;bt;;fe;fe;fe;;fe;;;;;fe;;;;fe;fe;;;fe;;;;;;;;;;fe;;;;;fe;fe;;;fe;fe;;fe;fe;;fe;fe;fe;fe;fe;bt;;fe;bt;fl;di;;bt;bt;di;;fe;fe;fl;;fe;bt;;fe;fe;;;bt;fe;fe;;;fl;fe;;;bt;fe;;;fe;fe;;fe;;;;;;;fe;;;;fe;;;;fe;fe;fe;;;fe;fe;;;;;;;;;;;fe;bt;;;;;;;;;;;;;fe;fe;;;fe;;;fe;;fe;bt;;fe;fe;;fe;fe;fe;;;fe;bt;;fe;fe;;;;;;;;;;;;;;;;;;;;;;;;;;;;;;;;;;;;;;;;;;;;;;;;fe;fe;;;fe;fe;fe;bt;fe;fe;fe;fe;fe;;fe;bt;;bt;fe;;;fe;;;;;;;;;;;;;;;;;;;;;;fe;fe;;fe;fe;;;;;;;;;;;;;;;;;;;;fe;;;;;;;;;;;;;;;;fe;;fe;;;bt;bt;;;fe;;;;;;;;;;;;;;;;;;;;;;;;;;
Poa_alpina;;;fe;fl;fr;fe;fl;fr;se;fe;fl;fr;di;;fe;fe;fe;;fe;fr;fe;;bt;fr;;;;;fe;fl;fr;fe;fl;fr;se;fe;fl;fr;di;;bt;fl;fr;;fe;fr;fr;;fe;fr;;;;;fe;fl;fr;fe;fl;fr;se;fe;fl;fr;di;;fe;fl;se;;fe;bt;fr;;bt;fr;;;;;fe;fl;fr;fe;fl;fr;se;fe;fl;fr;di;;bt;fl;se;;fe;bt;fr;;bt;fr;;;;;fe;fl;fr;fe;fl;fr;se;fe;fl;fe;fe;;fe;fl;se;;fe;bt;fr;;bt;fr;;;;;fe;fe;fl;fe;fl;fr;se;fe;fl;fr;di;;fe;fe;se;;fe;bt;fr;;fe;fr;;;;;fe;fl;fr;fe;fl;fr;se;fe;fl;fr;di;;fe;;fe;;fe;fe;;;fe;fe;;;;;fe;fl;fr;fe;fl;fr;fe;fe;;;di;;fe;fe;fe;;fe;fe;fe;;fe;fe;;fe;fe;fl;fe;fl;fr;fe;fe;fr;se;fe;fl;fr;di;;fe;fe;fe;;fe;fe;fe;;fe;fr;;;;;fe;fl;fl;fe;fl;;se;fe;fl;fr;di;;fe;fe;fe;;fe;fe;fe;;fe;fr;;fe;fe;fl;fe;fl;fl;fe;fl;fe;se;fe;fl;fr;di;;fe;fl;di;;fe;bt;fr;;bt;fl;;fe;fe;fl;fe;fl;fl;fe;fl;fr;se;;fl;fr;fe;;bt;fl;se;;fe;bt;fr;;bt;fr;;;;fe;;fr;fe;fl;fr;se;fe;fl;fe;fe;;fe;fe;se;;fe;fe;fe;;fe;fe;;;;;;;fe;fl;;;fe;fl;fr;di;;fe;fr;di;;fe;fe;;;fe;fe;;;;fe;;fl;fe;fe;fr;se;fe;fl;fr;di;;fe;fl;fr;;fe;fe;fr;;bt;fl;;fe;fe;fe;;fl;fe;fl;fr;se;fe;fl;fr;di;;fe;fl;se;;fe;fe;fe;;fe;fe;;;;fe;;fl;fe;fl;fr;se;fe;bt;fe;fe;;fe;fe;se;;fe;fe;fe;;bt;fl;;;;fe;;fl;fe;fl;fe;se;;fl;fr;di;;fe;fr;fe;;fe;bt;fr;;bt;fl;;;;fe;;fl;fe;fl;fr;se;fe;fl;fr;di;;fe;fe;fe;;fe;fr;fe;;fe;fr;;;;fe;;fl;fe;fl;fe;se;fe;fe;fr;fe;;;fe;fe;;fe;fe;fe;;;;;;;;;;;fl;fr;;;fl;fr;di;;fe;fr;fe;;fe;fe;fe;;fe;fr;;;;fe;;fl;fe;fl;fr;se;;fl;fr;di;;fe;fr;fr;;fe;fl;fr;;bt;fl;;;;fe;;fl;fe;;fe;se;;fl;fe;di;;fe;fr;fe;;fe;bt;fl;;bt;fl;;;;fl;;fe;fe;se;fe;fl;di;di;;bt;fl;se;;fe;bt;fr;;fe;fr;;;;fr;fe;fl;fe;se;;fl;fr;di;;fe;fe;fe;;fe;fr;fe;;fe;bt;;;;bt;;fe;di;se;;fl;fr;di;;bt;fl;se;;fe;fe;fe;;bt;bt;;;;fe;;fl;fe;se;;fl;fr;di;;fe;fe;fe;;fe;fe;fe;;fe;fe;;;;;;fr;fe;fl;fr;fl;fr;di;;fe;fe;fe;;fe;fe;fr;;fe;bt;;;;;;fl;;fr;fr;se;;;;fe;fe;fe;;fe;bt;fe;;bt;fe;;;;;;fr;;fl;;se;fe;fe;di;fe;fe;se;;fe;fe;fe;;fe;fl;;;;fe;;fr;;fl;di;se;bt;fl;fr;di;;se;;fe;fr;fr;;bt;fl;;;;fe;;fr;bt;fe;fr;se;bt;fl;di;di;;bt;fr;fe;fr;fr;;bt;bt;;fe;fl;fe;;fr;fe;fl;di;se;;fl;di;;;fe;fe;fe;;fe;;bt;fl;;;;;;;;fe;fr;se;fe;fl;di;fe;;fe;fe;fe;;fe;fe;fe;fe;;;;;;fl;fe;fr;fr;se;;fl;;;;fe;;fe;;fe;fe;fe;;fe;fl;;;;;;fr;;fl;fr;se;fe;fl;fr;di;;fe;fe;fe;;fe;fe;fe;;;fe;
Poa_cenisia;;;;;;;;;;;;;;;;;;;;;;;;;;;;;;;;;;;;;;;;;;;;;;;;;;;;;;;;;;;;;;;;;;;;;;;;;;;;;;;;;;;;;;;;;;;;;;;;;;;;;;;;;;;;;;;;;;;;;;;;;;;;;;;;;;;;;;;;;;;;;;;;;;;;;;;;;;;;;;;;;;;;;;;;;;;;;;;;;;;;;;;;;;;;;;;;;;;;;;;;;;;;;;;;;;;;;;;;;;;;;;;;;;;;;;;;;;;;;;;;;;;;;;;;;;;;;;;;;;;;;;;;;;;;;;;;;;;;;;;;;;;;;;;;;;;;;;;;;;;;;;;;;;;;;;;;;;;;;;;;;;;;;;;;;;;;;;;;;;;;;;;;;;;;;;;;;;;;;;;;;;;;;;;;;fe;;;;;;;;;;;;;;;;;;;;;;;;;;;;;;;;;;;;;;;;;;;;;;;;;;;;;;;;;;;;;;;;;;;;;;;;;;;;;;;;;;;;;;;;;;;;;;;;;;;;;;;;;;;;;;;;;;;;;;;;;;;;;;;;;;;;;;;;;;;;;;;;;;;;;;;;;;;;;;;;;;;;;;;;;;;;;;;;;;;;;;;;;;;;;;;;;;;;;;;;;;;;;;;;;;;;;;;;;;;;;;;;;;;;;;;;;;;;;;;;;;;;;;;;;;;;;;;;;;;;;;;;;;;;;;;;;;;;;;;;;;;;;;;;;;;;;;;;;;;;;;;;;;;;;;;;;;;;;;;;;;;;;;;;;;;;;;;;;;;;;;;;;;;;;;;;;;;;;;;;;;;;;;;;;;;;;;;;;;;;;;;;;;;;;;;;;;;;;;;;;;;;;;;;;;;;;;;;;;;;;;;;;;;;;;;;;;;;;;;;;;;;;;;;;;;;;;;;;;;;;;;;;;;;;;;;;;;;;;;;;;;;;;;;;;;;;;;;;;;;;;;;;;;;;;;;;;;;;;;;
Primula_integrifolia;;;;;;;;;;;;;;;;;;;;;;;;;;;;;;;;;;;;;;;;;;;;;;;;;;;;;;;;;;;;;;;;;;;;;;;;;;;;;;;;;;;;;;;;;;;;;;;;;;;;;;;;;;;;;;;;;;;;;;;;;;;;;;;;;;;;;;;;;;;;;;;;;;;;;;;;;;;;;;;;;;;;;;;;;;;;;;;;;;;;;;;;;;;;;;;;;;;;;;;;;;;;;;;;;;;;;;;;;;;;;;;;;;;;;;;;;;;;;;;;;;;;;;;;;;;;;;;;;;;;;;;;;;;;;;;;;;;;;;;;;;;;;;;;;;;;;;;;;;;;;;;;;;;;;;;;;;;;;;;;;;;;;;;;;;;;;;;;;;fe;;;;;;;;;;;;;;fe;fe;;;;fe;;fe;;;;;;;;;;;;;;;;;;;;;;;;;;;;;;;;;;;;;;;;;;;;;;;;;;;;;;;;;;;;;;;;;;;;;;;;;;;;;;;;;;;;;;;;;;;;;;;;;;;;;;;;;;;;;;;;;;;;;;;;;;;;;;;;;;;;;;;;;;;;;;;;;;;;;;;;;;;;;;;;;;;;;;;;;;;;;;;;;;;;;;;;;;;;;;;;;;;;;;;;;;;;;;;;;;;;;;;;;;;;;;;;;;;;;;;;;;;;;;;;;;;;;;;;;;;;;;;;;;;;;;;;;;;;;;;;;;;;;;;;;;;;;;;;;;;;;;;;;;;;;;;;;;;;;;;;;;;;;;;;;fe;;;;;;fe;;;;;;fe;fe;;fe;fe;fe;;fe;fe;;;;;;;;;;;;;;;;;;;;;;;;;;;;;;;;;;;;;;;;;;;;;;;;;;;;;;;;;;;;;;;;;;;;;;;;;;;;;;;;;;;;;;;;;;;;;;;;;;;;;;;;;;;;;;;;;;;;;;;;;;;;;;;;;;;;;;;;;;;;;;;;;;;;;;;;;;;;;;;;;;;;;;;;;;;;;;;;;;;;;;;;;;;;;
Rhododendron_ferrugineum;fe;fe;fe;bt;fr;fe;di;di;fe;fe;fe;fe;fe;;fe;fe;fe;;fe;fe;fe;;fe;fe;;;;;;;;;;;;;;;;;;;;;;;;;;;;;;;;;;;;;;;;;;;;;;;;;;;;;;;;;;;;;;;;;;;;;;;;;;;;;;;;;;;;;;;;;;;;;;;;;;;;;;;;;;;;;;;;;;;;;;;;;;;;;;;;;;;;;;;;;;;;;;;;;;;;;;;;;;;;;;;;;;;;;;;;;;;;;;;;;;;;;;;;;;;;;;;;;;;;;;;;;;;;;;;;;;;;;;;;;;;;;;;;;;;;;;;;;;;;;;;;;;;;;;;;;;;;;;;;;;;;;;;;;;;;;;;;;;;;;;;;;;;;;;;;;;;;;;;;;;;;;;;;;;;;;;;;;;;;;;;;;;;;;;;;;;;;;;;;;;;;;;;;;;;;;;;;;;;;;;;;;;;;;;;;;;;;;;;;;;;;;;;;;;;;;;;;;;;;;;;;;;;;;;;;;;;;;;;;;;;;;;;;;;;;;;;;;;;;;;;;;;;;;;;;;;;;;;;;;;;;;;;;;;;;;;;;;;;;;;;;;;;;;;;;;;;;;;;;;;;;;;;;;;;;;;;;;;;;;;;;;;;;;;;;;;;;;;;;;;;;;;;;;;;;;;;;;;;;;;;;;;;;;;;;;;;;;;;;;;;;;;;;;;;;;;;;;;;;;;;;;;;;;;;;;;;;;;;;;;;;;;;;;;;;;;;;;;;;;;;;;;;;;;;;;;;;;;;;;;;;;;;;;;;;;;;;;;;;;;;;;;;;;;;;;;;;;;;;;;;;;;;;;;;;;;;;;;;;;;;;;;;;;;;;;;;;;;;;;;;;;;;;;;;;;;;;;;;;;;;;;;;;;;;;;;;;;;;;;;;;;;;;;;;;;;;;;;;;;;;;;;;;;;;;;;;;;;;;;;;;;;;;;;;;;;;;;;;;;;;;;;;;;;;;;;;;;;;;;;;;;;;;;
Sagina_saginoides;;;;fe;fr;;bt;fr;di;;bt;fr;di;;;bt;fe;;fe;bt;fr;;fe;fr;;;;;;;;;;fr;;fe;bt;di;di;;;;di;;fe;br;fr;;fe;fr;;;;;;fe;fr;fe;bt;fr;di;;bt;di;di;;fe;fe;fe;;;fe;fe;;fe;;;;;;;bt;fl;fe;fe;fr;di;fe;fl;di;di;;fe;bt;fe;;fe;bt;fr;;fe;fe;;;;;;fe;fr;fe;fe;fr;di;;fl;fr;di;;fe;fe;di;;fe;bt;fr;;fe;fe;;;;;;fe;fr;fe;fe;fe;di;fe;fl;fr;di;;fe;bt;di;;fe;fe;fr;;fe;fe;;;;;;;;;;;;;;;;;;;;;;;;;;;;;;;;;;fe;fe;;se;;;di;di;;;;di;;fe;;;;;;;;;;;;;;;;;;;;;;;;;;;;;;;;;;;;;;fr;fe;;fr;di;fe;fl;di;;;;fe;di;;;;;;fe;;;;;;;;;;fe;;;fe;fl;di;di;;;bt;di;;;bt;fr;;;fr;;;;;;fe;fr;fe;bt;fr;di;;bt;di;di;;fe;fe;di;;fe;fe;fe;;fe;fr;;;;;;fr;fe;bt;fe;fr;fe;fl;di;di;;fe;fr;di;;fe;bt;di;;fe;fr;;;;;;fr;;;;;;;;;;fe;;;;;fe;;;;fe;;;;;;;;fe;;;;;;;;;;;;;fe;;;;;;;;;;;;;;;;;;;;;;;;;;;;;;;;;;;;;;;;;;;;;;;;;;;;;;;;;;;;;;;;;;;;;;;;;;;;;;;;;;;;;fl;fe;fr;fr;di;fe;fl;di;di;;fe;fe;di;;fe;fe;fr;;fe;fr;;;;;;;;fr;di;di;;fl;di;di;;fe;fe;fe;;fe;bt;fr;;fe;fe;;;;;;;;;;;;;di;di;;fe;fe;;;fe;;;;fe;;;;;;;;;;;;;;;;;;;;;;;;;;;;;;;;;;;;;;;;fe;;fe;fr;di;;fe;;;;;;;;;;fe;fl;;;;;;;;;fr;di;;fe;;;;fe;;;;;;;fe;fl;di;fe;bt;di;di;;fe;di;di;;fe;fr;di;;fe;fl;;;;;;fr;;fr;;fr;di;fe;;fe;fr;di;;fe;fl;di;;fe;bt;;;;;;;;;;;;;;;;;;;;;;fe;;;;;;;di;fe;fe;;bt;di;di;;fe;fr;di;;fe;bt;di;;fe;fl;;;;;;fr;;fl;di;di;;;;fe;fl;di;;;fe;fe;;fe;fr;;;;;;;fe;fl;di;fe;fe;fr;di;fe;fr;di;;fe;bt;fr;;fe;bt;;fe;fr;;;;;;;;;fe;di;di;;fe;;fe;fl;;;fe;fe;;;;;;fl;fe;fr;fr;di;fe;bt;di;di;;fe;fr;fe;fl;di;;fe;di;;;;;;di;fe;;bt;di;;fe;di;;;bt;fr;di;;di;;fe;fr;;;;;;fl;fe;fl;di;di;fe;fr;di;di;;fe;bt;di;;fe;bt;fe;di;;;;;;fe;fe;fl;;;;fe;fe;;;;;;;;fe;;;;;;;;;;;;;;di;;fl;fr;fe;;fe;fr;di;;;;fr;;fe;fe;
Salix_herbacea;fl m et f;fr;br;fl m et f;fr;fe;fr;fr;fr;fe;fr;fr;se;;fl m f;fr;di;;br;fr;se;;fl f et m;;;sans fe;fl f;fr;br;fl f;fr;fe;fr;fr;di;fe;fr;fr;se;;fl m;di;di;;br;fr;se;;fl m et f;fr;;sans fe;fl m et f;fr;br;fr + fl m;fr;fe;fr;fr;di;fe;fr;di;di;;fl m f;fr;di;;br;fr;se;;fl m et f;;;sans fe;fl f;fr;br;fl m et fr;fr;fe;fr;di;di;fe;di;di;di;;fl f m;di;di;;br;fr;se;;fl m;fr;;sans fe;fl f;fr;br;fl m et f;di;fe;fr;fe;di;fe;fr;fe;di;;fl m f;di;di;;br;fr;di;;fl m et f;fr;;sans fe;fl f;fr;br;fr;fr;fe;fr;fe;di;fe;fr;di;se;;fl f; di;se;;br;fr;se;;fl m et f;fr;;sans fe;fl m et f;fr;br;fr;fr;fe;fr;fr;di;fe;fr;fr;se;;fl m;fr;se;;br;fr;se;;fl f;fr;;sans fe;fl m et f;fr;br;fl m et fr;di;fe;fr;fr;fr;fe;fr;fr;se;;fl f;di;di;;br;fr;se;;fl f et m;fr;;sans fe;fl m et f;fr;fe;fl m et fr;fr;fe;fr;di;di;fe;fr;fr;se;;fl m f;fr;se;;br;fr;se;;fl m et f;fr;;sans fe;fl m et f;fr;br;fl m et f;fr;fe;fr;di;di;fe;di;di;di;;fl m f;di;di;;br;fr;se;;fl m et f;fr;;sans fe;fl m et f;fr;br;fl m et f;fr;fe;fr;fr;di;fe;di;di;di;;fl f m;fr;di;;br;fr;se;;fl m et f;fr;;sans fe;fl m et f;fr;;;fr;fe;fr;fr;di;fe;fe;di;se;;fl f m;di;se;;br;fr;se;;fl m;fr;;fl m et f;fr;br;;fe;fe;fr;fe;fe;fe;fe;fe;fe;;fl m;fe;fe;;br;fe;se;;fl m;fe;;fl m et f;fr;br;;fe;fe;fl m;fe;fe;fe;fl m;fe;se;;fl m f;fr;fr;;br;fr;se;;fl m et f;fr;;fl m et f;fr;br;;di;fe;fr;fr;di;fe;di;di;se;;fl f;di;se;;br;di;se;;fl m et f;di;;fl f;fr;fe;;di;fe;di;di;di;fe;fr;di;se;;fl f m;di;se;;br;di;se;;fl m et f;di;;fl m et f;fr;br;;di;fe;di;di;di;fe;di;di;fe;;fl f m;di;di;;br;di;se;;fl m et f;di;;fl m et f;fr;br;;di;fe;di;di;di;fe;di;di;se;;fl f m;di;di;;br;di;se;;fl m et f;di;;fl m et f;fr;;;fr;fe;fr;fr;fr;fe;fr;fr;se;;fl f m;fr;di;;br;fr;se;;fl m et f;fr;;fl m et f;fr;br;;;fe;fr;fr;di;;fl m;fe;se;;fl m;fr;fr;;br;fr;se;;fl m et f;di;;fl m et f;fr;br;;fe;fe;fl;fe;fe;fe;fl m;fe;se;;fl m;fe;di;;br;fl m;se;;fl m;fe;;fl f;fr;br;;fr;fe;di;di;di;fe;fr;fr;di;;fl m f;di;di;;br;di;se;;fl m et f;di;;fl m et f;fr;br;;di;fe;fr;fr;di;fl m;fr;fr;se;;fl f m;di;di;;br;di;se;;fl m;fr;;br;;di;fr;fr;fe;fe;fl m;fr;di;se;;fl m;fr;di;;br;di;se;;fl m et f;fr;;;;;;;;;;;;;;;;;;;;;;;;;;;;;;;;;;;;;;;;;;;;;;;;;;;;;;;;;;;;;;;;;;;;fe;fe;;fl f;fr;br;br;fr;fe;fr;fe;fe;fr;se;;fl f;fr;di;;br;fr;fr;;fl f;fr;;fl m et f;fr;br;;fe;fe;fr;di;di;fe;fr;;fl f m;fr;fr;;br;fr;fr;;fl f et m;fr;;fl m et f;fr;br;;fr;br;fr;di;fr;fe;fr;di;fl m f;di;di;;br;fr;fr;;fl m et f;di;;;;;;;;;;;;;;;;;;;;;;;;;;;;;;;;;;;;;;;;;;;;;;;;;;;;;;;;;;;;;;;;;;;;;;;fe;fe;br;;fe;fe;di;fe;fe;fe;fe;fr;fe;;fl f;fr;fr;;br;fr;fl f;fr;;fe;fr;;;fe;fe;di;di;fe;bt;di;di;se;;fl f;fr;fe;;br;fe;se;;fl f;fr;;fe;fe;br;;fe;br;fr;fe;di;fe;fr;fr;di;;fl f;fr;di;;br;fe;se;;fl m;fe;
Salix_retusa;;;;;;;;;;;;;;;;;;;;;;;;;;;;;;;;;;;;;;;;;;;;;;;;;;;;;;;;;;;;;;;;;;;;;;;;;;;;;;sans fe;fl f;fr;;fr;di;fe;fr;fr;di;;fe;di;fe;;fl f m;fe;di;;br;fr;fr;;fl m et f;fr;;sans fe;fl f;fr;br;fl f;fr;fe;fr;fr;fr;;fr;di;di;;fl f;fr;di;;br;fr;fr;;fl m et f;fr;;;;;;;;;;fe;fr;;fe;fr;fr;;fe;fe;di;;br;fr;fr;;fe;fe;;;;;;fe;fe;fe;fe;fe;fe;fe;fe;fe;fe;;fe;fe;se;;br;fe;fe;;fe;fe;;;;;;;;;fe;fe;fe;fe;fe;fe;fe;;fe;fe;fe;;br;fe;fe;;fe;fe;;;;;;;;;;;;;;;;;;;;;;;;;;;;;;;;;;;;;;;;;;;;;;;;;;;fe;;;sans fe;fe;fe;br;fe;fe;fe;fr;fr;fr;;;fr;fe;;bt;fe;fe;;br;fr;fr;;;fr;;;;;;;;;;;;;fe;;;;;;;;br;;;;;;;fl f;fr;br;;fe;fe;fe;fe;fe;fe;fr;di;di;;fl f;fr;fr;;br;fr;fr;;fl f;fr;;fl f;fr;br;;fr;fe;fr;fr;fr;;fe;fe;se;;fe;fe;fe;;br;fr;fr;;fe;fe;;;;;;fe;fl;fr;fe;fe;;fl m;fe;fe;;fe;fr;fe;;br;fr;fr;;fe;fe;;;;;;;;;;;;fe;fe;fe;;fe;fe;fe;;br;fe;fe;;fe;fe;;;;;;;;;;;fe;;;;;;;;;br;;;;;;;;;;;;;;;;;;;;;;;;;;;;;;;;;;br;;fe;fe;fe;fe;fe;;fe;;;;fe;fe;fe;;br;fe;fe;;fe;fe;;;;;;;;;;;;fr;fr;fe;;fe;fe;fe;;br;fr;fr;;fl f;fe;;fl f;fr;br;;fr;fe;fr;fr;fr;fe;fr;di;fe;;fl f;fe;fe;;br;fr;fr;;fl f;fr;;fl f;fr;br;;fr;fe;fr;fr;fr;fe;fr;fe;fe;;fe;fr;fe;;br;fr;fr;;fl f;fr;;;;;;;;;;;;;;;;;;;;;;;;;;;;;;;;;;;;;;;;;;;;;;;;;;;;;;;;;;;;;;;;;;;;;;;;;;;;;;;;;;;;;;;;;;;;;;;;;;;;;;;;;;;;;;;;;;;;;;;;;;;;;;;;;;;;;;;;;;;;;;;;;;;;;;;;;;;;;;;;;;;;;;;;;;;;;;;;;;;;;;;;;;;;;;;;;;;;;;;;;;;;;;;;;;;;;;;;;;;;;;;;;;;;;;;;;;;;;;;;;;;;;;;;;;;;;;;;;;;;;;;;;;;;;;;;;;;;;;;;;;;;;;;;;;;;;;;;;;;;;;;;;;;;;;;;;;;;;;;;;;;;;;;;;
Saxifraga_geranioides;;;;;;;;;;;;;;;;;;;;;;;;;;;;;;;;;;;;;;;;;;;;;;;;;;;;;;;;;;;;;;;;;;;;;;;;;;;;;;;;;;;;;;;;;;;;;;;;;;;;;;;;;;;;;;;;;;;;;;;;;;;;;;;;;;;;;;;;;;;;;;;;;;;;;;;;;;;;;;;;;;;;;;;;;;;;;;;;;;;;;;;;;;;;;;;;;;;;;;;;;;;;;;;;;;;;;;;;;;;;;;;;;;;;;;;;;;;;;;;;;;;;;;;;;;;;;;;;;;;;;;;;;;;;;;;;;;;;;;;;;;;;;;;;;;;;;;;;;;;;;;;;;;;;;;;;;;;;;;;;;;;;;;;;;;;;;;;;;;;;;;;;;;;;;;;;;;;;;;;;;;;;;;;;;;;;;;;;;;;;;;;;;;;;;;;;;;;;;;;;;;;;;;;;;;;;;;;;;;;;;;;;;;;;;;;;;;;;;;;;;;;;;;;;;;;;;;;;;;;;;;;;;;;;;;;;;;;;;;;;;;;;;;;;;;;;;;;;;;;;;;;;;;;;;;;;;;;;;;;;;;;;;;;;;;;;;;;;;;;;;;;;;;;;;;;;;;;;;;;;;;;;;;;;;;;;;;;;;;;;;;;;;;;;;;;;;;;;;;;;;;;;;;;;;;;;;;;;;;;;;;;;;;;;;;;;;;;;;;;;;;;;;;;;;;;;;;;;;;;;;;;;;;;;;;;;;;;;;;;;;;;;;;;;;;;;;;;;;;;;;;;;;;;;;;;;;;;;;;;;;;;;;;;;;;;;;;;;;;;;;;;;;;;;;;;;;;;;;;;;;;;;;;;;;;;;;;;;;;;;;;;;;;;;;;;;;;;;;;;;;;;;;;;;;;;;;;;;;;;;;;;;;;;;;;;;;;;;;;;;;;;;;;;;;;;;;;;;;;;;;;;;;;;;;;;;;;;;;;;;;;;;;;;;;
Saxifraga_moschata;;;;;;;;;;;;;;;;;;;;;;;;;;fe;fe;fl;fe;bt;fl;fe;fl;fr;fr;;fl;fr;di;;fe;fl;fr;;fe;fr;fl;;fe;fl;;;;;;;;;;;;;;;;;;;;;;;;;;;;;;;;;;;;;;;;;;;;;;;;;;;;;;;;;;;;;;;;;;;;;;;;;;;;;;;;;;;;bt;fe;fe;fe;fe;fe;fe;fe;fe;fe;;fe;fe;fe;;fe;fe;fe;;fe;fe;;;;;;;;;;;;;;;;;;;;;;;;;;;;;;;;;;;;;;;;;;;;;;;;;;;;;;;;;;;;;;;;;;;;;;;;;;;;;;;;;;;;;;;;;;;;;;;;;;;;;;;;;;;;;;;;;;;;;;;;;;;;;;;;;;;;fe;fe;fl;fe;bt;fl;fe;fl;fr;di;fe;fl;fr;di;;fe;fl;di;;fe;bt;fr;;fe;fl;;;;;;;;;;;;;;;;;;;;;;;;;;;;;;;;;;;;;;;;;;;;;;;;;;;;;;;;;;;;;;;;;;;;;;;;;;;;;;;;;;;;;;;;;;;;;;;;;;;;;;;;;;;;;;;;;;;;;;;;;;;;;;;;;;;;;;;;;;;;;;;;;;;;;;;;;;;;;;;;;;;;;;;;;;;;;;;;;;;;;;;;;;;;;;;;;;;;;;;;;;;;;;;;;;;;;;;;;;;;;;;;;;;fe;se;;;;;;;;;fe;;;;;fe;;;fe;fe;;;;;;;;fe;;fe;;fe;fe;;;;;;;fe;;;;;;;;;;;fe;;fe;fe;fe;fe;fe;fe;fe;fe;fe;;fe;fe;fe;;fe;fe;fe;;fe;fe;;fe;fe;fe;;;fe;se;;fe;fe;fe;;fe;fe;fe;;fe;fe;fe;;fe;fe;;;;;;;;;;;;;;;;;;;;;;;;;;;;;;;;;;;;;;;;;;;;;;;;;;;;;;;;;;;;;;;;;;;;;;;;;;;;;;;;;;;;;;;;;;;;;;;;;;;;;;;;;;;;;;;;;;;;;;;;;;;;;;;;;;;;;;;;;;;;;;;;;;;;;;;;;;;;;;;;;;;;;;;;;;;;;;;;;;;;;;;;;;;;;;;;;;;;;;;;;;;;;;;;;;;;;;;;;;;;;;;;;;;;;;;;;;;;;;;;;;;;;;;;;;;;;;;;;;
Scorzoneroides_pyrenaica;;;;fe;;;;;;;;;;;;;;;;;;;;;;;;;;bt;;;;;;;;fe;fe;;;bt;fe;;;fe;fe;;;;;;;;;bt;;;bt;;fe;;;fe;fe;;fe;fe;fe;;;;fe;;;;;;;;;;;;;;;;;;;;;;;;;;;;;;;;;;;fe;fl;;;;;;;;;;;;;;;;;;;;;;;;;;;;;;;;;;;;;;;;;;;;;;;;;;;;;;;;;;;;;;;;;;;;;;;;;;;;;;;;;;;;;;;;;;;;;;;;;;;;;;;;;;;;;;;;;;;;;;;;;;;;;;;;;fe;;;;;;;;;;;;;;;;;;;;;;;;;;;;;;;;;;;;;;;;;;;;;;;;;;;;;;;;;;;;;;;;;;;;;;;;;;;;;;;;;;;;;;;;;;;;;;;;;;;;;;;;;;;;;;;;;;;;;;;;;;;;;;;;;;;;;;;;;;;;;;;;;;;;;;;;;;;;;;;;;;;;;;;;;;;;;;;;;;;;;;;;;;;;;;;;;;;;;;;;;;;fe;;;;;;;;;;;;;;;;;;;;;;;;;;;;;;;;;;;;;;;;;;;;;;;;;;;;;;;;;;;;;;;;;;;;;;;;;;;;;;;;;;;;;;;;;;;;;;;;;;;;;;;;;;;;;;;;;;;;;;;;;;;;;;;;;;;;;;;;;;;;;;;;;;;;;;;;;;;;;;;;;;;;;;;;;;;;;;;;;;;;;;;;;;;;;;;;;;;;;;;;;;;;;;;;;;;;;;;;;;;;;;;;;;;;;;;;;;;;;;;;;;;;;;;;;;;;;;;;;;;;;;;;;;;;;;;;;;;;;;;;;;;;;;;;;;;;;;;;;;;;;;;;;;;;;;;;;;;;;;;;;;;;;;;;;;;;;;;;;;;;;;;;;;;;;;;;;;;;;;;;;;;;;;;;;;;;;;;;;;;;;;;;;;;fe;;;;fe;fe;;;fe;fe;;;;;;;;;;;;;;;;;;;;;;;;;;;;;;;;;;;;;;;;;;;;;;;;;;;;
Sedum_alpestre;fe;;fe;fe;;fe;fe;fe;fe;;fl;fr;;;;;;;;;;;;;;;;;;;;;;;;;;;;;;;;;;;;;;;;fe;fe;fe;fe;fe;fe;fe;;fe;fe;fe;fr;fr;di;;fe;fe;fe;;fe;fe;fe;;fe;fr;;;;;;;;;;;;;;;;;;;;;;;;;;;;;;;fe;fe;;fe;;;fe;;fl;fr;di;;;fe;fe;;fe;fe;fe;;;;;fe;fe;fe;fe;fe;fe;fe;fe;fe;fr;fe;fe;fe;;;fe;fe;fe;;fe;fe;fe;;fe;fe;;;;;;;;;;;;;;;;;;;;;;;;;;;;;;;;;;;;;;;;;;;;;;;;;;;;;;fe;fe;fe;fe;fe;fe;;fe;;fe;;;;;;;;;;;;;;;;;;;;;;;;;;;;;;;;;;;;;;;;fe;;;fe;fe;fe;;bt;fe;;fe;fe;fe;;fe;fr;;;fe;;fe;;fe;fe;fe;;fe;fe;;fe;fe;fe;fe;bt;fr;fe;fl;fr;fe;fe;fe;fe;fe;;fe;fe;fe;;fe;fe;fe;;fe;fr;;fe;fe;;;fe;fe;fe;;;;;;;;;;fe;;;;;;;;;fe;fe;fe;;fe;fe;fe;fe;fe;fe;fe;;;;;fe;fe;;fe;fe;fe;;fe;fe;;;;;;;;;;;;;;;;;;;;;;;;;;;;;;;;;;;;;;;;;;;;;;;;;;;;fe;fe;fe;;fe;fe;fe;fe;fe;;fl;fe;fe;;fe;fe;fe;;fe;fe;fe;;fe;fe;;;;fe;;;fe;;fe;;fe;fl;fr;;;fe;;;;;;;;;;;;;fe;;;;fe;;;;;;;;;;;;fe;fe;;;;;;;;;;fe;;;;;;;;;;;;;;;;;;fe;;;;;;;;;;;;;;;;;;;;;;;;;;;;;;fe;;fe;fe;fl;fr;fr;;;;;;;;;;;;;;;;;fe;fe;fe;;fl;fe;fl;fr;fr;fe;fe;fe;fe;;fe;fe;fe;;fe;fe;fe;;fe;fe;;fe;;;;;;fe;fe;fe;fe;fe;;fe;fe;fe;;fe;fe;fe;;fe;fe;;fe;fe;fr;fe;fl;fr;fe;fe;fr;fe;di;fe;fe;fe;fe;;fe;fl;fe;;fe;fr;;fe;fe;fe;;fr;fr;di;fe;fr;fr;di;;bt;fl;fe;;fe;ft;fr;;fe;fe;;fe;fe;fe;;fr;fe;di;fe;fr;fr;fe;;fe;fe;fe;;fe;fe;fe;;fe;fe;;;;;;;fe;;fe;;;;;;;;;fe;fe;fe;;fe;fe;;;;;;;;;;;;;;;;;;;;;;;;;;;;;fe;fe;fe;fe;fe;fe;fe;fr;fe;fe;fe;;fe;fe;fe;;fe;;;;;fe;;fe;;fe;fr;fe;fe;fr;fe;;;fe;;fe;fr;fr;;fe;fe;;fe;fe;fe;;fe;fe;fe;fr;;fe;fe;fe;fe;;fe;fr;fe;fe;fe;;fe;fe;;fe;fe;fe;;fr;fe;fl;fr;di;fe;fe;fr;di;;fe;fe;fe;;fr;;fe;fe;;fe;fe;fe;;fe;fe;fe;fr;fe;;fr;fr;fe;;fe;fe;fe;;fe;fe;fe;fe;;fe;fe;fe;;;;;;;;fe;fe;;;;fe;;;;fe;fe;;;;;;;;;;;;;;fe;;;;;;fe;fe;;fe;fe;fe;;fe;fr;
Sempervivum_montanum;;;;;;;;;;;;;;;;;;;;;;;;;;;;;;;;;;;;;;;;;;;;;;;;;;;;;;;;;;;;;;;;;;;;;;;;;;;;;;;;;;;;;;;;;;;;;;;;;;;;;;;;;;;;;;;;;;;;;;;;;;;;;;;;;;;;;;;;;;;;;;;;;;;;;;;;;;;;;;;;;;;;;;;;;;;;;;;;;;;;;;;;;;;;;;;;;;;;;;;;;;;;;;;;;;;;;;;;;;;;;;;;;;;;;;;;;;;;;;;;;;;;;;;;;;;;;;;;;;;;;;;;;;;;;;;;;;;;;;;;;;;;;;;;;;;;;;;;;;;;;;;;;;;;;;;;;;;;;;;;;;;;;;;;;;;;;;;;;;;;;;;;;;;;;;;;;;;;;;;;;;;;;;;;;;;;;;;;;;;;;;;;;;;;;;;;;;;;;;;;;;;;;;;;;;;;;;;;;;;;;;;;;;;;;;;;;;;;;;;;;;;;;;;;;;;;;;;;;;;;;;;;;;;;;;;;;;;;;;;;;;;;;;;;;;;;;;;;;;;;;;;;;;;;;;;;;;;;;;;;;;;;;;;;;;;;;;;;;;;;;;;;;;;;;;;;;;;;;;;;;;;;;;;;;;;;;;;;;;;;;;;;;;;;;;;;;;;;;;;;;;;;;;;;;;;;;;;;;;;;;;;;;;;;;;;;;;;;;;;;;;;;;;;;;;;;;;;;;;;;;;;;;;;;;;;;;;;;;;;;;;;;;;;;;;;;;;;;;;;;;;;;;;;;;;;;;;;;;;;;;;;;;;;;;;;;;;;;;;;;;;;;;;;;;;;;;;;;;;;;;;;;;;;;;;;;;;;;;;;;;;;;;;;;;;;;;;;;;;;;;;;;;;;;;;;;;;;;;;;;;;;;;;;;;;;;;;;;;;;;;;;;;;;;;;;;;;;;;;;;;;;;;;;;;;;;;;;;;;;;;;;;;;;;;
Sibbaldia_procumbens;fe;fe;fe;fe;fr;fe;fr;fe;fe;fe;fe;fe;fe;;fe;fe;fe;;fe;fe;fe;;fe;;;fe;fe;fe;fe;fe;fe;fe;fr;di;fe;fe;fe;fe;fe;;fe;fe;fe;;fe;fe;fe;;fe;fr;;;fe;fe;fe;fe;fe;;;fe;;;;;;;fe;;fe;;;fe;fe;;fe;fe;;fe;;;fe;;fe;fe;fe;;fe;fe;;;;;;fe;fe;;fe;fe;fr;;;;;;;;;;;;;;;;;;;;;;;;;;;;;;;fe;fe;fe;fe;fe;fe;fe;fr;fe;fe;fe;fe;fe;fe;;fe;fe;fe;;fe;fe;fe;;fe;fe;;;fe;fe;fe;bt;fr;fe;fe;fe;fe;fe;fe;fe;fe;;fe;fe;se;;fe;fe;fe;;fe;fe;;fe;fe;fe;fe;fe;;fe;fe;fe;fe;fe;fe;fe;fe;;fe;fe;fe;;fe;fe;fe;;fe;fe;;fe;fe;fe;fe;bt;fr;fe;fe;fe;fe;fe;fr;fe;se;;fe;fe;se;;fe;fe;fe;;fe;fr;;;;;fe;fe;fe;fe;fe;fe;fe;fe;fe;fe;fe;;fe;fe;;;fe;bt;fr;;fe;;;;;;fe;;fe;fe;;;;;;;;;;;;;;;;;;;;fe;fe;fe;fe;fl;fe;fe;fe;fe;fe;fe;fe;fe;fe;;fe;fe;fe;;fe;fe;fe;;fe;fe;;fe;fe;fe;;fe;;;fe;;;fe;;;;;fe;;;fe;fe;;;;;;fe;fe;fe;;fe;fe;fe;fe;fe;fe;fe;fe;fe;;fe;fe;se;;fe;fe;fe;;bt;fr;;fe;fe;fe;;fe;fe;fe;fe;fe;fe;fe;fe;fe;;fe;fe;fe;;fe;fe;fe;;fe;fe;;fe;;fe;;;fe;fe;fe;fe;fe;fe;fe;fe;;fe;fe;fe;;fe;fr;fe;;bt;fr;;;;;;;;;;;;;;;;;;;;;fe;;;fe;fe;;fe;fe;fe;;fr;fe;fe;fe;fe;fe;fe;fe;fe;;fe;fe;fe;;fe;fe;fr;;fe;fr;;fe;fe;fe;;fr;fe;fe;fe;fe;fe;fl;fe;fe;;fe;fe;fe;;fe;fe;fe;;fe;fe;;fe;fe;fe;;fe;fe;fe;fe;fe;fe;fe;fe;fe;;fe;fe;fe;;fe;fe;fr;;fe;fe;;fe;fe;fe;;fe;fe;fe;fe;fe;;fe;fe;fe;;fe;fe;fe;;fe;fe;fe;;fe;fe;;fe;{sous un caillou};fe;;fe;fe;fe;fe;fe;fe;fe;fe;fe;;fe;bt;fr;;fe;fe;fe;;fe;fe;;fe;fe;fe;;fr;fe;fe;fe;fe;fe;fe;fe;fe;;fe;fe;fe;;fe;fl;fe;;fe;fe;;;;fe;fe;;;;fe;fe;fe;;;fe;fe;;;;fe;fe;;fe;fe;;fe;fe;fe;fe;fe;fe;fe;fe;fe;fe;fe;;fl;fe;fe;;fe;fe;fr;;fl;fr;;fl;fe;fe;;fr;di;di;fe;fe;di;di;;fe;fr;di;;fe;fr;fr;;fl;fr;;fl;fr;fe;;fr;;di;fe;fr;di;di;;fl;fr;di;;fe;fr;fr;;fl;fr;;fe;fe;fe;fe;fe;fe;fr;fr;fe;fe;fe;;fe;fe;se;;fe;fe;fe;;fe;fe;;fe;fe;fe;;fe;fe;fl;fe;fe;fe;fe;;fe;fe;fe;;fe;fe;fe;;fe;fe;;fe;fe;fe;;fe;fe;bt;fe;fe;fe;fe;fe;fe;fe;se;;fe;fr;di;;fe;fr;;;;;;;fe;;;;;;;;;;;;;;;;;;fe;fe;fe;;fe;fe;fe;fe;fe;fe;fe;fe;fe;;fe;fe;fe;fe;fr;;fe;fe;;fe;fe;fe;;fe;fe;fe;fr;di;fe;fr;di;fe;;fe;fe;fe;;fe;;fl;fr;;fe;fe;fe;;fe;fe;fe;fe;fe;fe;fe;fe;fe;;fe;fe;fe;;fe;fe;fe;fe;;fe;fe;fe;;fr;fe;bt;fl;di;fe;fe;fe;fe;;fe;fr;fe;;fe;fr;fr;;fl;fr;;fe;fe;fe;;fr;fe;bt;fr;di;fe;fr;fr;di;;fe;fr;di;;fe;fr;fe;;fl;fr;
Silene_acaulis_subsp._acaulis;;;;;;;;;;;;;;;;;;;;;;;fe;fe;;;;;;;;;;;;;;;;;;;;;;;;;;;;;;;;;;;;;;;;;;;;;;;;;;;;;;;;;;;;;;;;;;;;;;;;;;;;;;;;;;;;;;;;;;;;;;;;;;;;;;;;;;;;;;;;;;;;;;;;;;;;;;;;;;;;;;;;;;;;;;;;;;;;;;;;;;;;;;;;;;;;;;;;;;;;;;;;;;;;;;;;;;;;;;;;;;;;;;;;;;;;;;;;;;;;;;;;;;;;;;;;;;;;;;;;;;;;;;;;;;;;;;;;;;;;;;;;;;;;;;;;;;;;;;;;;;;;;;;;;;;;;;;;;;;;;;;;;;;;;;;;;;;;;;;;;;;;;;;;;;;;;;;;;;;;;;;;;;;;;;;;;;;;;;;;;;;;;;;;;;;;;;;;;;;;;;;;;;;;;;;;;;;;;;;;;;;;;;;;;;;;;;;;;;;;;;;;;;;;;;;;;;;;;;;;;;;;;;;;;;;;;;;;;;;;;;;;;;;;;;;;;;;;;;;;;;;;;;;;;;;;;;;;;;;;;;;;;;;;;;;;;;;;;;;;;;;;;;;;;;;;;;;;;;;;;;;;;;;;;;;;;;;;;;;;;;;;;;;;;;;;;;;;;fe;;;;;;;;;;;;;;;;;;;fr;fe;fe;di;se;fe;fr;fr;di;;bt;fe;fe;;fe;fe;fe;;fe;fe;;fe;fl;fe;;fr;di;se;fe;fr;fe;fe;;fe;fr;fe;;fe;fe;fe;;fe;;;;;;;;;;;;;;;;;;;;;;;;;;;;;;;;;;;;;;;;;;;;;;;;;;;;;;;;;;;;;;;;;;;;;;;;;;;;;;;;;;;;;;;;;;;;;;;;;;;;;;;;;;;;;;;;;;;;;;;;;;;;;;;;;;;;;;;;;;;;;;;;;;;;;;;;;;;;;;;;;;;;;;;;;;;;;;;;;;;;;;;;;;;;;;;;;;;;;;;;;;;;;;;;;;;;;;;;;;;;;;;;;;;;;;;;;;;;
Silene_rupestris;;;;;;;;;;;;;;;;;;;;;;;;;;;;;;;;;;;;;;;;;;;;;;;;;;;;;;;;;;;;;;;;;;;;;;;;;;;;;;;;;;;;;;;;;;;;;;;;;;;;;;;;;;;;;;;;;;;;;;;;;;;;;;;;;;;;;;;;;;;;;;;;;;;;;;;;;;;;;;;;;;;;;;;;;;;;;;;;;;;;;;;;;;;;;;;;;;;;;;;;;;;;;;;;;;;;;;;;;;;;;;;;;;;;;;;;;;;;;;;;;;;;;;;;;;;;;;;;;;;;;;;;;;;;;;;;;;;;;;;;;;;;;;;;;;;;;;;;;;;;;;;;;;;;;;;;;;;;;;;;;;;;;;;;;;;;;;;;;;;;;;;;;;;;;;;;;;;;;;;;;;;;;;;;;;;;;;;;;;;;;;;;;;;;;;;;;;;;;;;;;;;;;;;;;;;;;;;;;;;;;;;;;;;;;;;;;;;;;;;;;;;;;;;;;;;;;;;;;;;;;;;;;;;;;;;;;;;;;;;;;;;;;;;;;;;;;;;;;;;;;;;;;;;;;;;;;;;;;;;;;;;;;;;;;;;;;;;;;;;;;;;;;;;;;;;;;;;;;;;;;;;;;;;;;;;;;;;;;;;;;;;;;;;;;;;;;;;;;;;;;;;;;;;;;;;;fl;;;fr;di;fe;fl;fr;di;;;fl;;;;;fl;;;;;;;;;;;;;;;;;;;;;;;;;;;;;;;;;;;;;;;;;;;;;;;;;;;;;;;;;;;;;;;;;;;;;;;;;;;;;;;;;;;;;;;;;;;;;;;;;;;;;;;;;;;;;;;;;;;;;;;;;;;;bt;;fe;fr;di;fe;fl;fr;di;;fr;;fe;bt;fr;;fe;fl;;;;;;;;;;;;;;;;;;;;;;;;;;;;;;;;;;;;;;;;;;;;;;;;;;;;;;;;;;;;;;;;;;;;;;;;;;;;;;;;;;;;;;;;;;;;;;;;;;;;;;;;;;;;;;;;;;;;;;;;
Soldanella_alpina;;;;;;fe;;;fe;fe;;;;;fe;fe;fe;;fe;fe;fe;;;;;;;;;;;;;;;;;;;;;;;;;;;;;;;;;;;;;fe;;;;;;;;;;;;;;;;;;;;;;;;;;;;;;;;;;;;;;;;;;;;;;;;;;;;;;;;;;;;;;;;;;;;;;;;;;;;;;;;;;;;;;;;;;;;;;;;;;;;;;;;;;;;;;;;;;;;;;;;;;;;;;;;;;;;;;;;;;;;;;;;;;;;;;;;;;;;;;;;;;;;;;;;;;;;;;;;;;;;;;;;;;;;;;;;;;;;;;;;;;;;;;;;;;;;;;;;;;;;;;;;;;;;;;;;;;;;;;;;;;;;;;;;;;;;;;;;;;;;;;;;;;;;;;;;;;;;;;;;;;;;fe;;;;;;;;;;;;;fe;fe;fe;;fe;fe;;;;fe;;fe;fe;;fe;fe;fe;fe;fe;;;fe;fe;fe;;fe;fe;fe;;fe;fe;;;;bt;;fe;fe;fe;;fe;fl;fr;fe;fe;;fe;fe;fe;;fe;fe;fe;;fe;fe;;;;fe;;;fe;;;;;;fe;fe;;;fe;fe;;fe;fe;fe;;fe;;;;;;;;;;;;;;;;;;;;;;;;;;;;;;;;;;;;;;;;;;;;;;;;;;;;;;;fe;;;fe;fe;;;fe;fe;fe;fe;;;;;;fe;;;;;;;fe;fe;fe;;fe;fe;;fe;fe;fl;di;;;;;;;;fe;fe;fe;;fe;fe;;;;;;;;;;;;;;;;;;;;;;;;;;;;;;;;;;;;;;;;;;;;;;;;;;;;;;;;;;;;;;;;;;;;;;;;;;;;;;;;;;;;;;;;;;;;;;;;;;;;;;;;;;;;;;;;;;;;;;;;;;;;;;;;;;;;;;;;;;;;;;;;;;;;;;;;;;;;;;;;;;;;;;;;;;;;;;;;;fe;;;;fe;;;;;;fe;;;;;;;;;;;;;;;;;;;;;;;;;;;;;;;;;;;;;;;;;;fe;;;;;;;;;;;;;;;;;;;;;;;;;;;;;;;;;;;;;;;;;;;;;;;;;;;;;;;;;;;;;;;;;;;;;;;;;;;;;;;;;;;;;;;;;;;;;;fe;;;;;fe;;;;;;;;;;;;;;;;;;;;;;;;;;
Taraxacum_pyrenaicum;;;;;;;;;;;;;;;;;;;;;;;;;;;;;;;;;;;;;;;;;;;;;;;;;;;;;;;;;;;;;;;;;;;;;;;;;;;;;;;;;;;;;;;;;;;;;;;;;;;;;;;;;;fe;;;;;;;;;;;;;;;;;;;;;;;;;;;;;;;;;;;;;;;;;;;;;;;;;;;;;;;;;;;;;;;;;;;;;;;;;;;;;;;;;;;;;;;;;;;;;;;;;;;;;;;;;;;;;;;;;;;;;;;;;;;;;;;;;;;;;;;;;;;;;;;;;;;;;;;;;;;fe;fe;;fe;;;fe;;;;;;;;;;;;;;fe;;fe;fe;;;;fe;;;fe;fe;fe;fl;fr;fe;fe;fe;fe;;fe;fe;fe;;;fe;fe;;fe;fe;;;;;;;;;;;;;;;;;;;;;;;;;;;;;;;;;;;;;;;;;;;;;;;;;;;;;;;;;;;;;;;;;;;;;;;;;;;;;;;;;;;;;;;;;;;;;;;;;;;;;;;;;;;;;;;;;;;;;;;;;;;;;;;;;;;;;;;;;;;;;;;;;;;;;;;;;;;;;;;;;;;;;;;;;;;;;;;;;;;;;;;;;;;;;;;;;;;;;;;;;;;;;;;;;;;;;;;;;;;;;;;;;;;;;;;;;;;;;;;;;;;;;;;;;;;;;;;;;;;;;;;;;;;;;;;;;;;;;;;;;;;;;;;;;;;;;;;;;;;;;;;;;;;;;;;;;;;;;;;;;;;;;;;;;;;;;;;;;;;;;;;;;;;;;;;;;;;;;;;;;;;;;;;;;;;;;;;;;;;;;;;;;;;;;;;;;;;;;;;;;;;;;;;;;;;;;;;;;;;;;;;;;;;;;;;;;;;;;;;;;;;;;;;;;;;;;;;;;;;;;;;;;;;;;;;;;;;;;;;;;;;;;;;;;;;;;;;;;;;;;;;;;;;;;;;;;;;;;;;;;;;;;;;;;;;;;;;;;;;;;;;;;;;;;;;;;;;;;;;;;;;;;;;;;;;;;;;;;;;
Trifolium_alpinum;;;;;;;;;fe;;;;;;;;;;;;;;;;;;fe;;;;;;;;;;;;;;;fe;;;fe;fe;fe;;fe;fe;;;fe;fe;fe;fe;fe;fe;bt;fe;fe;fe;bt;fe;fe;;fe;fe;fe;;fe;fe;fe;;fe;bt;;;;;;;;;;;fl;;fe;fe;fe;;fe;fe;fe;;fe;fe;fe;;fe;fe;;;fe;fe;fe;fe;fe;fe;bt;fe;fe;fe;fl;fe;fe;;fe;fe;fe;;fe;fe;fe;;fe;fe;;;;;fe;fe;fe;;bt;fe;fe;;fe;fe;fe;;fe;fe;fe;;fe;fe;fe;;fe;fl;;;;;;;;;;;;;;;;;;;;;;;;;;;;;fe;fe;fe;fe;fl;fe;fe;fr;fr;;fe;fl;fe;;fe;fe;fe;;fe;fe;fe;;fe;fe;;;fe;fe;;;;;bt;;fe;;;;fe;;fe;fe;fe;;;fe;fe;;fe;fe;;fe;fe;fe;fe;;fe;fe;fe;fe;fe;fe;fe;fe;fe;;fe;fe;fe;;fe;fe;;;fe;fe;;fe;fe;fe;;fe;fe;fe;fl;;fe;;fe;fe;fe;;fe;;fe;;;fe;fe;;fe;fe;;;;;fe;;fe;fe;fl;fe;fe;;fe;fe;fe;;fe;fe;fe;;;fe;;;;;;;;;;;;;;fe;;;fe;;;;;fe;;;fe;fe;;;fe;;fe;fe;fe;;fe;;bt;fl;fe;;;;fe;;fe;fe;fe;;;fe;fe;;;;;;;;;;;fe;;;;;;;;;;;;;;;;fe;fe;;fe;fe;fe;;fe;fe;fe;fl;fe;fe;fe;fe;fe;;fe;fe;fe;;;fe;fe;;fe;fe;;;;fe;;;;;;;;;;;;;;;;;fe;;;fe;;;;;;;;;;;;;;;;;;;;;;;;;;;;fe;fe;fe;;fe;fe;fe;fe;fe;fe;bt;fe;fe;;fe;fe;fe;;fe;fe;fe;;fe;fe;;fe;fl;;;fe;fe;fl;fe;fe;fe;fe;fe;fe;;fe;bt;fe;;fe;bt;bt;;fe;fe;;;;;;;;;;;;;;;;;;;;;;;;;;;;;;;;;;fe;fe;;fe;fe;fe;;fe;fe;fe;;fe;fe;fe;;fe;fe;;fe;fe;fe;;fe;fe;fe;fe;fe;fe;fe;fe;fe;;fe;fe;fe;;fe;fe;fe;;fe;fe;;;;fe;;fe;fe;fe;;fe;fe;fe;;fe;fe;fe;;fe;fe;fe;;fe;fe;;fe;fe;fe;fe;fe;fe;fe;fe;fe;fe;fe;;fe;fe;fe;;fe;fe;fe;;fe;fr;;;;;;;;;;;fe;;;;;;;;;;;fe;;;fe;fe;;;fl;fe;fe;fe;bt;fl;di;;fe;fe;fe;;fe;bt;fe;;fe;fl;;fe;fe;fe;fe;fl;fe;bt;fl;bt;fe;fe;;bt;fe;fl;;fe;fe;fl;;fe;fl;;fe;fe;fe;;fe;fe;fe;fe;bt;fe;fe;;fe;fe;fe;;fe;fe;fe;;fe;fe;;fe;fe;;;;;;fe;fe;;;;fe;fe;fe;;;fe;fe;;fe;fe;;;;;;;;;;;;;;;;;;;;;;;;;;;;;;;;;;;;;;;;fe;fe;fe;fe;;fe;fe;;;;;;;;;;;;;;;;;;;;;;;;;;;;;;;;;;;;;;;;;;;;;;;;fe;fe;fe;;fe;fe;fe;fe;fe;fe;fe;fe;fe;;fe;fe;fe;;fe;fe;fe;;fe;fe;;fe;fl;fe;;fe;;;;;fe;bt;fe;fe;;fe;fe;fe;;fe;fe;fe;;fl;fr;
Trifolium_thalii;;;;;;;;;;;;;;;;;;;;;;;;;;;;;;;;fe;fl;fr;;;fe;fe;fe;;fe;fl;;;;;;;;fe;;;;;;;;;;;;;;;;;;;;;;;;;;;;;;;;;;fe;fe;fr;di;;;;;;fe;fe;;;fe;fe;fe;;fe;bt;;;;;;;;;;;;;;;;;;;;;;;;;;;;;fe;fe;;fe;fe;fe;fl;fr;di;;fl;fl;di;;fe;fl;fe;;fe;fe;fe;;fe;fe;;;;;;;;;;;;;;;;;;;;;;;;;;;;;;;;fe;;fe;fe;;;;fl;fr;di;;fe;fr;fe;;fe;fe;fe;;fe;fl;;;;;;fe;fe;;;;;;;;;;;;;;;;;;;;;;;;;;;;;;;;;;;;;;;;;;;;;;;;;;;;;;;;;;;;;;;;;;;;;;;;;;fe;fe;;fe;fe;fe;fl;fr;fe;;fe;fe;fe;;fe;fe;fe;;fe;fe;fe;;fe;fe;;;;;;;;;;;;;;;;;;;;;;;;;;;fe;fe;;;fe;fe;fl;fl;fe;;;;;;;fe;fe;;fe;fe;fe;;;fe;;;;;;;;;;;;;;;;;;;;;;;;;;;;;;;fe;fe;fe;fe;fe;;fl;fe;fe;;fe;fl;fe;;fe;fe;fe;;fe;fl;;fe;fe;;;fe;fe;fl;fr;di;;fe;fe;fe;;fe;fe;fl;;fe;fl;fe;;fe;fe;;;;;;;;fl;;;;;;se;;;;;;fe;fe;fe;;;fe;;;;;;;;;;;;;;;;;;;;;;;;;;;;;;;;;;;;;;;;;;;;;;;;;;;;fe;fe;;;fe;;;;;;;;;;;fl;;;;;;;fe;;;fe;fe;;;;;;;;;;;;;;;;;;;;;;;;;;;;fe;;;;;;;;;;;;;;;fe;;;;;;;;;fe;fe;fl;di;fe;fe;fe;fe;;fe;fe;fe;;fe;fe;fe;;fe;fl;;fe;fe;fr;fe;fl;di;fe;;fl;fe;di;;fe;fe;fe;;fe;fe;fe;;fe;fe;;fe;fe;fe;;fl;di;fe;fe;fl;fr;fe;;fe;fe;fe;;;fe;fe;;fe;fl;;;;;;;;;;;;;;;;;;;;;;;;;;;;;;;;;;;;;;;;;;;;;;;;;;;;;;;;;;;;;;;;;;;;;;;;;;;;;;;;;;;;;;;;;;;;;;;;;;;;;;;;;;;;;;;fe;;;;;;;fe;fe;;fe;fe;fe;fe;fe;fe;fe;fe;fe;;fe;fe;fe;fe;fe;;fe;fr;;;;;;;;;;;;;;;;;;;;;;;;;;;;;;;;;;;;;;;;;;;;;;;;;;;;;;;;;;;;;;;;;;;;;;;;;;;;;;;;;;;;;;;;;;;;;;;;;
Vaccinium_myrtillus;;;;;;;;;;;;;;;;;;;;;;;;;;;;;;;;;;;;;;;;;;;;;;;;;;;;;;;;;;;;;;;;;;;;;;;;;;;;;;;;;;;;;;;;;;;;;;;;;;;;;;;;;;;;;;;;;;;;;;;;;;;;;;;;;;;;;;;;;;;;;;;;;;;;;;;;;;;;;;;;;;;;;;;;;;;;;;;;;;;;;;;;;;;;;;;;;;;;;;;;;;;;;;;;;;;;;;;;;;;;;;;;;;;;;;;;;;;;;;;;;;;;;;;;;;;;;;;;;;;;;;;;;;;;;;;;;;;;;;;;;;;;;;;;;;;;;;;;;;;;;;;;;;;;;;;;;;;;;;;;;;;;;;;;;;;;;;;;;;;;;;;;;;;;;;;;;;;;;;;;;;;;;;;;;;;;;;;;;;;;;;;;;;;;;;;;;;;;;;;;;;;;;;;;;;;;;;;;;;;;;;;;;;;;;;;;;;;;;;;;;;;;;;;;;;;;;;;;;;;;;;;;;;;;;;;;;;;;;;;;;;;;;;;;;;;;;;;;;;;;;;;;;;;;;;;;;;;;;;;;;;;;;;;;;;;;;;;;;;;;;;;;;;;;;;;;;;;;;;;;;;;;;;;;;;;;;;;;;;;;;;;;;;;;;;;;;;;;;;;;;;;;;;;;;;;;;;;;;;;;;;;;;;;;;;;;;;;;;;;;;;;;;;;;;;;;;;;;;;;;;;;;;;;;;;;;;;;;;;;;;;;;;;;;;;;;;;;;;;;;;;;;;;;;;;;;;;;;;;;;;;;;;;;;;;;;;;;;;;;;;;;;;;;;;;;;;;;;;;;;;;;;;;;;;;;;;;;;;;;;;;;;;;;;;;;;;;;;;;;;;;;;;;;;;;;;;;;;;;;;;;;;;;;;;;;;;;;;;;;;;;;;;;;;;;;;;;;;;;;;;;;;;;;;;;;;;;;;;;;;;;;;;;;;;
Veronica_alpina;;;;fe;fe;fe;bt;fr;fe;fe;fl;fr;fe;;fe;fe;fe;;;fl;fr;;;;;;;;fe;fl;fr;fe;fr;fr;fr;fe;fl;fr;di;;fe;fr;di;;;fl;di;;bt;fr;;;fe;fl;fe;bt;fr;fe;fr;fr;fe;;fl;di;di;;fe;fr;di;;;bt;fr;;fe;fr;;fe;fe;fe;fe;bt;fr;fe;fr;fr;di;fe;fl;di;di;;fe;fr;di;;fe;bt;fr;;bt;fr;;;;;fe;bt;fr;fe;fe;fe;fe;;fl;fr;di;;fe;;fe;;;fe;fe;;fe;fr;;;fe;fe;fe;fe;fr;fe;fr;fr;di;;fl;fr;;;;;fe;;;fe;fe;;fe;fe;;;;;;fe;fr;fe;fr;fr;di;fe;fl;fr;di;;fe;fe;fe;;;fe;fe;;fe;fl;;;fe;fr;fe;bt;fr;fe;fr;fr;se;fe;fe;fe;fe;;;;;;;bt;di;;fe;fr;;fe;fe;fr;fe;bt;fr;fe;fr;di;se;;fr;fr;di;;fe;fr;di;;fe;fl;fr;;fe;fr;;;;;fe;bt;fr;fe;fr;di;fe;fe;fl;fr;di;;fe;fr;fe;;fe;fl;fr;;fe;fr;;;fe;fr;fe;bt;fr;fe;fr;di;se;fe;fr;di;di;;fe;fe;fe;;fe;br;fr;;fe;fr;;;;fl;fe;fe;fr;fe;fl;fr;di;;fl;fr;di;;fe;fe;fe;;fe;fl;fr;;fe;fr;;;;fe;;fe;;fe;;;;fe;fe;;;;fe;fe;;fe;br;fe;;fe;fr;;;;fe;;fe;fe;fr;fr;di;fe;fe;fe;fe;;fe;fr;di;;fe;bt;di;;bt;fr;;fe;fe;;;fe;fe;fr;fr;di;;fl;fe;fe;;fe;fe;fe;;fe;bt;fe;;bt;fe;;;fe;fe;;fr;fe;fr;fr;;;fr;di;di;;fe;fe;fe;;fe;fe;fe;;fe;fr;;fe;fl;fe;;fr;;fr;di;di;;fr;fr;di;;fe;fr;di;;;bt;fr;;bt;fr;;;;fe;;fe;fe;fe;fe;fe;;fr;fr;di;;fe;fe;fe;;fe;fe;fe;;fe;fr;;;;fe;;fe;fe;fe;fe;;;fr;fr;di;;;fl;;;fe;fl;di;;fe;;;;;fe;;fe;fe;fe;bt;fe;;fr;fr;di;;fe;fe;fe;;fe;fl;fe;;bt;fr;;;;fe;;fe;fe;fl;fe;fe;fe;fe;di;fe;;;fe;fe;;fe;bt;fr;;fe;fr;;fe;fl;;;fr;fe;fr;fr;di;fe;fr;fr;di;;fe;fr;di;;fe;fl;fr;;fe;fl;;;;fe;;fr;fe;fe;fl;fe;;fe;fe;fe;;fe;fe;fe;;fe;fl;di;;fe;fr;;;;fr;fe;fl;di;fe;;fr;di;;;fe;fr;di;;fe;fe;di;;fe;fr;;;;;;;;;;;di;di;;;fe;;;;;di;;bt;fe;;;;;;fr;di;di;;fr;di;di;;;;fe;;fe;fr;fr;;fe;fr;;fe;fr;fe;;fe;fe;di;fe;fr;di;di;;bt;fr;di;;fe;fl;fe;;bt;fr;;fe;fe;fe;fe;fr;fe;fr;fr;fr;fr;di;;fe;fr;fe;;fe;bt;fr;;fe;fr;;;;fe;;fe;fe;fr;fr;fe;fe;di;;;;;;fe;bt;fr;;bt;fe;;;;fe;;fe;fe;fr;fr;di;fe;fl;di;fe;fr;fe;;fe;fl;di;;bt;fr;;;;;;;;fe;fe;fe;;fr;di;fe;;fe;;fe;fe;fe;;fe;fr;;;;;;;fe;fr;;;fe;fe;fe;di;;fe;fe;fe;fe;fe;;fe;fe;;;;;;;;;;;;;;;;;;;;;;fe;fe;;;;;;fe;;fe;fe;fe;;fe;fe;fe;;fe;fe;fe;;fe;bt;fe;fe;;fe;fe;fe;;fe;fe;fr;fe;fe;fe;fr;di;di;;fe;fr;fe;;fe;fl;di;;bt;fr;;fe;fr;fe;;fr;fe;fr;fr;di;fe;fr;fr;di;;fe;fr;fe;;fe;fl;fr;;fe;fr;
